{
"type": "FeatureCollection",
"name": "manzanas_castilla",
"crs": { "type": "name", "properties": { "name": "urn:ogc:def:crs:EPSG::3116" } },
"features": [
{ "type": "Feature", "properties": { "element": "relation", "id": 1543172, "addr:city": null, "addr:street": null, "alt_name": null, "brand:wikidata": null, "brand:wikipedia": null, "building": "residential", "name": null, "operator": null, "shop": null, "amenity": null, "check_date": null, "denomination": null, "religion": null, "building:levels": "5", "source": null, "addr:housenumber": null, "phone": null, "layer": null, "addr:unit": null, "healthcare": null, "addr:postcode": null, "operator:wikidata": null, "waste": null, "building:flats": null, "community_centre": null, "healthcare:speciality": null, "type": "multipolygon", "bus": null, "internet_access": null, "public_transport": null, "wheelchair": null, "wikidata": null, "wikipedia": null, "network": null }, "geometry": { "type": "Polygon", "coordinates": [ [ [ 993531.449242323171347, 1005952.722777926246636 ], [ 993526.810952314641327, 1005948.521058679558337 ], [ 993529.484741904772818, 1005945.61254111432936 ], [ 993534.189610757632181, 1005949.880604005418718 ], [ 993544.196907489327714, 1005938.987488882848993 ], [ 993529.194589410442859, 1005925.398242946597748 ], [ 993519.686548407422379, 1005935.749468700611033 ], [ 993524.347032494610175, 1005939.973302020225674 ], [ 993521.029757112613879, 1005943.567479031160474 ], [ 993516.679971580510028, 1005939.620074295904487 ], [ 993507.216312530566938, 1005949.927065320429392 ], [ 993521.852449070429429, 1005963.18459248112049 ], [ 993531.449242323171347, 1005952.722777926246636 ] ], [ [ 993530.083544439752586, 1005941.277691772789694 ], [ 993527.320518325432204, 1005938.469146355288103 ], [ 993530.748770795529708, 1005935.129298217012547 ], [ 993533.522892459877767, 1005937.937842837884091 ], [ 993530.083544439752586, 1005941.277691772789694 ] ], [ [ 993515.293993183528073, 1005951.308667323901318 ], [ 993518.600155050051399, 1005947.504385874723084 ], [ 993521.629457203205675, 1005950.102803893503733 ], [ 993518.32329530257266, 1005953.90708521718625 ], [ 993515.293993183528073, 1005951.308667323901318 ] ] ] } },
{ "type": "Feature", "properties": { "element": "relation", "id": 1543173, "addr:city": null, "addr:street": null, "alt_name": null, "brand:wikidata": null, "brand:wikipedia": null, "building": "residential", "name": "Interior 4", "operator": null, "shop": null, "amenity": null, "check_date": null, "denomination": null, "religion": null, "building:levels": "5", "source": null, "addr:housenumber": null, "phone": null, "layer": null, "addr:unit": null, "healthcare": null, "addr:postcode": null, "operator:wikidata": null, "waste": null, "building:flats": null, "community_centre": null, "healthcare:speciality": null, "type": "multipolygon", "bus": null, "internet_access": null, "public_transport": null, "wheelchair": null, "wikidata": null, "wikipedia": null, "network": null }, "geometry": { "type": "Polygon", "coordinates": [ [ [ 993541.475445450632833, 1005901.953925032867119 ], [ 993530.767398886731826, 1005891.936111946008168 ], [ 993527.217127047944814, 1005895.685122122871689 ], [ 993524.099031994701363, 1005892.766024506068788 ], [ 993527.460695610730909, 1005889.216076689306647 ], [ 993516.907995352405123, 1005879.342008780804463 ], [ 993503.494624999933876, 1005893.486509159905836 ], [ 993514.002939171623439, 1005903.316346315434203 ], [ 993517.531021648203023, 1005899.600511843687855 ], [ 993520.549249288742431, 1005902.431152151082642 ], [ 993516.965693550067954, 1005906.202281890320592 ], [ 993527.817994156153873, 1005916.363837341079488 ], [ 993541.475445450632833, 1005901.953925032867119 ] ], [ [ 993515.366979539743625, 1005894.67980821384117 ], [ 993512.670541132916696, 1005892.070304746739566 ], [ 993515.366536091081798, 1005889.316599204787053 ], [ 993518.062975411652587, 1005891.937160925706849 ], [ 993515.366979539743625, 1005894.67980821384117 ] ], [ [ 993527.717278054915369, 1005905.991288746823557 ], [ 993524.88768819370307, 1005903.315446872846223 ], [ 993527.45054279093165, 1005900.639159872662276 ], [ 993530.280132656102069, 1005903.315001837094314 ], [ 993527.717278054915369, 1005905.991288746823557 ] ] ] } },
{ "type": "Feature", "properties": { "element": "relation", "id": 1543174, "addr:city": null, "addr:street": null, "alt_name": null, "brand:wikidata": null, "brand:wikipedia": null, "building": "residential", "name": null, "operator": null, "shop": null, "amenity": null, "check_date": null, "denomination": null, "religion": null, "building:levels": "5", "source": null, "addr:housenumber": null, "phone": null, "layer": null, "addr:unit": null, "healthcare": null, "addr:postcode": null, "operator:wikidata": null, "waste": null, "building:flats": null, "community_centre": null, "healthcare:speciality": null, "type": "multipolygon", "bus": null, "internet_access": null, "public_transport": null, "wheelchair": null, "wikidata": null, "wikipedia": null, "network": null }, "geometry": { "type": "Polygon", "coordinates": [ [ [ 993681.155906796455383, 1005882.037853596266359 ], [ 993670.447875625337474, 1005872.020021677133627 ], [ 993666.897596275201067, 1005875.769025417976081 ], [ 993663.779505707789212, 1005872.849922317196615 ], [ 993667.141176437726244, 1005869.29998059454374 ], [ 993656.588491350528784, 1005859.425894127925858 ], [ 993643.175092655234039, 1005873.570370189961977 ], [ 993653.683391724945977, 1005883.400225825724192 ], [ 993657.211481645819731, 1005879.684397749952041 ], [ 993660.229704936384223, 1005882.515043365419842 ], [ 993656.646142532001249, 1005886.297224770882167 ], [ 993667.498426629812457, 1005896.447741144686006 ], [ 993681.155906796455383, 1005882.037853596266359 ] ], [ [ 993655.047447815653868, 1005874.763690393418074 ], [ 993652.351013440173119, 1005872.154182186583057 ], [ 993655.047014830401167, 1005869.411539692548104 ], [ 993657.743449206813239, 1005872.021047990536317 ], [ 993655.047447815653868, 1005874.763690393418074 ] ], [ [ 993667.408824576297775, 1005886.075191757176071 ], [ 993664.568143267184496, 1005883.399345803656615 ], [ 993667.131003233254887, 1005880.723063448676839 ], [ 993669.971684548072517, 1005883.398909493465908 ], [ 993667.408824576297775, 1005886.075191757176071 ] ] ] } },
{ "type": "Feature", "properties": { "element": "relation", "id": 1543175, "addr:city": null, "addr:street": null, "alt_name": null, "brand:wikidata": null, "brand:wikipedia": null, "building": "residential", "name": null, "operator": null, "shop": null, "amenity": null, "check_date": null, "denomination": null, "religion": null, "building:levels": "5", "source": null, "addr:housenumber": null, "phone": null, "layer": null, "addr:unit": null, "healthcare": null, "addr:postcode": null, "operator:wikidata": null, "waste": null, "building:flats": null, "community_centre": null, "healthcare:speciality": null, "type": "multipolygon", "bus": null, "internet_access": null, "public_transport": null, "wheelchair": null, "wikidata": null, "wikipedia": null, "network": null }, "geometry": { "type": "Polygon", "coordinates": [ [ [ 993637.175075130769983, 1005906.66793786722701 ], [ 993632.536788172437809, 1005902.466212453437038 ], [ 993635.199487665551715, 1005899.557699496275745 ], [ 993639.915448979707435, 1005903.825767742353491 ], [ 993649.911670621251687, 1005892.932667393586598 ], [ 993634.920457970467396, 1005879.343400612589903 ], [ 993625.412397514563054, 1005889.694613183033653 ], [ 993630.0617820690386, 1005893.90739543735981 ], [ 993626.755596386734396, 1005897.512625110801309 ], [ 993622.394718160503544, 1005893.565215494600125 ], [ 993612.942135305609554, 1005903.872192493756302 ], [ 993627.578262222232297, 1005917.129739114549011 ], [ 993637.175075130769983, 1005906.66793786722701 ] ], [ [ 993635.809391084359959, 1005895.211792027112097 ], [ 993633.035271634929813, 1005892.403243845445104 ], [ 993636.474627051269636, 1005889.074457711540163 ], [ 993639.237650030758232, 1005891.871948749292642 ], [ 993635.809391084359959, 1005895.211792027112097 ] ], [ [ 993621.019817794440314, 1005905.242747244425118 ], [ 993624.325987603049725, 1005901.449528548051603 ], [ 993627.355287961661816, 1005904.047950598760508 ], [ 993624.049119018251076, 1005907.8522273323033 ], [ 993621.019817794440314, 1005905.242747244425118 ] ] ] } },
{ "type": "Feature", "properties": { "element": "relation", "id": 1543176, "addr:city": null, "addr:street": null, "alt_name": null, "brand:wikidata": null, "brand:wikipedia": null, "building": "residential", "name": null, "operator": null, "shop": null, "amenity": null, "check_date": null, "denomination": null, "religion": null, "building:levels": "5", "source": null, "addr:housenumber": null, "phone": null, "layer": null, "addr:unit": null, "healthcare": null, "addr:postcode": null, "operator:wikidata": null, "waste": null, "building:flats": null, "community_centre": null, "healthcare:speciality": null, "type": "multipolygon", "bus": null, "internet_access": null, "public_transport": null, "wheelchair": null, "wikidata": null, "wikipedia": null, "network": null }, "geometry": { "type": "Polygon", "coordinates": [ [ [ 993420.143022940959781, 1006005.368896145373583 ], [ 993409.43497461930383, 1005995.351099343504757 ], [ 993405.8847132549854, 1005999.100115245673805 ], [ 993402.755521202809177, 1005996.169965140987188 ], [ 993406.128271384048276, 1005992.631069132592529 ], [ 993395.575568455969915, 1005982.74595910939388 ], [ 993382.162237649317831, 1005996.890481119393371 ], [ 993392.670554483542219, 1006006.731360456673428 ], [ 993396.187531012692489, 1006003.015521230176091 ], [ 993399.216854710946791, 1006005.846156013081782 ], [ 993395.633309524739161, 1006009.617291530943476 ], [ 993406.485611001378857, 1006019.76777231390588 ], [ 993420.143022940959781, 1006005.368896145373583 ] ], [ [ 993394.034579567494802, 1005998.094819823396392 ], [ 993391.327044099103659, 1005995.474263224750757 ], [ 993394.034127730294131, 1005992.731610567541793 ], [ 993396.730567650170997, 1005995.35216819238849 ], [ 993394.034579567494802, 1005998.094819823396392 ] ], [ [ 993406.384879733086564, 1006009.406281562405638 ], [ 993403.555288431700319, 1006006.719385827076621 ], [ 993406.118135513854213, 1006004.043094695080072 ], [ 993408.947726821526885, 1006006.729990521096624 ], [ 993406.384879733086564, 1006009.406281562405638 ] ] ] } },
{ "type": "Feature", "properties": { "element": "relation", "id": 1543177, "addr:city": null, "addr:street": null, "alt_name": null, "brand:wikidata": null, "brand:wikipedia": null, "building": "residential", "name": null, "operator": null, "shop": null, "amenity": null, "check_date": null, "denomination": null, "religion": null, "building:levels": "5", "source": null, "addr:housenumber": null, "phone": null, "layer": null, "addr:unit": null, "healthcare": null, "addr:postcode": null, "operator:wikidata": null, "waste": null, "building:flats": null, "community_centre": null, "healthcare:speciality": null, "type": "multipolygon", "bus": null, "internet_access": null, "public_transport": null, "wheelchair": null, "wikidata": null, "wikipedia": null, "network": null }, "geometry": { "type": "Polygon", "coordinates": [ [ [ 993627.785012306878343, 1005867.09153572563082 ], [ 993617.07697221019771, 1005857.073711022385396 ], [ 993613.526694697095081, 1005860.822717187693343 ], [ 993610.40860152838286, 1005857.903616188326851 ], [ 993613.770270521519706, 1005854.353672169730999 ], [ 993603.217576638562605, 1005844.479592813993804 ], [ 993589.804184864624403, 1005858.624078036751598 ], [ 993600.312492688768543, 1005868.453926591784693 ], [ 993603.84058079496026, 1005864.738096106448211 ], [ 993606.858806605800055, 1005867.56873968790751 ], [ 993603.275246052886359, 1005871.35092354088556 ], [ 993614.127539192442782, 1005881.501432601828128 ], [ 993627.785012306878343, 1005867.09153572563082 ] ], [ [ 993601.676543197361752, 1005859.817390194628388 ], [ 993598.980106515693478, 1005857.207883804570884 ], [ 993601.676106582861394, 1005854.465239469544031 ], [ 993604.372543263947591, 1005857.074745950871147 ], [ 993601.676543197361752, 1005859.817390194628388 ] ], [ [ 993614.026834519812837, 1005871.128884131088853 ], [ 993611.197246399708092, 1005868.453039188287221 ], [ 993613.760105059598573, 1005865.776755083119497 ], [ 993616.589693185058422, 1005868.45260011672508 ], [ 993614.026834519812837, 1005871.128884131088853 ] ] ] } },
{ "type": "Feature", "properties": { "element": "relation", "id": 1543178, "addr:city": null, "addr:street": null, "alt_name": null, "brand:wikidata": null, "brand:wikipedia": null, "building": "residential", "name": null, "operator": null, "shop": null, "amenity": null, "check_date": null, "denomination": null, "religion": null, "building:levels": "5", "source": null, "addr:housenumber": null, "phone": null, "layer": null, "addr:unit": null, "healthcare": null, "addr:postcode": null, "operator:wikidata": null, "waste": null, "building:flats": null, "community_centre": null, "healthcare:speciality": null, "type": "multipolygon", "bus": null, "internet_access": null, "public_transport": null, "wheelchair": null, "wikidata": null, "wikipedia": null, "network": null }, "geometry": { "type": "Polygon", "coordinates": [ [ [ 993472.662190085742623, 1005919.243531083222479 ], [ 993468.023894925951026, 1005915.041815284639597 ], [ 993470.697683518752456, 1005912.133295727078803 ], [ 993475.40255760110449, 1005916.401355120353401 ], [ 993485.409850595053285, 1005905.50823254045099 ], [ 993470.407515855040401, 1005891.918997757486068 ], [ 993460.899478405248374, 1005902.27023059676867 ], [ 993465.559966748347506, 1005906.483002288616262 ], [ 993462.242693513166159, 1005910.088239934528247 ], [ 993457.892903147963807, 1005906.140838432940654 ], [ 993448.42924763483461, 1005916.447836509905756 ], [ 993463.065400430001318, 1005929.705352789722383 ], [ 993472.662190085742623, 1005919.243531083222479 ] ], [ [ 993471.296482167206705, 1005907.787387773045339 ], [ 993468.533453677548096, 1005904.989902572473511 ], [ 993471.961705158348195, 1005901.650051879812963 ], [ 993474.724734560470097, 1005904.458595361793414 ], [ 993471.296482167206705, 1005907.787387773045339 ] ], [ [ 993456.506931920186616, 1005917.818374340073206 ], [ 993459.813093322794884, 1005914.025148589862511 ], [ 993462.842398731736466, 1005916.623564356472343 ], [ 993459.536238219123334, 1005920.427848144085146 ], [ 993456.506931920186616, 1005917.818374340073206 ] ] ] } },
{ "type": "Feature", "properties": { "element": "relation", "id": 1543179, "addr:city": null, "addr:street": null, "alt_name": null, "brand:wikidata": null, "brand:wikipedia": null, "building": "residential", "name": null, "operator": null, "shop": null, "amenity": null, "check_date": null, "denomination": null, "religion": null, "building:levels": "5", "source": null, "addr:housenumber": null, "phone": null, "layer": null, "addr:unit": null, "healthcare": null, "addr:postcode": null, "operator:wikidata": null, "waste": null, "building:flats": null, "community_centre": null, "healthcare:speciality": null, "type": "multipolygon", "bus": null, "internet_access": null, "public_transport": null, "wheelchair": null, "wikidata": null, "wikipedia": null, "network": null }, "geometry": { "type": "Polygon", "coordinates": [ [ [ 993752.608750178944319, 1005849.255735713406466 ], [ 993741.900722948019393, 1005839.226836017682217 ], [ 993738.350438719848171, 1005842.975836432771757 ], [ 993735.221253983676434, 1005840.056731418822892 ], [ 993738.594024906866252, 1005836.506791959051043 ], [ 993728.041344572440721, 1005826.632696017972194 ], [ 993714.627927460707724, 1005840.777159515186213 ], [ 993725.136222683009692, 1005850.618082748027518 ], [ 993728.653220988460816, 1005846.891200701938942 ], [ 993731.682538485853001, 1005849.721848139888607 ], [ 993728.098971159430221, 1005853.504026188282296 ], [ 993738.951250370126218, 1005863.654552306397818 ], [ 993752.608750178944319, 1005849.255735713406466 ] ], [ [ 993726.500287241302431, 1005841.981548734125681 ], [ 993723.792757703224197, 1005839.360980833531357 ], [ 993726.488762702909298, 1005836.618340862565674 ], [ 993729.196291359141469, 1005839.227850692113861 ], [ 993726.500287241302431, 1005841.981548734125681 ] ], [ [ 993738.850562212406658, 1005853.28200392506551 ], [ 993736.020977773121558, 1005850.60615453554783 ], [ 993738.583841231185943, 1005847.929874580935575 ], [ 993741.413426562561654, 1005850.616782223456539 ], [ 993738.850562212406658, 1005853.28200392506551 ] ] ] } },
{ "type": "Feature", "properties": { "element": "relation", "id": 1543180, "addr:city": null, "addr:street": null, "alt_name": null, "brand:wikidata": null, "brand:wikipedia": null, "building": "residential", "name": null, "operator": null, "shop": null, "amenity": null, "check_date": null, "denomination": null, "religion": null, "building:levels": "5", "source": null, "addr:housenumber": null, "phone": null, "layer": null, "addr:unit": null, "healthcare": null, "addr:postcode": null, "operator:wikidata": null, "waste": null, "building:flats": null, "community_centre": null, "healthcare:speciality": null, "type": "multipolygon", "bus": null, "internet_access": null, "public_transport": null, "wheelchair": null, "wikidata": null, "wikipedia": null, "network": null }, "geometry": { "type": "Polygon", "coordinates": [ [ [ 993571.291476359940134, 1005929.375719398492947 ], [ 993560.583437357214279, 1005919.357902264688164 ], [ 993557.022069805068895, 1005923.106912027462386 ], [ 993553.903976953472011, 1005920.187813232769258 ], [ 993557.265640712692402, 1005916.637866670498624 ], [ 993546.712947903433815, 1005906.763794775819406 ], [ 993533.299576991470531, 1005920.908290148014203 ], [ 993543.807883747736923, 1005930.738131273072213 ], [ 993547.335966369486414, 1005927.022298118215986 ], [ 993550.365287437685765, 1005929.852938653319143 ], [ 993546.781732460716739, 1005933.635125217493623 ], [ 993557.622928936034441, 1005943.785627517965622 ], [ 993571.291476359940134, 1005929.375719398492947 ] ], [ [ 993545.171926874783821, 1005922.101593664614484 ], [ 993542.475490405340679, 1005919.492089178529568 ], [ 993545.17148635094054, 1005916.749442806118168 ], [ 993547.867922822711989, 1005919.358947383007035 ], [ 993545.171926874783821, 1005922.101593664614484 ] ], [ [ 993557.533312323852442, 1005933.413077950943261 ], [ 993554.692628911929205, 1005930.737235919455998 ], [ 993557.255483604618348, 1005928.060949875973165 ], [ 993560.096167025039904, 1005930.736791998380795 ], [ 993557.533312323852442, 1005933.413077950943261 ] ] ] } },
{ "type": "Feature", "properties": { "element": "relation", "id": 1543181, "addr:city": null, "addr:street": null, "alt_name": null, "brand:wikidata": null, "brand:wikipedia": null, "building": "residential", "name": null, "operator": null, "shop": null, "amenity": null, "check_date": null, "denomination": null, "religion": null, "building:levels": "5", "source": null, "addr:housenumber": null, "phone": null, "layer": null, "addr:unit": null, "healthcare": null, "addr:postcode": null, "operator:wikidata": null, "waste": null, "building:flats": null, "community_centre": null, "healthcare:speciality": null, "type": "multipolygon", "bus": null, "internet_access": null, "public_transport": null, "wheelchair": null, "wikidata": null, "wikipedia": null, "network": null }, "geometry": { "type": "Polygon", "coordinates": [ [ [ 993723.724825145211071, 1005822.375648759072646 ], [ 993713.016791431815363, 1005812.357811148278415 ], [ 993709.46650733333081, 1005816.106812846846879 ], [ 993706.348416026914492, 1005813.187708089011721 ], [ 993709.710091251530685, 1005809.637768299784511 ], [ 993699.157403660356067, 1005799.763676224276423 ], [ 993685.743987041758373, 1005813.908144571003504 ], [ 993696.252288606134243, 1005823.73800579237286 ], [ 993699.780383238918148, 1005820.022179745836183 ], [ 993702.798607242177241, 1005822.852826965390705 ], [ 993699.215040047303773, 1005826.63500630937051 ], [ 993710.067326722550206, 1005836.785528452135623 ], [ 993723.724825145211071, 1005822.375648759072646 ] ], [ [ 993697.616350494325161, 1005815.101471302681603 ], [ 993694.919915526756085, 1005812.491961664403789 ], [ 993697.615920464275405, 1005809.749320718925446 ], [ 993700.312355432659388, 1005812.358830448007211 ], [ 993697.616350494325161, 1005815.101471302681603 ] ], [ [ 993709.977730329032056, 1005826.412979242624715 ], [ 993707.137048355769366, 1005823.737131779431365 ], [ 993709.699911731877364, 1005821.060850898153149 ], [ 993712.54059371096082, 1005823.736698452266864 ], [ 993709.977730329032056, 1005826.412979242624715 ] ] ] } },
{ "type": "Feature", "properties": { "element": "relation", "id": 1543182, "addr:city": null, "addr:street": null, "alt_name": null, "brand:wikidata": null, "brand:wikipedia": null, "building": "residential", "name": null, "operator": null, "shop": null, "amenity": null, "check_date": null, "denomination": null, "religion": null, "building:levels": "5", "source": null, "addr:housenumber": null, "phone": null, "layer": null, "addr:unit": null, "healthcare": null, "addr:postcode": null, "operator:wikidata": null, "waste": null, "building:flats": null, "community_centre": null, "healthcare:speciality": null, "type": "multipolygon", "bus": null, "internet_access": null, "public_transport": null, "wheelchair": null, "wikidata": null, "wikipedia": null, "network": null }, "geometry": { "type": "Polygon", "coordinates": [ [ [ 993509.001592608867213, 1005936.579714618274011 ], [ 993498.293546513537876, 1005926.561905884183943 ], [ 993494.743277795845643, 1005930.310917603550479 ], [ 993491.625182877643965, 1005927.391821254044771 ], [ 993494.986843538586982, 1005923.841871976386756 ], [ 993484.434143738355488, 1005913.967808357207105 ], [ 993471.020785174099728, 1005928.112314564874396 ], [ 993481.529098890256137, 1005937.942147448775358 ], [ 993485.057178265182301, 1005934.226311444072053 ], [ 993488.075405778479762, 1005937.056950524798594 ], [ 993484.491854103282094, 1005940.839139984105714 ], [ 993495.344153324025683, 1005950.989632860640995 ], [ 993509.001592608867213, 1005936.579714618274011 ] ], [ [ 993482.893135035410523, 1005929.305608653114177 ], [ 993480.196696709725074, 1005926.696106280665845 ], [ 993482.892690254841, 1005923.953457731753588 ], [ 993485.589128580060787, 1005926.562960195122287 ], [ 993482.893135035410523, 1005929.305608653114177 ] ], [ [ 993495.254528469522484, 1005940.617083242046647 ], [ 993492.413843160378747, 1005937.941243438515812 ], [ 993494.976695516263135, 1005935.264955324819311 ], [ 993497.817380830994807, 1005937.940795219736174 ], [ 993495.254528469522484, 1005940.617083242046647 ] ] ] } },
{ "type": "Feature", "properties": { "element": "relation", "id": 1543183, "addr:city": null, "addr:street": null, "alt_name": null, "brand:wikidata": null, "brand:wikipedia": null, "building": "residential", "name": null, "operator": null, "shop": null, "amenity": null, "check_date": null, "denomination": null, "religion": null, "building:levels": "5", "source": null, "addr:housenumber": null, "phone": null, "layer": null, "addr:unit": null, "healthcare": null, "addr:postcode": null, "operator:wikidata": null, "waste": null, "building:flats": null, "community_centre": null, "healthcare:speciality": null, "type": "multipolygon", "bus": null, "internet_access": null, "public_transport": null, "wheelchair": null, "wikidata": null, "wikipedia": null, "network": null }, "geometry": { "type": "Polygon", "coordinates": [ [ [ 993706.952727581956424, 1005877.380292983027175 ], [ 993702.31444270175416, 1005873.178563498775475 ], [ 993704.988241328625008, 1005870.270052085630596 ], [ 993709.704200535663404, 1005874.538124471204355 ], [ 993719.700435542501509, 1005863.645033263834193 ], [ 993704.698134041740559, 1005850.055754215689376 ], [ 993695.190060881315731, 1005860.406958092469722 ], [ 993699.850538925617002, 1005864.61974353576079 ], [ 993696.544348818832077, 1005868.22497018543072 ], [ 993692.183472543023527, 1005864.277556741726585 ], [ 993682.719781474675983, 1005874.584525989252143 ], [ 993697.355901838396676, 1005887.842085454962216 ], [ 993706.952727581956424, 1005877.380292983027175 ] ], [ [ 993705.587053286260925, 1005865.924146132660098 ], [ 993702.82403091317974, 1005863.115594631060958 ], [ 993706.252294983132742, 1005859.786812524893321 ], [ 993709.026412917650305, 1005862.595363254891708 ], [ 993705.587053286260925, 1005865.924146132660098 ] ], [ [ 993690.797465665149502, 1005875.955087938695215 ], [ 993694.103640065877698, 1005872.161872269352898 ], [ 993697.132939198403619, 1005874.760296981083229 ], [ 993693.837861222098581, 1005878.564569795504212 ], [ 993690.797465665149502, 1005875.955087938695215 ] ] ] } },
{ "type": "Feature", "properties": { "element": "relation", "id": 1543184, "addr:city": null, "addr:street": null, "alt_name": null, "brand:wikidata": null, "brand:wikipedia": null, "building": "residential", "name": null, "operator": null, "shop": null, "amenity": null, "check_date": null, "denomination": null, "religion": null, "building:levels": "5", "source": null, "addr:housenumber": null, "phone": null, "layer": null, "addr:unit": null, "healthcare": null, "addr:postcode": null, "operator:wikidata": null, "waste": null, "building:flats": null, "community_centre": null, "healthcare:speciality": null, "type": "multipolygon", "bus": null, "internet_access": null, "public_transport": null, "wheelchair": null, "wikidata": null, "wikipedia": null, "network": null }, "geometry": { "type": "Polygon", "coordinates": [ [ [ 993445.225352882524021, 1005949.025453084264882 ], [ 993440.587057973025367, 1005944.823738880339079 ], [ 993443.260844530421309, 1005941.915218339301646 ], [ 993447.96571835980285, 1005946.183276115334593 ], [ 993457.973003733786754, 1005935.290149854496121 ], [ 993442.970669803442433, 1005921.700920228846371 ], [ 993433.4626395952655, 1005932.052156565245241 ], [ 993438.12312768236734, 1005936.264926654752344 ], [ 993434.80585697107017, 1005939.870165521162562 ], [ 993430.456066837883554, 1005935.922765514580533 ], [ 993420.992418532725424, 1005946.229767072596587 ], [ 993435.628570538479835, 1005959.487278321175836 ], [ 993445.225352882524021, 1005949.025453084264882 ] ], [ [ 993443.859641411108896, 1005937.569310120306909 ], [ 993441.09661296592094, 1005934.771825865958817 ], [ 993444.524861975456588, 1005931.431973917176947 ], [ 993447.298986898502335, 1005934.240515526034869 ], [ 993443.859641411108896, 1005937.569310120306909 ] ], [ [ 993429.070100273005664, 1005947.600302054313943 ], [ 993432.376259089098312, 1005943.807075085467659 ], [ 993435.405564283020794, 1005946.405489808879793 ], [ 993432.099406359368004, 1005950.2097748152446 ], [ 993429.070100273005664, 1005947.600302054313943 ] ] ] } },
{ "type": "Feature", "properties": { "element": "relation", "id": 1543185, "addr:city": null, "addr:street": null, "alt_name": null, "brand:wikidata": null, "brand:wikipedia": null, "building": "residential", "name": null, "operator": null, "shop": null, "amenity": null, "check_date": null, "denomination": null, "religion": null, "building:levels": "5", "source": null, "addr:housenumber": null, "phone": null, "layer": null, "addr:unit": null, "healthcare": null, "addr:postcode": null, "operator:wikidata": null, "waste": null, "building:flats": null, "community_centre": null, "healthcare:speciality": null, "type": "multipolygon", "bus": null, "internet_access": null, "public_transport": null, "wheelchair": null, "wikidata": null, "wikipedia": null, "network": null }, "geometry": { "type": "Polygon", "coordinates": [ [ [ 993639.44383659993764, 1005834.789696271764114 ], [ 993628.735793653992005, 1005824.771870023570955 ], [ 993625.174418532289565, 1005828.520876506925561 ], [ 993622.056324535165913, 1005825.601775058195926 ], [ 993625.417995450668968, 1005822.051831591757946 ], [ 993614.865297858719714, 1005812.166692552622408 ], [ 993601.451898409985006, 1005826.311175571754575 ], [ 993611.960209935088642, 1005836.152083804016002 ], [ 993615.488300058757886, 1005832.436253898194991 ], [ 993618.517622244544327, 1005835.266897012013942 ], [ 993614.934058740502223, 1005839.038022113149054 ], [ 993625.786354769486934, 1005849.188532740110531 ], [ 993639.44383659993764, 1005834.789696271764114 ] ], [ [ 993613.324262328678742, 1005827.515547704184428 ], [ 993610.627824943978339, 1005824.90604092576541 ], [ 993613.323825636180118, 1005822.152338870218955 ], [ 993616.020263923564926, 1005824.772903901874088 ], [ 993613.324262328678742, 1005827.515547704184428 ] ], [ [ 993625.68565254972782, 1005838.827042521210387 ], [ 993622.844967209617607, 1005836.140139910043217 ], [ 993625.407827331800945, 1005833.463856225716881 ], [ 993628.248512678779662, 1005836.150758928153664 ], [ 993625.68565254972782, 1005838.827042521210387 ] ] ] } },
{ "type": "Feature", "properties": { "element": "relation", "id": 1543187, "addr:city": null, "addr:street": null, "alt_name": null, "brand:wikidata": null, "brand:wikipedia": null, "building": "residential", "name": null, "operator": null, "shop": null, "amenity": null, "check_date": null, "denomination": null, "religion": null, "building:levels": "5", "source": null, "addr:housenumber": null, "phone": null, "layer": null, "addr:unit": null, "healthcare": null, "addr:postcode": null, "operator:wikidata": null, "waste": null, "building:flats": null, "community_centre": null, "healthcare:speciality": null, "type": "multipolygon", "bus": null, "internet_access": null, "public_transport": null, "wheelchair": null, "wikidata": null, "wikipedia": null, "network": null }, "geometry": { "type": "Polygon", "coordinates": [ [ [ 993418.775807915721089, 1005976.031703297630884 ], [ 993414.126417592633516, 1005971.829991563106887 ], [ 993416.800202245009132, 1005968.921470075496472 ], [ 993421.51617149123922, 1005973.189525360357948 ], [ 993431.51235418044962, 1005962.296396487741731 ], [ 993416.510020707384683, 1005948.70717183733359 ], [ 993407.013093757792376, 1005959.069468770292588 ], [ 993411.662486144225113, 1005963.282238247105852 ], [ 993408.356313349795528, 1005966.887477355077863 ], [ 993403.995426858193241, 1005962.929021560703404 ], [ 993394.531785297789611, 1005973.236026469268836 ], [ 993409.167936859186739, 1005986.49353286344558 ], [ 993418.775807915721089, 1005976.031703297630884 ] ], [ [ 993415.912045270204544, 1005962.817438464029692 ], [ 993413.149015764589421, 1005960.008897011633962 ], [ 993416.577262482373044, 1005956.669043790083379 ], [ 993419.351387536502443, 1005959.477584429783747 ], [ 993415.912045270204544, 1005962.817438464029692 ] ], [ [ 993401.122512442991138, 1005972.84843583998736 ], [ 993404.428667910513468, 1005969.044149474357255 ], [ 993407.469068636768498, 1005971.642562201595865 ], [ 993404.162913133157417, 1005975.446848441264592 ], [ 993401.122512442991138, 1005972.84843583998736 ] ] ] } },
{ "type": "Feature", "properties": { "element": "relation", "id": 1543188, "addr:city": null, "addr:street": null, "alt_name": null, "brand:wikidata": null, "brand:wikipedia": null, "building": "residential", "name": null, "operator": null, "shop": null, "amenity": null, "check_date": null, "denomination": null, "religion": null, "building:levels": "5", "source": null, "addr:housenumber": null, "phone": null, "layer": null, "addr:unit": null, "healthcare": null, "addr:postcode": null, "operator:wikidata": null, "waste": null, "building:flats": null, "community_centre": null, "healthcare:speciality": null, "type": "multipolygon", "bus": null, "internet_access": null, "public_transport": null, "wheelchair": null, "wikidata": null, "wikipedia": null, "network": null }, "geometry": { "type": "Polygon", "coordinates": [ [ [ 993602.141172566683963, 1005842.843072530231439 ], [ 993591.433125882176682, 1005832.825251308502629 ], [ 993587.882848465349525, 1005836.574258613050915 ], [ 993584.753657802590169, 1005833.655159534770064 ], [ 993588.126422276138328, 1005830.105213530012406 ], [ 993577.573720992426388, 1005820.220079442486167 ], [ 993564.160330491489731, 1005834.375627131550573 ], [ 993574.668644785764627, 1005844.205472269910388 ], [ 993578.185637222020887, 1005840.489641561172903 ], [ 993581.214960464625619, 1005843.320283252978697 ], [ 993577.63139910553582, 1005847.091410092893057 ], [ 993588.483698926866055, 1005857.241915625636466 ], [ 993602.141172566683963, 1005842.843072530231439 ] ], [ [ 993573.058909594197758, 1005833.501302635064349 ], [ 993570.351375479716808, 1005830.891798132564873 ], [ 993573.047374568297528, 1005828.138094668393023 ], [ 993575.754909590003081, 1005830.758657424710691 ], [ 993573.058909594197758, 1005833.501302635064349 ] ], [ [ 993585.409209196222946, 1005844.812792091630399 ], [ 993582.579618245479651, 1005842.125890012714081 ], [ 993585.142477716435678, 1005839.460663151927292 ], [ 993587.972067769267596, 1005842.136507158749737 ], [ 993585.409209196222946, 1005844.812792091630399 ] ] ] } },
{ "type": "Feature", "properties": { "element": "relation", "id": 1543189, "addr:city": null, "addr:street": null, "alt_name": null, "brand:wikidata": null, "brand:wikipedia": null, "building": "residential", "name": null, "operator": null, "shop": null, "amenity": null, "check_date": null, "denomination": null, "religion": null, "building:levels": "5", "source": null, "addr:housenumber": null, "phone": null, "layer": null, "addr:unit": null, "healthcare": null, "addr:postcode": null, "operator:wikidata": null, "waste": null, "building:flats": null, "community_centre": null, "healthcare:speciality": null, "type": "multipolygon", "bus": null, "internet_access": null, "public_transport": null, "wheelchair": null, "wikidata": null, "wikipedia": null, "network": null }, "geometry": { "type": "Polygon", "coordinates": [ [ [ 993500.065964911365882, 1005891.916534100892022 ], [ 993495.416573159163818, 1005887.70375946641434 ], [ 993498.090363699477166, 1005884.795240887557156 ], [ 993502.806333457818255, 1005889.063300977111794 ], [ 993512.802538181073032, 1005878.170182979898527 ], [ 993497.800204001949169, 1005864.592001209268346 ], [ 993488.303255191422068, 1005874.943229646421969 ], [ 993492.952648077276535, 1005879.156003859592602 ], [ 993489.646467993152328, 1005882.761239370331168 ], [ 993485.285581959178671, 1005878.813837296096608 ], [ 993475.821918627480045, 1005889.109773745178245 ], [ 993490.458071768051013, 1005902.367295050411485 ], [ 993500.065964911365882, 1005891.916534100892022 ] ], [ [ 993498.689165009418502, 1005880.460391358006746 ], [ 993495.926135641871952, 1005877.65184704924468 ], [ 993499.365485051181167, 1005874.311996687785722 ], [ 993502.1285144102294, 1005877.120541115058586 ], [ 993498.689165009418502, 1005880.460391358006746 ] ], [ [ 993483.899606125196442, 1005890.491372579708695 ], [ 993487.205769087187946, 1005886.687089879065752 ], [ 993490.246171105187386, 1005889.296563929645345 ], [ 993486.940007189288735, 1005893.089788340847008 ], [ 993483.899606125196442, 1005890.491372579708695 ] ] ] } },
{ "type": "Feature", "properties": { "element": "relation", "id": 1543190, "addr:city": null, "addr:street": null, "alt_name": null, "brand:wikidata": null, "brand:wikipedia": null, "building": "residential", "name": null, "operator": null, "shop": null, "amenity": null, "check_date": null, "denomination": null, "religion": null, "building:levels": "5", "source": null, "addr:housenumber": null, "phone": null, "layer": null, "addr:unit": null, "healthcare": null, "addr:postcode": null, "operator:wikidata": null, "waste": null, "building:flats": null, "community_centre": null, "healthcare:speciality": null, "type": "multipolygon", "bus": null, "internet_access": null, "public_transport": null, "wheelchair": null, "wikidata": null, "wikipedia": null, "network": null }, "geometry": { "type": "Polygon", "coordinates": [ [ [ 993613.7416408858262, 1005911.546492403722368 ], [ 993603.033604972530156, 1005901.528669556719251 ], [ 993599.483330158982426, 1005905.277676433790475 ], [ 993596.354141739662737, 1005902.347518718219362 ], [ 993599.72690464137122, 1005898.808631282416172 ], [ 993589.174213973921724, 1005888.923495593247935 ], [ 993575.760832404484972, 1005903.067983504850417 ], [ 993586.269137032097206, 1005912.908888400648721 ], [ 993589.786126892315224, 1005909.193058115197346 ], [ 993592.815447088330984, 1005912.023700266727246 ], [ 993589.231888358830474, 1005915.794826674973592 ], [ 993600.084177262731828, 1005925.945333854644559 ], [ 993613.7416408858262, 1005911.546492403722368 ] ], [ [ 993587.63318516232539, 1005904.272351632476784 ], [ 993584.925653953920119, 1005901.662846616003662 ], [ 993587.621651081019081, 1005898.909143578959629 ], [ 993590.329183196183294, 1005901.529706849367358 ], [ 993587.63318516232539, 1005904.272351632476784 ] ], [ [ 993599.983471618150361, 1005915.583843424217775 ], [ 993597.153883694554679, 1005912.896940808859654 ], [ 993599.716740410891362, 1005910.22065619030036 ], [ 993602.546328338095918, 1005912.907558896578848 ], [ 993599.983471618150361, 1005915.583843424217775 ] ] ] } },
{ "type": "Feature", "properties": { "element": "relation", "id": 1543191, "addr:city": null, "addr:street": null, "alt_name": null, "brand:wikidata": null, "brand:wikipedia": null, "building": "residential", "name": null, "operator": null, "shop": null, "amenity": null, "check_date": null, "denomination": null, "religion": null, "building:levels": "5", "source": null, "addr:housenumber": null, "phone": null, "layer": null, "addr:unit": null, "healthcare": null, "addr:postcode": null, "operator:wikidata": null, "waste": null, "building:flats": null, "community_centre": null, "healthcare:speciality": null, "type": "multipolygon", "bus": null, "internet_access": null, "public_transport": null, "wheelchair": null, "wikidata": null, "wikipedia": null, "network": null }, "geometry": { "type": "Polygon", "coordinates": [ [ [ 993446.250447434489615, 1006000.512175914598629 ], [ 993441.612155590555631, 1005996.310461633838713 ], [ 993444.274843928986229, 1005993.390883832005784 ], [ 993448.9908111251425, 1005997.669998921570368 ], [ 993458.986994424369186, 1005986.776873491937295 ], [ 993443.9957659621723, 1005973.187642692704685 ], [ 993434.487741950550117, 1005983.538879118859768 ], [ 993439.137131404830143, 1005987.751650213846005 ], [ 993435.830958411213942, 1005991.356888182926923 ], [ 993431.470075597288087, 1005987.409489034092985 ], [ 993422.017529014265165, 1005997.716489752405323 ], [ 993436.653671346604824, 1006010.974001242546365 ], [ 993446.250447434489615, 1006000.512175914598629 ] ], [ [ 993444.884736915584654, 1005989.056032795109786 ], [ 993442.110613818862475, 1005986.247491255868226 ], [ 993445.549956147093326, 1005982.907638351782225 ], [ 993448.312983681331389, 1005985.716180937248282 ], [ 993444.884736915584654, 1005989.056032795109786 ] ], [ [ 993430.095205443096347, 1005999.087024789885618 ], [ 993433.401361177791841, 1005995.282739624031819 ], [ 993436.430665296385996, 1005997.892212558770552 ], [ 993433.124509528046474, 1006001.696497599128634 ], [ 993430.095205443096347, 1005999.087024789885618 ] ] ] } },
{ "type": "Feature", "properties": { "element": "relation", "id": 1543192, "addr:city": null, "addr:street": null, "alt_name": null, "brand:wikidata": null, "brand:wikipedia": null, "building": "residential", "name": null, "operator": null, "shop": null, "amenity": null, "check_date": null, "denomination": null, "religion": null, "building:levels": "5", "source": null, "addr:housenumber": null, "phone": null, "layer": null, "addr:unit": null, "healthcare": null, "addr:postcode": null, "operator:wikidata": null, "waste": null, "building:flats": null, "community_centre": null, "healthcare:speciality": null, "type": "multipolygon", "bus": null, "internet_access": null, "public_transport": null, "wheelchair": null, "wikidata": null, "wikipedia": null, "network": null }, "geometry": { "type": "Polygon", "coordinates": [ [ [ 993583.459754674579017, 1005885.960375268943608 ], [ 993572.751711387769319, 1005875.942556530819274 ], [ 993569.201436832430772, 1005879.691564757726155 ], [ 993566.072247164906003, 1005876.772466405411251 ], [ 993569.445008924347349, 1005873.222519524628296 ], [ 993558.881216325098649, 1005863.348446958349086 ], [ 993545.467835720162839, 1005877.492939971736632 ], [ 993555.987242246977985, 1005887.3227817597799 ], [ 993559.504231850733049, 1005883.606950137065724 ], [ 993562.533554131048732, 1005886.437591126421466 ], [ 993558.94999656395521, 1005890.219777060090564 ], [ 993569.802292936947197, 1005900.370280075469054 ], [ 993583.459754674579017, 1005885.960375268943608 ] ], [ [ 993557.340191959054209, 1005878.686245396966115 ], [ 993554.643754426739179, 1005876.076740508084185 ], [ 993557.339752302854322, 1005873.334094608318992 ], [ 993560.036189840291627, 1005875.943599588237703 ], [ 993557.340191959054209, 1005878.686245396966115 ] ], [ [ 993569.701582394074649, 1005889.997731539187953 ], [ 993566.871993414359167, 1005887.321888172184117 ], [ 993569.434849956538528, 1005884.645602579112165 ], [ 993572.264438941609114, 1005887.321446036803536 ], [ 993569.701582394074649, 1005889.997731539187953 ] ] ] } },
{ "type": "Feature", "properties": { "element": "relation", "id": 1543193, "addr:city": null, "addr:street": null, "alt_name": null, "brand:wikidata": null, "brand:wikipedia": null, "building": "residential", "name": null, "operator": null, "shop": null, "amenity": null, "check_date": null, "denomination": null, "religion": null, "building:levels": "5", "source": null, "addr:housenumber": null, "phone": null, "layer": null, "addr:unit": null, "healthcare": null, "addr:postcode": null, "operator:wikidata": null, "waste": null, "building:flats": null, "community_centre": null, "healthcare:speciality": null, "type": "multipolygon", "bus": null, "internet_access": null, "public_transport": null, "wheelchair": null, "wikidata": null, "wikipedia": null, "network": null }, "geometry": { "type": "Polygon", "coordinates": [ [ [ 993695.373489452525973, 1005795.760925472946838 ], [ 993684.665448478306644, 1005785.743091712007299 ], [ 993681.104068919783458, 1005789.49209556390997 ], [ 993677.985975498217158, 1005786.572991927270778 ], [ 993681.347650611307472, 1005783.023050945368595 ], [ 993670.794955862569623, 1005773.148962665 ], [ 993657.381539687514305, 1005787.293435772066005 ], [ 993667.900943955057301, 1005797.123292318545282 ], [ 993671.417942897649482, 1005793.407465915661305 ], [ 993674.447264528018422, 1005796.238111154874787 ], [ 993670.863696560147218, 1005800.009233607910573 ], [ 993681.715991482953541, 1005810.170810011215508 ], [ 993695.373489452525973, 1005795.760925472946838 ] ], [ [ 993669.253907647915184, 1005788.486758257495239 ], [ 993666.557470823754556, 1005785.877249589189887 ], [ 993669.253474812605418, 1005783.123549524345435 ], [ 993671.949912534328178, 1005785.744116445886903 ], [ 993669.253907647915184, 1005788.486758257495239 ] ], [ [ 993681.615295775700361, 1005799.798261752119288 ], [ 993678.774611870991066, 1005797.122415310819633 ], [ 993681.337475168867968, 1005794.446133519872092 ], [ 993684.178159080795012, 1005797.121980052441359 ], [ 993681.615295775700361, 1005799.798261752119288 ] ] ] } },
{ "type": "Feature", "properties": { "element": "relation", "id": 1543194, "addr:city": null, "addr:street": null, "alt_name": null, "brand:wikidata": null, "brand:wikipedia": null, "building": "residential", "name": null, "operator": null, "shop": null, "amenity": null, "check_date": null, "denomination": null, "religion": null, "building:levels": "5", "source": null, "addr:housenumber": null, "phone": null, "layer": null, "addr:unit": null, "healthcare": null, "addr:postcode": null, "operator:wikidata": null, "waste": null, "building:flats": null, "community_centre": null, "healthcare:speciality": null, "type": "multipolygon", "bus": null, "internet_access": null, "public_transport": null, "wheelchair": null, "wikidata": null, "wikipedia": null, "network": null }, "geometry": { "type": "Polygon", "coordinates": [ [ [ 993552.2127949121641, 1005863.54804181039799 ], [ 993547.574500819668174, 1005859.346321379416622 ], [ 993550.237197771435603, 1005856.426747385878116 ], [ 993554.953167247120291, 1005860.705868728458881 ], [ 993564.949382794671692, 1005849.812757592881098 ], [ 993549.95814707223326, 1005836.223506916430779 ], [ 993540.450092399958521, 1005846.574729746789671 ], [ 993545.099484109552577, 1005850.787507006432861 ], [ 993541.793300445191562, 1005854.392740247654729 ], [ 993537.432415513321757, 1005850.445335316006094 ], [ 993527.979838426806964, 1005860.7523225157056 ], [ 993542.615987858152948, 1005874.00985341379419 ], [ 993552.2127949121641, 1005863.54804181039799 ] ], [ [ 993550.847097766702063, 1005852.091897412436083 ], [ 993548.072973730158992, 1005849.283352210302837 ], [ 993551.512326593277976, 1005845.943504203110933 ], [ 993554.275355048244819, 1005848.752050436334684 ], [ 993550.847097766702063, 1005852.091897412436083 ] ], [ [ 993536.057526941876858, 1005862.122868574573658 ], [ 993539.36369361798279, 1005858.318588147405535 ], [ 993542.392999390838668, 1005860.928065106272697 ], [ 993539.086832681088708, 1005864.732345407945104 ], [ 993536.057526941876858, 1005862.122868574573658 ] ] ] } },
{ "type": "Feature", "properties": { "element": "relation", "id": 1543195, "addr:city": null, "addr:street": null, "alt_name": null, "brand:wikidata": null, "brand:wikipedia": null, "building": "residential", "name": null, "operator": null, "shop": null, "amenity": null, "check_date": null, "denomination": null, "religion": null, "building:levels": "5", "source": null, "addr:housenumber": null, "phone": null, "layer": null, "addr:unit": null, "healthcare": null, "addr:postcode": null, "operator:wikidata": null, "waste": null, "building:flats": null, "community_centre": null, "healthcare:speciality": null, "type": "multipolygon", "bus": null, "internet_access": null, "public_transport": null, "wheelchair": null, "wikidata": null, "wikipedia": null, "network": null }, "geometry": { "type": "Polygon", "coordinates": [ [ [ 993654.565891203936189, 1005819.793603026890196 ], [ 993649.916504533961415, 1005815.591877524508163 ], [ 993652.590303230914287, 1005812.683364368393086 ], [ 993657.306268750107847, 1005816.951433617854491 ], [ 993667.302504002233036, 1005806.058335894020274 ], [ 993652.300182409351692, 1005792.469066821970046 ], [ 993642.803205484873615, 1005802.831334160058759 ], [ 993647.45259418443311, 1005807.044117403565906 ], [ 993644.146404000464827, 1005810.649346208781935 ], [ 993639.785520989913493, 1005806.690877502085641 ], [ 993630.321829684893601, 1005816.99785291950684 ], [ 993644.957969651091844, 1005830.255402652546763 ], [ 993654.565891203936189, 1005819.793603026890196 ] ], [ [ 993653.189113662810996, 1005808.34851621161215 ], [ 993650.426087388186716, 1005805.53996654949151 ], [ 993653.854350914945826, 1005802.200124043505639 ], [ 993656.628472761134617, 1005805.00867292645853 ], [ 993653.189113662810996, 1005808.34851621161215 ] ], [ [ 993638.399521672748961, 1005818.37946769897826 ], [ 993641.705695132026449, 1005814.575191712938249 ], [ 993644.74609380227048, 1005817.173613512306474 ], [ 993641.439920309581794, 1005820.977889372268692 ], [ 993638.399521672748961, 1005818.37946769897826 ] ] ] } },
{ "type": "Feature", "properties": { "element": "relation", "id": 12978086, "addr:city": null, "addr:street": null, "alt_name": null, "brand:wikidata": null, "brand:wikipedia": null, "building": "school", "name": null, "operator": null, "shop": null, "amenity": null, "check_date": null, "denomination": null, "religion": null, "building:levels": "3", "source": null, "addr:housenumber": null, "phone": null, "layer": null, "addr:unit": null, "healthcare": null, "addr:postcode": null, "operator:wikidata": null, "waste": null, "building:flats": null, "community_centre": null, "healthcare:speciality": null, "type": "multipolygon", "bus": null, "internet_access": null, "public_transport": null, "wheelchair": null, "wikidata": null, "wikipedia": null, "network": null }, "geometry": { "type": "Polygon", "coordinates": [ [ [ 992668.728027750970796, 1004676.1116581534734 ], [ 992643.492171249352396, 1004631.826080247876234 ], [ 992620.269944457802922, 1004644.290804177871905 ], [ 992617.67322565196082, 1004640.940425135893747 ], [ 992640.473604540224187, 1004626.23093324736692 ], [ 992636.012449347530492, 1004619.132011563517153 ], [ 992604.535744111402892, 1004639.669971301918849 ], [ 992608.408745504799299, 1004645.906409983173944 ], [ 992613.989666913985275, 1004643.37356656359043 ], [ 992618.528446252224967, 1004649.974862508941442 ], [ 992610.428957764874212, 1004654.277248098049313 ], [ 992633.689503039116971, 1004695.555181014817208 ], [ 992668.728027750970796, 1004676.1116581534734 ] ], [ [ 992632.12230219587218, 1004666.726701533072628 ], [ 992624.387355731218122, 1004653.77832007559482 ], [ 992637.512939333450049, 1004646.511877903947607 ], [ 992655.413352819276042, 1004678.390882166335359 ], [ 992652.018191938172095, 1004679.839818553882651 ], [ 992648.26724363793619, 1004673.54807552404236 ], [ 992641.876432635239325, 1004677.13151765963994 ], [ 992643.296924290596507, 1004679.663703633937985 ], [ 992639.957280681352131, 1004681.521787316654809 ], [ 992632.12230219587218, 1004666.726701533072628 ] ] ] } },
{ "type": "Feature", "properties": { "element": "relation", "id": 13650232, "addr:city": null, "addr:street": null, "alt_name": null, "brand:wikidata": null, "brand:wikipedia": null, "building": "yes", "name": "Mandalay", "operator": "TransMilenio", "shop": null, "amenity": "bus_station", "check_date": null, "denomination": null, "religion": null, "building:levels": null, "source": null, "addr:housenumber": null, "phone": null, "layer": null, "addr:unit": null, "healthcare": null, "addr:postcode": null, "operator:wikidata": null, "waste": null, "building:flats": null, "community_centre": null, "healthcare:speciality": null, "type": "multipolygon", "bus": "yes", "internet_access": "yes", "public_transport": "station", "wheelchair": "yes", "wikidata": "Q6747756", "wikipedia": "es:Mandalay (estación)", "network": null }, "geometry": { "type": "MultiPolygon", "coordinates": [ [ [ [ 992967.037716368096881, 1003815.350455731386319 ], [ 992969.856023492058739, 1003814.885761434095912 ], [ 992969.23431862576399, 1003811.114985020132735 ], [ 992923.586613352643326, 1003818.550156117067672 ], [ 992923.897464378038421, 1003820.407898765755817 ], [ 992924.20831936376635, 1003822.309874048805796 ], [ 992959.858798373490572, 1003816.512203822028823 ], [ 992967.037716368096881, 1003815.350455731386319 ] ] ], [ [ [ 992973.651111731654964, 1003818.291335419169627 ], [ 992967.548458759440109, 1003819.077009409782477 ], [ 992963.731525387032889, 1003819.552851175423712 ], [ 992964.442154423566535, 1003825.081866759574041 ], [ 992965.230501796468161, 1003831.141667005722411 ], [ 992969.435784721048549, 1003830.610499838599935 ], [ 992975.150086700101383, 1003829.880151414894499 ], [ 992974.372838901006617, 1003823.853524565696716 ], [ 992973.651111731654964, 1003818.291335419169627 ] ] ], [ [ [ 992861.506536204251461, 1003832.466922551277094 ], [ 992897.234676400898024, 1003826.658158631296828 ], [ 992896.912720928667113, 1003824.711951811797917 ], [ 992896.61296813422814, 1003822.887382732937112 ], [ 992850.965274967136793, 1003830.311537980218418 ], [ 992851.586985371075571, 1003834.082313554827124 ], [ 992853.994750466314144, 1003833.68400131049566 ], [ 992861.506536204251461, 1003832.466922551277094 ] ] ], [ [ [ 992970.079851945512928, 1003836.294335639453493 ], [ 992962.801048399182037, 1003837.179638456436805 ], [ 992926.529086419846863, 1003841.595093547948636 ], [ 992926.551298000384122, 1003841.81625471834559 ], [ 992926.762269274098799, 1003843.486017668503337 ], [ 992926.995453112525865, 1003845.387999948696233 ], [ 992972.909608465037309, 1003839.799519204883836 ], [ 992972.443243959802203, 1003836.00661256746389 ], [ 992970.079851945512928, 1003836.294335639453493 ] ] ], [ [ [ 992899.444329855265096, 1003844.151965814293362 ], [ 992863.54952110000886, 1003847.32890226575546 ], [ 992855.727004623389803, 1003848.015217441134155 ], [ 992853.374702179804444, 1003848.225535912439227 ], [ 992853.707922099973075, 1003852.018454018747434 ], [ 992899.788644421030767, 1003847.955941238789819 ], [ 992899.610930238850415, 1003845.954430601908825 ], [ 992899.444329855265096, 1003844.151965814293362 ] ] ] ] } },
{ "type": "Feature", "properties": { "element": "relation", "id": 13650268, "addr:city": null, "addr:street": null, "alt_name": null, "brand:wikidata": null, "brand:wikipedia": null, "building": "yes", "name": "Transversal 86", "operator": "TransMilenio", "shop": null, "amenity": "bus_station", "check_date": null, "denomination": null, "religion": null, "building:levels": null, "source": null, "addr:housenumber": null, "phone": null, "layer": null, "addr:unit": null, "healthcare": null, "addr:postcode": null, "operator:wikidata": null, "waste": null, "building:flats": null, "community_centre": null, "healthcare:speciality": null, "type": "multipolygon", "bus": "yes", "internet_access": "yes", "public_transport": "station", "wheelchair": "yes", "wikidata": "Q6151794", "wikipedia": "es:Transversal 86 (estación)", "network": "TransMilenio" }, "geometry": { "type": "MultiPolygon", "coordinates": [ [ [ [ 991764.115622213925235, 1004157.296955298283137 ], [ 991766.778336653485894, 1004154.609543398488313 ], [ 991763.748868909780867, 1004151.646273095626384 ], [ 991731.563323482056148, 1004184.160643724957481 ], [ 991733.08360645105131, 1004185.653335833339952 ], [ 991734.592791225994006, 1004187.123912812909111 ], [ 991761.630422466550954, 1004159.807418123004027 ], [ 991764.115622213925235, 1004157.296955298283137 ] ] ], [ [ [ 991775.944321382325143, 1004162.658926607691683 ], [ 991772.74906334572006, 1004165.877185635850765 ], [ 991770.164011690532789, 1004168.487182090524584 ], [ 991743.758775574504398, 1004195.17329233197961 ], [ 991745.256863000569865, 1004196.632812515948899 ], [ 991746.799338244833052, 1004198.136560719460249 ], [ 991778.973788242088631, 1004165.622197374352254 ], [ 991775.944321382325143, 1004162.658926607691683 ] ] ], [ [ [ 991714.089897577418014, 1004207.683191961725242 ], [ 991712.525227935402654, 1004206.157330402289517 ], [ 991711.06042982742656, 1004204.719923648051918 ], [ 991678.874927887809463, 1004237.234316969639622 ], [ 991680.417404807871208, 1004238.749122057110071 ], [ 991681.915492610540241, 1004240.208641057019122 ], [ 991688.017532626981847, 1004234.037541782716289 ], [ 991714.089897577418014, 1004207.683191961725242 ] ] ], [ [ [ 991723.255882864701562, 1004215.743627291754819 ], [ 991696.684257816057652, 1004242.58458593825344 ], [ 991691.070380551973358, 1004248.258015707833692 ], [ 991692.65724373050034, 1004249.805990830878727 ], [ 991694.110943219391629, 1004251.221282098442316 ], [ 991726.28534856881015, 1004218.695837907376699 ], [ 991724.687388473306783, 1004217.136805124115199 ], [ 991723.255882864701562, 1004215.743627291754819 ] ] ], [ [ [ 991692.900766443344764, 1004244.265825936454348 ], [ 991690.492735488689505, 1004241.977040672325529 ], [ 991686.142744823126122, 1004237.852805756614543 ], [ 991682.836558849085122, 1004241.292243568808772 ], [ 991679.77445392741356, 1004244.477317988988943 ], [ 991684.046765776816756, 1004248.524153634672984 ], [ 991686.532475518411957, 1004250.890337631921284 ], [ 991690.149309838074259, 1004247.130180453183129 ], [ 991692.900766443344764, 1004244.265825936454348 ] ] ] ] } },
{ "type": "Feature", "properties": { "element": "way", "id": 26696701, "addr:city": "Bogotá", "addr:street": "Avenida de las Américas", "alt_name": "Metro Banderas", "brand:wikidata": "Q16640217", "brand:wikipedia": "es:Metro (supermercado)", "building": "yes", "name": "Metro", "operator": "Cencosud", "shop": "supermarket", "amenity": null, "check_date": null, "denomination": null, "religion": null, "building:levels": null, "source": null, "addr:housenumber": null, "phone": null, "layer": null, "addr:unit": null, "healthcare": null, "addr:postcode": null, "operator:wikidata": null, "waste": null, "building:flats": null, "community_centre": null, "healthcare:speciality": null, "type": null, "bus": null, "internet_access": null, "public_transport": null, "wheelchair": null, "wikidata": null, "wikipedia": null, "network": null }, "geometry": { "type": "Polygon", "coordinates": [ [ [ 992381.106836403603666, 1004015.424956594477408 ], [ 992408.579840823891573, 1004012.52506440714933 ], [ 992410.079119753441773, 1004026.436084895511158 ], [ 992465.524430732242763, 1004020.569933513761498 ], [ 992459.01645817712415, 1003959.87231842672918 ], [ 992401.440724763437174, 1003965.959842472570017 ], [ 992402.30698581400793, 1003974.098564407322556 ], [ 992398.800735814846121, 1003974.463822154211812 ], [ 992399.200543707236648, 1003978.168267060536891 ], [ 992394.163084184634499, 1003978.699545271345414 ], [ 992396.173251108964905, 1003997.54245532816276 ], [ 992379.385422419989482, 1003999.313384313951246 ], [ 992381.106836403603666, 1004015.424956594477408 ] ] ] } },
{ "type": "Feature", "properties": { "element": "way", "id": 26696807, "addr:city": null, "addr:street": null, "alt_name": null, "brand:wikidata": null, "brand:wikipedia": null, "building": "yes", "name": "Surti Mayorista", "operator": null, "shop": "supermarket", "amenity": null, "check_date": null, "denomination": null, "religion": null, "building:levels": null, "source": null, "addr:housenumber": null, "phone": null, "layer": null, "addr:unit": null, "healthcare": null, "addr:postcode": null, "operator:wikidata": null, "waste": null, "building:flats": null, "community_centre": null, "healthcare:speciality": null, "type": null, "bus": null, "internet_access": null, "public_transport": null, "wheelchair": null, "wikidata": null, "wikipedia": null, "network": null }, "geometry": { "type": "Polygon", "coordinates": [ [ [ 992944.11092417826876, 1004898.079039669712074 ], [ 992980.325643255491741, 1004879.365387554396875 ], [ 992963.268379552755505, 1004844.113495539058931 ], [ 992927.708338917000219, 1004863.31365534896031 ], [ 992944.11092417826876, 1004898.079039669712074 ] ] ] } },
{ "type": "Feature", "properties": { "element": "way", "id": 59244270, "addr:city": null, "addr:street": null, "alt_name": null, "brand:wikidata": null, "brand:wikipedia": null, "building": "yes", "name": "Iglesia Jesús Amor Misericordioso", "operator": null, "shop": null, "amenity": "place_of_worship", "check_date": "2023-11-12", "denomination": "catholic", "religion": "christian", "building:levels": null, "source": null, "addr:housenumber": null, "phone": null, "layer": null, "addr:unit": null, "healthcare": null, "addr:postcode": null, "operator:wikidata": null, "waste": null, "building:flats": null, "community_centre": null, "healthcare:speciality": null, "type": null, "bus": null, "internet_access": null, "public_transport": null, "wheelchair": null, "wikidata": null, "wikipedia": null, "network": null }, "geometry": { "type": "Polygon", "coordinates": [ [ [ 992857.802606195793487, 1004588.911714486777782 ], [ 992900.78625621390529, 1004574.598562182975002 ], [ 992908.588263489771634, 1004593.363556376425549 ], [ 992915.524874448776245, 1004612.969049551524222 ], [ 992875.670198288862593, 1004626.784293369855732 ], [ 992857.802606195793487, 1004588.911714486777782 ] ] ] } },
{ "type": "Feature", "properties": { "element": "way", "id": 62115994, "addr:city": null, "addr:street": null, "alt_name": null, "brand:wikidata": null, "brand:wikipedia": null, "building": "yes", "name": "Coliseo Deportivo Castilla", "operator": null, "shop": null, "amenity": null, "check_date": null, "denomination": null, "religion": null, "building:levels": null, "source": null, "addr:housenumber": null, "phone": null, "layer": null, "addr:unit": null, "healthcare": null, "addr:postcode": null, "operator:wikidata": null, "waste": null, "building:flats": null, "community_centre": null, "healthcare:speciality": null, "type": null, "bus": null, "internet_access": null, "public_transport": null, "wheelchair": null, "wikidata": null, "wikipedia": null, "network": null }, "geometry": { "type": "Polygon", "coordinates": [ [ [ 993115.195408073137514, 1004768.738674130872823 ], [ 993141.246974785695784, 1004755.013219361659139 ], [ 993157.049869247479364, 1004784.625595719204284 ], [ 993130.998309730668552, 1004798.351045448798686 ], [ 993115.195408073137514, 1004768.738674130872823 ] ] ] } },
{ "type": "Feature", "properties": { "element": "way", "id": 74751393, "addr:city": null, "addr:street": null, "alt_name": null, "brand:wikidata": null, "brand:wikipedia": null, "building": "yes", "name": null, "operator": null, "shop": null, "amenity": null, "check_date": null, "denomination": null, "religion": null, "building:levels": null, "source": null, "addr:housenumber": null, "phone": null, "layer": null, "addr:unit": null, "healthcare": null, "addr:postcode": null, "operator:wikidata": null, "waste": null, "building:flats": null, "community_centre": null, "healthcare:speciality": null, "type": null, "bus": null, "internet_access": null, "public_transport": null, "wheelchair": null, "wikidata": null, "wikipedia": null, "network": null }, "geometry": { "type": "Polygon", "coordinates": [ [ [ 993191.390019895858131, 1004002.644875967758708 ], [ 993289.664992941077799, 1003992.949490681407042 ], [ 993291.46405714796856, 1004011.007309429114684 ], [ 993193.178011610289104, 1004020.713751925854012 ], [ 993191.390019895858131, 1004002.644875967758708 ] ] ] } },
{ "type": "Feature", "properties": { "element": "way", "id": 75590200, "addr:city": null, "addr:street": null, "alt_name": null, "brand:wikidata": null, "brand:wikipedia": null, "building": "yes", "name": "Zapatoca", "operator": null, "shop": "supermarket", "amenity": null, "check_date": null, "denomination": null, "religion": null, "building:levels": null, "source": null, "addr:housenumber": null, "phone": null, "layer": null, "addr:unit": null, "healthcare": null, "addr:postcode": null, "operator:wikidata": null, "waste": null, "building:flats": null, "community_centre": null, "healthcare:speciality": null, "type": null, "bus": null, "internet_access": null, "public_transport": null, "wheelchair": null, "wikidata": null, "wikipedia": null, "network": null }, "geometry": { "type": "Polygon", "coordinates": [ [ [ 993047.618252626038156, 1004846.870528389234096 ], [ 993032.347653750446625, 1004814.217131754034199 ], [ 993067.364048365852796, 1004794.983893655356951 ], [ 993083.012040507281199, 1004829.340220328886062 ], [ 993047.618252626038156, 1004846.870528389234096 ] ] ] } },
{ "type": "Feature", "properties": { "element": "way", "id": 108736631, "addr:city": null, "addr:street": null, "alt_name": null, "brand:wikidata": null, "brand:wikipedia": null, "building": "yes", "name": null, "operator": null, "shop": null, "amenity": null, "check_date": null, "denomination": null, "religion": null, "building:levels": "2", "source": null, "addr:housenumber": null, "phone": null, "layer": null, "addr:unit": null, "healthcare": null, "addr:postcode": null, "operator:wikidata": null, "waste": null, "building:flats": null, "community_centre": null, "healthcare:speciality": null, "type": null, "bus": null, "internet_access": null, "public_transport": null, "wheelchair": null, "wikidata": null, "wikipedia": null, "network": null }, "geometry": { "type": "Polygon", "coordinates": [ [ [ 993383.393277490860783, 1005990.17807198187802 ], [ 993376.113987723598257, 1005982.99088028841652 ], [ 993385.200481299660169, 1005973.922419204376638 ], [ 993392.468675500364043, 1005981.109612659551203 ], [ 993383.393277490860783, 1005990.17807198187802 ] ] ] } },
{ "type": "Feature", "properties": { "element": "way", "id": 306296709, "addr:city": null, "addr:street": null, "alt_name": null, "brand:wikidata": null, "brand:wikipedia": null, "building": "yes", "name": "Parroquia San Eugenio", "operator": null, "shop": null, "amenity": "place_of_worship", "check_date": null, "denomination": null, "religion": "christian", "building:levels": null, "source": null, "addr:housenumber": null, "phone": null, "layer": null, "addr:unit": null, "healthcare": null, "addr:postcode": null, "operator:wikidata": null, "waste": null, "building:flats": null, "community_centre": null, "healthcare:speciality": null, "type": null, "bus": null, "internet_access": null, "public_transport": null, "wheelchair": null, "wikidata": null, "wikipedia": null, "network": null }, "geometry": { "type": "Polygon", "coordinates": [ [ [ 991997.963425400550477, 1004191.785349843557924 ], [ 992018.821396070765331, 1004170.573678472428583 ], [ 992016.879091537324712, 1004165.277016328647733 ], [ 991989.715167455375195, 1004151.788820138899609 ], [ 991973.860917885205708, 1004168.167572212638333 ], [ 991997.963425400550477, 1004191.785349843557924 ] ] ] } },
{ "type": "Feature", "properties": { "element": "way", "id": 319609414, "addr:city": null, "addr:street": null, "alt_name": null, "brand:wikidata": null, "brand:wikipedia": null, "building": "yes", "name": "Merkacol #1", "operator": null, "shop": "supermarket", "amenity": null, "check_date": null, "denomination": null, "religion": null, "building:levels": null, "source": null, "addr:housenumber": null, "phone": null, "layer": null, "addr:unit": null, "healthcare": null, "addr:postcode": null, "operator:wikidata": null, "waste": null, "building:flats": null, "community_centre": null, "healthcare:speciality": null, "type": null, "bus": null, "internet_access": null, "public_transport": null, "wheelchair": null, "wikidata": null, "wikipedia": null, "network": null }, "geometry": { "type": "Polygon", "coordinates": [ [ [ 991531.652942461660132, 1004313.783567078993656 ], [ 991562.806653412058949, 1004283.226516779512167 ], [ 991538.015957124647684, 1004258.270906599238515 ], [ 991462.05690364073962, 1004181.845093584153801 ], [ 991430.881001142901368, 1004212.424301709514111 ], [ 991531.652942461660132, 1004313.783567078993656 ] ] ] } },
{ "type": "Feature", "properties": { "element": "way", "id": 319610146, "addr:city": null, "addr:street": null, "alt_name": null, "brand:wikidata": null, "brand:wikipedia": null, "building": "yes", "name": "Surtimax", "operator": null, "shop": "supermarket", "amenity": null, "check_date": null, "denomination": null, "religion": null, "building:levels": null, "source": null, "addr:housenumber": null, "phone": null, "layer": null, "addr:unit": null, "healthcare": null, "addr:postcode": null, "operator:wikidata": null, "waste": null, "building:flats": null, "community_centre": null, "healthcare:speciality": null, "type": null, "bus": null, "internet_access": null, "public_transport": null, "wheelchair": null, "wikidata": null, "wikipedia": null, "network": null }, "geometry": { "type": "Polygon", "coordinates": [ [ [ 991398.821727210772224, 1004180.547116882051341 ], [ 991430.330465066130273, 1004149.602940702927299 ], [ 991462.05690364073962, 1004181.845093584153801 ], [ 991430.881001142901368, 1004212.424301709514111 ], [ 991398.821727210772224, 1004180.547116882051341 ] ] ] } },
{ "type": "Feature", "properties": { "element": "way", "id": 319611800, "addr:city": null, "addr:street": null, "alt_name": null, "brand:wikidata": null, "brand:wikipedia": null, "building": "yes", "name": "Merkacol #3", "operator": null, "shop": "supermarket", "amenity": null, "check_date": null, "denomination": null, "religion": null, "building:levels": null, "source": null, "addr:housenumber": null, "phone": null, "layer": null, "addr:unit": null, "healthcare": null, "addr:postcode": null, "operator:wikidata": null, "waste": null, "building:flats": null, "community_centre": null, "healthcare:speciality": null, "type": null, "bus": null, "internet_access": null, "public_transport": null, "wheelchair": null, "wikidata": null, "wikipedia": null, "network": null }, "geometry": { "type": "Polygon", "coordinates": [ [ [ 992220.921092501026578, 1005745.30218358640559 ], [ 992229.951958364574239, 1005735.769150310312398 ], [ 992250.465567275299691, 1005714.115234215860255 ], [ 992229.148957473575138, 1005694.190529429586604 ], [ 992199.604482329916209, 1005725.366428518085741 ], [ 992220.921092501026578, 1005745.30218358640559 ] ] ] } },
{ "type": "Feature", "properties": { "element": "way", "id": 352332838, "addr:city": "Kennedy", "addr:street": "Transversal 80G", "alt_name": null, "brand:wikidata": null, "brand:wikipedia": null, "building": "yes", "name": "Yeis Pan", "operator": null, "shop": "bakery", "amenity": null, "check_date": null, "denomination": null, "religion": null, "building:levels": null, "source": "Kaart Ground Survey 2017", "addr:housenumber": null, "phone": null, "layer": null, "addr:unit": null, "healthcare": null, "addr:postcode": null, "operator:wikidata": null, "waste": null, "building:flats": null, "community_centre": null, "healthcare:speciality": null, "type": null, "bus": null, "internet_access": null, "public_transport": null, "wheelchair": null, "wikidata": null, "wikipedia": null, "network": null }, "geometry": { "type": "Polygon", "coordinates": [ [ [ 991633.180008759954944, 1004423.336978051345795 ], [ 991639.760503115132451, 1004429.904826942598447 ], [ 991646.461647580377758, 1004423.26921734213829 ], [ 991639.892249026335776, 1004416.701366722118109 ], [ 991633.180008759954944, 1004423.336978051345795 ] ] ] } },
{ "type": "Feature", "properties": { "element": "way", "id": 352332948, "addr:city": null, "addr:street": null, "alt_name": null, "brand:wikidata": null, "brand:wikipedia": null, "building": "yes", "name": "Autoservicio", "operator": null, "shop": "supermarket", "amenity": null, "check_date": null, "denomination": null, "religion": null, "building:levels": null, "source": null, "addr:housenumber": null, "phone": null, "layer": null, "addr:unit": null, "healthcare": null, "addr:postcode": null, "operator:wikidata": null, "waste": null, "building:flats": null, "community_centre": null, "healthcare:speciality": null, "type": null, "bus": null, "internet_access": null, "public_transport": null, "wheelchair": null, "wikidata": null, "wikipedia": null, "network": null }, "geometry": { "type": "Polygon", "coordinates": [ [ [ 991639.892249026335776, 1004416.701366722118109 ], [ 991646.461647580377758, 1004423.26921734213829 ], [ 991651.732699487707578, 1004428.521284947171807 ], [ 991659.543306759907864, 1004420.790800632792525 ], [ 991647.702857521129772, 1004408.98193941777572 ], [ 991639.892249026335776, 1004416.701366722118109 ] ] ] } },
{ "type": "Feature", "properties": { "element": "way", "id": 364043383, "addr:city": null, "addr:street": null, "alt_name": null, "brand:wikidata": null, "brand:wikipedia": null, "building": "apartments", "name": null, "operator": null, "shop": null, "amenity": null, "check_date": null, "denomination": null, "religion": null, "building:levels": "13", "source": null, "addr:housenumber": null, "phone": null, "layer": null, "addr:unit": null, "healthcare": null, "addr:postcode": null, "operator:wikidata": null, "waste": null, "building:flats": null, "community_centre": null, "healthcare:speciality": null, "type": null, "bus": null, "internet_access": null, "public_transport": null, "wheelchair": null, "wikidata": null, "wikipedia": null, "network": null }, "geometry": { "type": "Polygon", "coordinates": [ [ [ 993344.851125976885669, 1005511.794148942572065 ], [ 993346.682019588537514, 1005513.165205828147009 ], [ 993345.616960054496303, 1005514.580740886041895 ], [ 993352.762921477435157, 1005519.091865521389991 ], [ 993365.188964457949623, 1005506.661439792253077 ], [ 993363.125037729158066, 1005504.991831806139089 ], [ 993365.077700692345388, 1005503.023313848418184 ], [ 993366.908631529309787, 1005504.836697683902457 ], [ 993378.380416237865575, 1005491.941911989357322 ], [ 993376.34977348393295, 1005490.23912636609748 ], [ 993377.348290017573163, 1005489.177458547288552 ], [ 993372.987366363056935, 1005485.108422979596071 ], [ 993371.944443992106244, 1005485.893640550435521 ], [ 993370.590647099073976, 1005484.345612190896645 ], [ 993358.464164659613743, 1005496.576964669628069 ], [ 993360.317289850325324, 1005498.423520960495807 ], [ 993358.553242170717567, 1005500.270383290247992 ], [ 993356.744511636905372, 1005498.567579390131868 ], [ 993344.851125976885669, 1005511.794148942572065 ] ] ] } },
{ "type": "Feature", "properties": { "element": "way", "id": 364043384, "addr:city": null, "addr:street": null, "alt_name": null, "brand:wikidata": null, "brand:wikipedia": null, "building": "apartments", "name": null, "operator": null, "shop": null, "amenity": null, "check_date": null, "denomination": null, "religion": null, "building:levels": "13", "source": null, "addr:housenumber": null, "phone": null, "layer": null, "addr:unit": null, "healthcare": null, "addr:postcode": null, "operator:wikidata": null, "waste": null, "building:flats": null, "community_centre": null, "healthcare:speciality": null, "type": null, "bus": null, "internet_access": null, "public_transport": null, "wheelchair": null, "wikidata": null, "wikipedia": null, "network": null }, "geometry": { "type": "Polygon", "coordinates": [ [ [ 993350.015691877924837, 1005441.054648209479637 ], [ 993363.420214740559459, 1005452.896805258933455 ], [ 993364.951262882445008, 1005451.138428067439236 ], [ 993367.259332180372439, 1005453.250341946375556 ], [ 993365.661700910888612, 1005454.898143101250753 ], [ 993378.766671632998623, 1005467.14948006614577 ], [ 993382.5500034452416, 1005463.864886895986274 ], [ 993383.848271049093455, 1005464.804721225169487 ], [ 993382.372675722581334, 1005466.264523002901115 ], [ 993395.710582126979716, 1005477.708597307559103 ], [ 993402.744582030922174, 1005470.254804586758837 ], [ 993390.050104495487176, 1005457.417346510337666 ], [ 993385.556725509930402, 1005461.575593933928758 ], [ 993384.147462451714091, 1005460.171326128300279 ], [ 993385.856040955521166, 1005458.41293438221328 ], [ 993372.751139002502896, 1005446.979900236940011 ], [ 993371.098023741389625, 1005448.561356988037005 ], [ 993369.200502984691411, 1005446.571048098383471 ], [ 993370.498562766122632, 1005445.044912104262039 ], [ 993357.981639656238258, 1005432.605538011412136 ], [ 993356.395114082144573, 1005434.374978185398504 ], [ 993355.507393370382488, 1005433.545691174454987 ], [ 993350.958591915201396, 1005438.356376808020286 ], [ 993352.079340532654896, 1005439.417865434661508 ], [ 993350.015691877924837, 1005441.054648209479637 ] ] ] } },
{ "type": "Feature", "properties": { "element": "way", "id": 364043385, "addr:city": null, "addr:street": null, "alt_name": null, "brand:wikidata": null, "brand:wikipedia": null, "building": "apartments", "name": null, "operator": null, "shop": null, "amenity": null, "check_date": null, "denomination": null, "religion": null, "building:levels": "13", "source": null, "addr:housenumber": null, "phone": null, "layer": null, "addr:unit": null, "healthcare": null, "addr:postcode": null, "operator:wikidata": null, "waste": null, "building:flats": null, "community_centre": null, "healthcare:speciality": null, "type": null, "bus": null, "internet_access": null, "public_transport": null, "wheelchair": null, "wikidata": null, "wikipedia": null, "network": null }, "geometry": { "type": "Polygon", "coordinates": [ [ [ 993289.294187458930537, 1005498.153107261983678 ], [ 993291.058521871338598, 1005499.678982825134881 ], [ 993289.937949110521004, 1005500.674313222523779 ], [ 993294.54297806089744, 1005504.721207057009451 ], [ 993295.486030321219005, 1005503.836473510949872 ], [ 993297.028436948079616, 1005505.185437568463385 ], [ 993323.478169115260243, 1005478.975338737596758 ], [ 993321.880263616680168, 1005477.383099323022179 ], [ 993323.644288392737508, 1005475.270840285811573 ], [ 993325.71932083601132, 1005477.039969757199287 ], [ 993336.869338236865588, 1005464.244728871621192 ], [ 993335.460084672900848, 1005462.962101710727438 ], [ 993336.514039723435417, 1005461.435985862510279 ], [ 993331.376415610546246, 1005457.333844041218981 ], [ 993330.677470899303444, 1005458.273847201839089 ], [ 993328.779973770841025, 1005456.571051486651413 ], [ 993317.330338875646703, 1005468.946108846110292 ], [ 993319.039230079040863, 1005470.881141747580841 ], [ 993317.219721547677182, 1005472.927056637126952 ], [ 993315.266751992399804, 1005471.290614938829094 ], [ 993303.395467835362069, 1005483.433488938724622 ], [ 993305.292974311392754, 1005485.246865672175772 ], [ 993303.162809757399373, 1005487.536086970823817 ], [ 993301.098858539364301, 1005485.60108470916748 ], [ 993289.294187458930537, 1005498.153107261983678 ] ] ] } },
{ "type": "Feature", "properties": { "element": "way", "id": 364043386, "addr:city": null, "addr:street": null, "alt_name": null, "brand:wikidata": null, "brand:wikipedia": null, "building": "apartments", "name": null, "operator": null, "shop": null, "amenity": null, "check_date": null, "denomination": null, "religion": null, "building:levels": "12", "source": null, "addr:housenumber": null, "phone": null, "layer": null, "addr:unit": null, "healthcare": null, "addr:postcode": null, "operator:wikidata": null, "waste": null, "building:flats": null, "community_centre": null, "healthcare:speciality": null, "type": null, "bus": null, "internet_access": null, "public_transport": null, "wheelchair": null, "wikidata": null, "wikipedia": null, "network": null }, "geometry": { "type": "Polygon", "coordinates": [ [ [ 993267.581887472537346, 1005390.160954977502115 ], [ 993280.076808995334432, 1005404.568669520318508 ], [ 993335.939277552301064, 1005356.77053190744482 ], [ 993323.444358904846013, 1005342.36280868423637 ], [ 993267.581887472537346, 1005390.160954977502115 ] ] ] } },
{ "type": "Feature", "properties": { "element": "way", "id": 364043387, "addr:city": null, "addr:street": null, "alt_name": null, "brand:wikidata": null, "brand:wikipedia": null, "building": "yes", "name": null, "operator": null, "shop": null, "amenity": null, "check_date": null, "denomination": null, "religion": null, "building:levels": "3", "source": null, "addr:housenumber": null, "phone": null, "layer": null, "addr:unit": null, "healthcare": null, "addr:postcode": null, "operator:wikidata": null, "waste": null, "building:flats": null, "community_centre": null, "healthcare:speciality": null, "type": null, "bus": null, "internet_access": null, "public_transport": null, "wheelchair": null, "wikidata": null, "wikipedia": null, "network": null }, "geometry": { "type": "Polygon", "coordinates": [ [ [ 993430.035107416217215, 1005546.476426555891521 ], [ 993432.031741630868055, 1005539.587024418404326 ], [ 993462.756484223646112, 1005551.361401758971624 ], [ 993459.838924601092003, 1005558.40569411648903 ], [ 993430.035107416217215, 1005546.476426555891521 ] ] ] } },
{ "type": "Feature", "properties": { "element": "way", "id": 364043388, "addr:city": null, "addr:street": null, "alt_name": null, "brand:wikidata": null, "brand:wikipedia": null, "building": "apartments", "name": null, "operator": null, "shop": null, "amenity": null, "check_date": null, "denomination": null, "religion": null, "building:levels": "12", "source": null, "addr:housenumber": null, "phone": null, "layer": null, "addr:unit": null, "healthcare": null, "addr:postcode": null, "operator:wikidata": null, "waste": null, "building:flats": null, "community_centre": null, "healthcare:speciality": null, "type": null, "bus": null, "internet_access": null, "public_transport": null, "wheelchair": null, "wikidata": null, "wikipedia": null, "network": null }, "geometry": { "type": "Polygon", "coordinates": [ [ [ 993236.316944991587661, 1005419.932214848697186 ], [ 993248.898414916940965, 1005408.552282997174188 ], [ 993297.756473347661085, 1005455.125075070536695 ], [ 993285.907363615464419, 1005467.068902855738997 ], [ 993236.316944991587661, 1005419.932214848697186 ] ] ] } },
{ "type": "Feature", "properties": { "element": "way", "id": 364043389, "addr:city": null, "addr:street": null, "alt_name": null, "brand:wikidata": null, "brand:wikipedia": null, "building": "apartments", "name": null, "operator": null, "shop": null, "amenity": null, "check_date": null, "denomination": null, "religion": null, "building:levels": "5", "source": null, "addr:housenumber": null, "phone": null, "layer": null, "addr:unit": null, "healthcare": null, "addr:postcode": null, "operator:wikidata": null, "waste": null, "building:flats": null, "community_centre": null, "healthcare:speciality": null, "type": null, "bus": null, "internet_access": null, "public_transport": null, "wheelchair": null, "wikidata": null, "wikipedia": null, "network": null }, "geometry": { "type": "Polygon", "coordinates": [ [ [ 993422.775358302751556, 1005508.094153940444812 ], [ 993435.136856636381708, 1005519.770538135897368 ], [ 993412.758953938260674, 1005543.138309750705957 ], [ 993400.586148313828744, 1005532.258100823848508 ], [ 993422.775358302751556, 1005508.094153940444812 ] ] ] } },
{ "type": "Feature", "properties": { "element": "way", "id": 364043390, "addr:city": null, "addr:street": null, "alt_name": null, "brand:wikidata": null, "brand:wikipedia": null, "building": "yes", "name": null, "operator": null, "shop": null, "amenity": null, "check_date": null, "denomination": null, "religion": null, "building:levels": "3", "source": null, "addr:housenumber": null, "phone": null, "layer": null, "addr:unit": null, "healthcare": null, "addr:postcode": null, "operator:wikidata": null, "waste": null, "building:flats": null, "community_centre": null, "healthcare:speciality": null, "type": null, "bus": null, "internet_access": null, "public_transport": null, "wheelchair": null, "wikidata": null, "wikipedia": null, "network": null }, "geometry": { "type": "Polygon", "coordinates": [ [ [ 993432.941338814212941, 1005536.678651661379263 ], [ 993435.537165574845858, 1005530.132002526544966 ], [ 993465.085776016698219, 1005541.906479176599532 ], [ 993462.589807741809636, 1005548.453119008918293 ], [ 993432.941338814212941, 1005536.678651661379263 ] ] ] } },
{ "type": "Feature", "properties": { "element": "way", "id": 364043391, "addr:city": null, "addr:street": null, "alt_name": null, "brand:wikidata": null, "brand:wikipedia": null, "building": "apartments", "name": null, "operator": null, "shop": null, "amenity": null, "check_date": null, "denomination": null, "religion": null, "building:levels": "12", "source": null, "addr:housenumber": null, "phone": null, "layer": null, "addr:unit": null, "healthcare": null, "addr:postcode": null, "operator:wikidata": null, "waste": null, "building:flats": null, "community_centre": null, "healthcare:speciality": null, "type": null, "bus": null, "internet_access": null, "public_transport": null, "wheelchair": null, "wikidata": null, "wikipedia": null, "network": null }, "geometry": { "type": "Polygon", "coordinates": [ [ [ 993301.95890091615729, 1005422.127160696894862 ], [ 993314.719866984407417, 1005433.726084860507399 ], [ 993381.487264987779781, 1005361.223118066671304 ], [ 993368.726297280634753, 1005349.624183240346611 ], [ 993301.95890091615729, 1005422.127160696894862 ] ] ] } },
{ "type": "Feature", "properties": { "element": "way", "id": 364043392, "addr:city": null, "addr:street": null, "alt_name": null, "brand:wikidata": null, "brand:wikipedia": null, "building": "apartments", "name": null, "operator": null, "shop": null, "amenity": null, "check_date": null, "denomination": null, "religion": null, "building:levels": "12", "source": null, "addr:housenumber": null, "phone": null, "layer": null, "addr:unit": null, "healthcare": null, "addr:postcode": null, "operator:wikidata": null, "waste": null, "building:flats": null, "community_centre": null, "healthcare:speciality": null, "type": null, "bus": null, "internet_access": null, "public_transport": null, "wheelchair": null, "wikidata": null, "wikipedia": null, "network": null }, "geometry": { "type": "Polygon", "coordinates": [ [ [ 993193.268079340923578, 1005445.225952939828858 ], [ 993270.240925334859639, 1005473.915246919728816 ], [ 993263.895636600907892, 1005490.337162197800353 ], [ 993186.090632141102105, 1005461.647946736426093 ], [ 993193.268079340923578, 1005445.225952939828858 ] ] ] } },
{ "type": "Feature", "properties": { "element": "way", "id": 364043393, "addr:city": null, "addr:street": null, "alt_name": null, "brand:wikidata": null, "brand:wikipedia": null, "building": "apartments", "name": null, "operator": null, "shop": null, "amenity": null, "check_date": null, "denomination": null, "religion": null, "building:levels": "5", "source": null, "addr:housenumber": null, "phone": null, "layer": null, "addr:unit": null, "healthcare": null, "addr:postcode": null, "operator:wikidata": null, "waste": null, "building:flats": null, "community_centre": null, "healthcare:speciality": null, "type": null, "bus": null, "internet_access": null, "public_transport": null, "wheelchair": null, "wikidata": null, "wikipedia": null, "network": null }, "geometry": { "type": "Polygon", "coordinates": [ [ [ 993428.722091661649756, 1005501.890026917797513 ], [ 993441.072494443971664, 1005513.566412959480658 ], [ 993504.533832760178484, 1005445.796719507779926 ], [ 993491.961536559509113, 1005434.363621621741913 ], [ 993428.722091661649756, 1005501.890026917797513 ] ] ] } },
{ "type": "Feature", "properties": { "element": "way", "id": 364043394, "addr:city": null, "addr:street": null, "alt_name": null, "brand:wikidata": null, "brand:wikipedia": null, "building": "yes", "name": null, "operator": null, "shop": null, "amenity": null, "check_date": null, "denomination": null, "religion": null, "building:levels": "3", "source": null, "addr:housenumber": null, "phone": null, "layer": null, "addr:unit": null, "healthcare": null, "addr:postcode": null, "operator:wikidata": null, "waste": null, "building:flats": null, "community_centre": null, "healthcare:speciality": null, "type": null, "bus": null, "internet_access": null, "public_transport": null, "wheelchair": null, "wikidata": null, "wikipedia": null, "network": null }, "geometry": { "type": "Polygon", "coordinates": [ [ [ 993318.64245146617759, 1005502.175774517469108 ], [ 993323.546282679890282, 1005497.077544440398924 ], [ 993336.118583504692651, 1005508.388975935988128 ], [ 993331.758398133097216, 1005513.022716235835105 ], [ 993326.210219389176928, 1005508.68838821456302 ], [ 993323.847060954081826, 1005511.143501211889088 ], [ 993320.595809796941467, 1005508.390295437071472 ], [ 993322.603887635399587, 1005505.691932982299477 ], [ 993318.64245146617759, 1005502.175774517469108 ] ] ] } },
{ "type": "Feature", "properties": { "element": "way", "id": 371667589, "addr:city": null, "addr:street": "Calle 7A Bis", "alt_name": null, "brand:wikidata": null, "brand:wikipedia": null, "building": "apartments", "name": "Plaza del Moro", "operator": null, "shop": null, "amenity": null, "check_date": null, "denomination": null, "religion": null, "building:levels": null, "source": null, "addr:housenumber": "79D-31", "phone": null, "layer": null, "addr:unit": null, "healthcare": null, "addr:postcode": null, "operator:wikidata": null, "waste": null, "building:flats": null, "community_centre": null, "healthcare:speciality": null, "type": null, "bus": null, "internet_access": null, "public_transport": null, "wheelchair": null, "wikidata": null, "wikipedia": null, "network": null }, "geometry": { "type": "Polygon", "coordinates": [ [ [ 992217.018152216682211, 1004653.021405814797617 ], [ 992256.270674820523709, 1004610.178210557671264 ], [ 992224.711540580843575, 1004581.651267597335391 ], [ 992185.459020452224649, 1004624.494478342821822 ], [ 992217.018152216682211, 1004653.021405814797617 ] ] ] } },
{ "type": "Feature", "properties": { "element": "way", "id": 371667590, "addr:city": null, "addr:street": "Calle 7A Bis", "alt_name": null, "brand:wikidata": null, "brand:wikipedia": null, "building": "apartments", "name": "Quintanar del CID - Occidental", "operator": null, "shop": null, "amenity": null, "check_date": null, "denomination": null, "religion": null, "building:levels": "5", "source": null, "addr:housenumber": "79C - 23", "phone": null, "layer": null, "addr:unit": null, "healthcare": null, "addr:postcode": null, "operator:wikidata": null, "waste": null, "building:flats": null, "community_centre": null, "healthcare:speciality": null, "type": null, "bus": null, "internet_access": null, "public_transport": null, "wheelchair": null, "wikidata": null, "wikipedia": null, "network": null }, "geometry": { "type": "Polygon", "coordinates": [ [ [ 992281.699640184408054, 1004584.775112659553997 ], [ 992259.206499037100002, 1004563.965863507241011 ], [ 992286.465919693233445, 1004534.880219727521762 ], [ 992308.959060627385043, 1004555.678418377996422 ], [ 992307.128452124889009, 1004557.635892047546804 ], [ 992281.699640184408054, 1004584.775112659553997 ] ] ] } },
{ "type": "Feature", "properties": { "element": "way", "id": 371669558, "addr:city": null, "addr:street": "Calle 7A Bis", "alt_name": null, "brand:wikidata": null, "brand:wikipedia": null, "building": "apartments", "name": "Quintanar del CID - Oriental", "operator": null, "shop": null, "amenity": null, "check_date": null, "denomination": null, "religion": null, "building:levels": "5", "source": null, "addr:housenumber": "79C - 81", "phone": null, "layer": null, "addr:unit": null, "healthcare": null, "addr:postcode": null, "operator:wikidata": null, "waste": null, "building:flats": null, "community_centre": null, "healthcare:speciality": null, "type": null, "bus": null, "internet_access": null, "public_transport": null, "wheelchair": null, "wikidata": null, "wikipedia": null, "network": null }, "geometry": { "type": "Polygon", "coordinates": [ [ [ 992292.624351821257733, 1004537.787912359577604 ], [ 992313.47524580580648, 1004557.845376443467103 ], [ 992329.684557098196819, 1004541.544063562527299 ], [ 992341.100921767065302, 1004529.511671159998514 ], [ 992320.250027534319088, 1004509.454199888859876 ], [ 992292.624351821257733, 1004537.787912359577604 ] ] ] } },
{ "type": "Feature", "properties": { "element": "way", "id": 371669559, "addr:city": null, "addr:street": null, "alt_name": null, "brand:wikidata": null, "brand:wikipedia": null, "building": "apartments", "name": "Molinos de Aragón", "operator": null, "shop": null, "amenity": null, "check_date": null, "denomination": null, "religion": null, "building:levels": null, "source": null, "addr:housenumber": "78H - 95", "phone": null, "layer": null, "addr:unit": null, "healthcare": null, "addr:postcode": null, "operator:wikidata": null, "waste": null, "building:flats": null, "community_centre": null, "healthcare:speciality": null, "type": null, "bus": null, "internet_access": null, "public_transport": null, "wheelchair": null, "wikidata": null, "wikipedia": null, "network": null }, "geometry": { "type": "Polygon", "coordinates": [ [ [ 992360.334147958317772, 1004459.26835985458456 ], [ 992331.920909128268249, 1004490.355616354616359 ], [ 992361.737845196155831, 1004517.235104807652533 ], [ 992373.431559847202152, 1004504.660840459167957 ], [ 992381.220006658229977, 1004496.609744129935279 ], [ 992389.851528956904076, 1004486.446458237012848 ], [ 992360.334147958317772, 1004459.26835985458456 ] ] ] } },
{ "type": "Feature", "properties": { "element": "way", "id": 371669565, "addr:city": null, "addr:street": null, "alt_name": null, "brand:wikidata": null, "brand:wikipedia": null, "building": "apartments", "name": "León de Castilla", "operator": null, "shop": null, "amenity": null, "check_date": null, "denomination": null, "religion": null, "building:levels": null, "source": null, "addr:housenumber": "7A - 61", "phone": null, "layer": null, "addr:unit": null, "healthcare": null, "addr:postcode": null, "operator:wikidata": null, "waste": null, "building:flats": null, "community_centre": null, "healthcare:speciality": null, "type": null, "bus": null, "internet_access": null, "public_transport": null, "wheelchair": null, "wikidata": null, "wikipedia": null, "network": null }, "geometry": { "type": "Polygon", "coordinates": [ [ [ 992365.068974544876255, 1004656.224813530687243 ], [ 992321.56872760632541, 1004605.715367277152836 ], [ 992341.472856937092729, 1004588.805496882530861 ], [ 992384.973099046153948, 1004639.303895717603154 ], [ 992365.068974544876255, 1004656.224813530687243 ] ] ] } },
{ "type": "Feature", "properties": { "element": "way", "id": 371669567, "addr:city": null, "addr:street": null, "alt_name": null, "brand:wikidata": null, "brand:wikipedia": null, "building": "apartments", "name": "Aranda del Duero", "operator": null, "shop": null, "amenity": null, "check_date": null, "denomination": null, "religion": null, "building:levels": null, "source": null, "addr:housenumber": "7A - 61", "phone": null, "layer": null, "addr:unit": null, "healthcare": null, "addr:postcode": null, "operator:wikidata": null, "waste": null, "building:flats": null, "community_centre": null, "healthcare:speciality": null, "type": null, "bus": null, "internet_access": null, "public_transport": null, "wheelchair": null, "wikidata": null, "wikipedia": null, "network": null }, "geometry": { "type": "Polygon", "coordinates": [ [ [ 992281.69392768968828, 1004639.612537454464473 ], [ 992322.309534219559282, 1004692.621388455154374 ], [ 992346.041570694302209, 1004674.671677550999448 ], [ 992305.414876595023088, 1004621.673873880878091 ], [ 992281.69392768968828, 1004639.612537454464473 ] ] ] } },
{ "type": "Feature", "properties": { "element": "way", "id": 371669569, "addr:city": null, "addr:street": null, "alt_name": null, "brand:wikidata": null, "brand:wikipedia": null, "building": "apartments", "name": "Talavera de la Reina", "operator": null, "shop": null, "amenity": null, "check_date": null, "denomination": null, "religion": null, "building:levels": null, "source": null, "addr:housenumber": "7A - 71", "phone": null, "layer": null, "addr:unit": null, "healthcare": null, "addr:postcode": null, "operator:wikidata": null, "waste": null, "building:flats": null, "community_centre": null, "healthcare:speciality": null, "type": null, "bus": null, "internet_access": null, "public_transport": null, "wheelchair": null, "wikidata": null, "wikipedia": null, "network": null }, "geometry": { "type": "Polygon", "coordinates": [ [ [ 992366.770255343406461, 1004579.348308820277452 ], [ 992407.974162013735622, 1004634.977930042427033 ], [ 992432.183594069560058, 1004619.538402515114285 ], [ 992391.345683398190886, 1004562.117311396752484 ], [ 992366.770255343406461, 1004579.348308820277452 ] ] ] } },
{ "type": "Feature", "properties": { "element": "way", "id": 371669570, "addr:city": null, "addr:street": null, "alt_name": null, "brand:wikidata": null, "brand:wikipedia": null, "building": "apartments", "name": "Valdepeñas", "operator": null, "shop": null, "amenity": null, "check_date": null, "denomination": null, "religion": null, "building:levels": null, "source": null, "addr:housenumber": "7A - 47", "phone": null, "layer": null, "addr:unit": null, "healthcare": null, "addr:postcode": null, "operator:wikidata": null, "waste": null, "building:flats": null, "community_centre": null, "healthcare:speciality": null, "type": null, "bus": null, "internet_access": null, "public_transport": null, "wheelchair": null, "wikidata": null, "wikipedia": null, "network": null }, "geometry": { "type": "Polygon", "coordinates": [ [ [ 992238.388257033075206, 1004650.000414900365286 ], [ 992245.399974503205158, 1004641.960439241840504 ], [ 992276.071222362224944, 1004668.497008544625714 ], [ 992268.171755778021179, 1004675.630299534765072 ], [ 992238.388257033075206, 1004650.000414900365286 ] ] ] } },
{ "type": "Feature", "properties": { "element": "way", "id": 371669578, "addr:city": null, "addr:street": "Carrera 79B", "alt_name": null, "brand:wikidata": null, "brand:wikipedia": null, "building": "detached", "name": null, "operator": null, "shop": null, "amenity": null, "check_date": null, "denomination": null, "religion": null, "building:levels": null, "source": null, "addr:housenumber": "7A - 16", "phone": null, "layer": null, "addr:unit": null, "healthcare": null, "addr:postcode": null, "operator:wikidata": null, "waste": null, "building:flats": null, "community_centre": null, "healthcare:speciality": null, "type": null, "bus": null, "internet_access": null, "public_transport": null, "wheelchair": null, "wikidata": null, "wikipedia": null, "network": null }, "geometry": { "type": "Polygon", "coordinates": [ [ [ 992383.176521292189136, 1004534.395291721448302 ], [ 992387.637401265325025, 1004538.364739677635953 ], [ 992397.677996937651187, 1004527.327723345719278 ], [ 992393.683146347757429, 1004523.435636879876256 ], [ 992383.176521292189136, 1004534.395291721448302 ] ] ] } },
{ "type": "Feature", "properties": { "element": "way", "id": 371669579, "addr:city": null, "addr:street": "Carrera 79B", "alt_name": null, "brand:wikidata": null, "brand:wikipedia": null, "building": "detached", "name": null, "operator": null, "shop": null, "amenity": null, "check_date": null, "denomination": null, "religion": null, "building:levels": null, "source": null, "addr:housenumber": "7A - 22", "phone": null, "layer": null, "addr:unit": null, "healthcare": null, "addr:postcode": null, "operator:wikidata": null, "waste": null, "building:flats": null, "community_centre": null, "healthcare:speciality": null, "type": null, "bus": null, "internet_access": null, "public_transport": null, "wheelchair": null, "wikidata": null, "wikipedia": null, "network": null }, "geometry": { "type": "Polygon", "coordinates": [ [ [ 992387.637401265325025, 1004538.364739677635953 ], [ 992392.153793819481507, 1004542.688043675967492 ], [ 992402.482938095810823, 1004532.259198901825584 ], [ 992397.677996937651187, 1004527.327723345719278 ], [ 992387.637401265325025, 1004538.364739677635953 ] ] ] } },
{ "type": "Feature", "properties": { "element": "way", "id": 371669580, "addr:city": null, "addr:street": "Carrera 79B", "alt_name": null, "brand:wikidata": null, "brand:wikipedia": null, "building": "detached", "name": null, "operator": null, "shop": null, "amenity": null, "check_date": null, "denomination": null, "religion": null, "building:levels": null, "source": null, "addr:housenumber": "7A - 24", "phone": null, "layer": null, "addr:unit": null, "healthcare": null, "addr:postcode": null, "operator:wikidata": null, "waste": null, "building:flats": null, "community_centre": null, "healthcare:speciality": null, "type": null, "bus": null, "internet_access": null, "public_transport": null, "wheelchair": null, "wikidata": null, "wikipedia": null, "network": null }, "geometry": { "type": "Polygon", "coordinates": [ [ [ 992392.153793819481507, 1004542.688043675967492 ], [ 992396.792241356801242, 1004547.033452451927587 ], [ 992406.93275453755632, 1004536.571452006581239 ], [ 992402.482938095810823, 1004532.259198901825584 ], [ 992392.153793819481507, 1004542.688043675967492 ] ] ] } },
{ "type": "Feature", "properties": { "element": "way", "id": 371669581, "addr:city": null, "addr:street": "Carrera 79B", "alt_name": null, "brand:wikidata": null, "brand:wikipedia": null, "building": "detached", "name": null, "operator": null, "shop": null, "amenity": null, "check_date": null, "denomination": null, "religion": null, "building:levels": null, "source": null, "addr:housenumber": "7A - 28", "phone": null, "layer": null, "addr:unit": null, "healthcare": null, "addr:postcode": null, "operator:wikidata": null, "waste": null, "building:flats": null, "community_centre": null, "healthcare:speciality": null, "type": null, "bus": null, "internet_access": null, "public_transport": null, "wheelchair": null, "wikidata": null, "wikipedia": null, "network": null }, "geometry": { "type": "Polygon", "coordinates": [ [ [ 992396.792241356801242, 1004547.033452451927587 ], [ 992401.907852990669198, 1004551.865374489920214 ], [ 992411.992889546905644, 1004541.425496368086897 ], [ 992406.93275453755632, 1004536.571452006581239 ], [ 992396.792241356801242, 1004547.033452451927587 ] ] ] } },
{ "type": "Feature", "properties": { "element": "way", "id": 371669582, "addr:city": null, "addr:street": "Carrera 79B", "alt_name": null, "brand:wikidata": null, "brand:wikipedia": null, "building": "detached", "name": null, "operator": null, "shop": null, "amenity": null, "check_date": null, "denomination": null, "religion": null, "building:levels": null, "source": null, "addr:housenumber": "7A - 30", "phone": null, "layer": null, "addr:unit": null, "healthcare": null, "addr:postcode": null, "operator:wikidata": null, "waste": null, "building:flats": null, "community_centre": null, "healthcare:speciality": null, "type": null, "bus": null, "internet_access": null, "public_transport": null, "wheelchair": null, "wikidata": null, "wikipedia": null, "network": null }, "geometry": { "type": "Polygon", "coordinates": [ [ [ 992401.907852990669198, 1004551.865374489920214 ], [ 992406.668353845714591, 1004556.221830210415646 ], [ 992416.575871115317568, 1004545.91466774372384 ], [ 992411.992889546905644, 1004541.425496368086897 ], [ 992401.907852990669198, 1004551.865374489920214 ] ] ] } },
{ "type": "Feature", "properties": { "element": "way", "id": 371669583, "addr:city": null, "addr:street": "Carrera 79B", "alt_name": null, "brand:wikidata": null, "brand:wikipedia": null, "building": "detached", "name": null, "operator": null, "shop": null, "amenity": null, "check_date": null, "denomination": null, "religion": null, "building:levels": null, "source": null, "addr:housenumber": "7A - 34", "phone": null, "layer": null, "addr:unit": null, "healthcare": null, "addr:postcode": null, "operator:wikidata": null, "waste": null, "building:flats": null, "community_centre": null, "healthcare:speciality": null, "type": null, "bus": null, "internet_access": null, "public_transport": null, "wheelchair": null, "wikidata": null, "wikipedia": null, "network": null }, "geometry": { "type": "Polygon", "coordinates": [ [ [ 992406.668353845714591, 1004556.221830210415646 ], [ 992411.550934176426381, 1004560.854728468344547 ], [ 992421.458451482700184, 1004550.547566605731845 ], [ 992416.575871115317568, 1004545.91466774372384 ], [ 992406.668353845714591, 1004556.221830210415646 ] ] ] } },
{ "type": "Feature", "properties": { "element": "way", "id": 387226669, "addr:city": null, "addr:street": null, "alt_name": null, "brand:wikidata": null, "brand:wikipedia": null, "building": "yes", "name": null, "operator": null, "shop": "bakery", "amenity": null, "check_date": null, "denomination": null, "religion": null, "building:levels": null, "source": null, "addr:housenumber": null, "phone": null, "layer": null, "addr:unit": null, "healthcare": null, "addr:postcode": null, "operator:wikidata": null, "waste": null, "building:flats": null, "community_centre": null, "healthcare:speciality": null, "type": null, "bus": null, "internet_access": null, "public_transport": null, "wheelchair": null, "wikidata": null, "wikipedia": null, "network": null }, "geometry": { "type": "Polygon", "coordinates": [ [ [ 991682.416980550158769, 1004470.671750023728237 ], [ 991679.176667967811227, 1004467.387818465009332 ], [ 991684.535374838509597, 1004462.178857071790844 ], [ 991687.764590463135391, 1004465.451731856795959 ], [ 991682.416980550158769, 1004470.671750023728237 ] ] ] } },
{ "type": "Feature", "properties": { "element": "way", "id": 409634725, "addr:city": null, "addr:street": null, "alt_name": null, "brand:wikidata": null, "brand:wikipedia": null, "building": "house", "name": null, "operator": null, "shop": null, "amenity": null, "check_date": null, "denomination": null, "religion": null, "building:levels": null, "source": null, "addr:housenumber": null, "phone": null, "layer": null, "addr:unit": null, "healthcare": null, "addr:postcode": null, "operator:wikidata": null, "waste": null, "building:flats": null, "community_centre": null, "healthcare:speciality": null, "type": null, "bus": null, "internet_access": null, "public_transport": null, "wheelchair": null, "wikidata": null, "wikipedia": null, "network": null }, "geometry": { "type": "Polygon", "coordinates": [ [ [ 992983.950576059054583, 1004593.047167009557597 ], [ 993003.289861696190201, 1004586.211500664707273 ], [ 992998.584118746919557, 1004573.362337361206301 ], [ 992997.55195564427413, 1004570.465191300143488 ], [ 992978.268121663131751, 1004577.035458184196614 ], [ 992983.950576059054583, 1004593.047167009557597 ] ] ] } },
{ "type": "Feature", "properties": { "element": "way", "id": 409634726, "addr:city": null, "addr:street": null, "alt_name": null, "brand:wikidata": null, "brand:wikipedia": null, "building": "house", "name": null, "operator": null, "shop": null, "amenity": null, "check_date": null, "denomination": null, "religion": null, "building:levels": null, "source": null, "addr:housenumber": null, "phone": null, "layer": null, "addr:unit": null, "healthcare": null, "addr:postcode": null, "operator:wikidata": null, "waste": null, "building:flats": null, "community_centre": null, "healthcare:speciality": null, "type": null, "bus": null, "internet_access": null, "public_transport": null, "wheelchair": null, "wikidata": null, "wikipedia": null, "network": null }, "geometry": { "type": "Polygon", "coordinates": [ [ [ 992978.268121663131751, 1004577.035458184196614 ], [ 992968.534627522109076, 1004548.871193876024336 ], [ 992971.752299244981259, 1004547.776148356497288 ], [ 992970.509254138916731, 1004544.193415568443015 ], [ 992973.726926081930287, 1004543.098370133782737 ], [ 992972.605963984271511, 1004539.84737121372018 ], [ 992984.977305476437323, 1004535.035966934054159 ], [ 992997.55195564427413, 1004570.465191300143488 ], [ 992978.268121663131751, 1004577.035458184196614 ] ] ] } },
{ "type": "Feature", "properties": { "element": "way", "id": 409634727, "addr:city": null, "addr:street": null, "alt_name": null, "brand:wikidata": null, "brand:wikipedia": null, "building": "house", "name": null, "operator": null, "shop": null, "amenity": null, "check_date": null, "denomination": null, "religion": null, "building:levels": null, "source": null, "addr:housenumber": null, "phone": null, "layer": null, "addr:unit": null, "healthcare": null, "addr:postcode": null, "operator:wikidata": null, "waste": null, "building:flats": null, "community_centre": null, "healthcare:speciality": null, "type": null, "bus": null, "internet_access": null, "public_transport": null, "wheelchair": null, "wikidata": null, "wikipedia": null, "network": null }, "geometry": { "type": "Polygon", "coordinates": [ [ [ 992984.977305476437323, 1004535.035966934054159 ], [ 993005.104370067361742, 1004527.813195459195413 ], [ 993019.321417623432353, 1004565.874119159765542 ], [ 992998.584118746919557, 1004573.362337361206301 ], [ 992997.55195564427413, 1004570.465191300143488 ], [ 992984.977305476437323, 1004535.035966934054159 ] ] ] } },
{ "type": "Feature", "properties": { "element": "way", "id": 409634728, "addr:city": null, "addr:street": null, "alt_name": null, "brand:wikidata": null, "brand:wikipedia": null, "building": "house", "name": null, "operator": null, "shop": null, "amenity": null, "check_date": null, "denomination": null, "religion": null, "building:levels": null, "source": null, "addr:housenumber": null, "phone": null, "layer": null, "addr:unit": null, "healthcare": null, "addr:postcode": null, "operator:wikidata": null, "waste": null, "building:flats": null, "community_centre": null, "healthcare:speciality": null, "type": null, "bus": null, "internet_access": null, "public_transport": null, "wheelchair": null, "wikidata": null, "wikipedia": null, "network": null }, "geometry": { "type": "Polygon", "coordinates": [ [ [ 993003.289861696190201, 1004586.211500664707273 ], [ 993024.038249425124377, 1004578.679050014936365 ], [ 993019.321417623432353, 1004565.874119159765542 ], [ 992998.584118746919557, 1004573.362337361206301 ], [ 993003.289861696190201, 1004586.211500664707273 ] ] ] } },
{ "type": "Feature", "properties": { "element": "way", "id": 409634729, "addr:city": "Kennedy", "addr:street": "Calle 7C Bis", "alt_name": null, "brand:wikidata": null, "brand:wikipedia": null, "building": "yes", "name": "Leños Palos", "operator": null, "shop": null, "amenity": "restaurant", "check_date": null, "denomination": null, "religion": null, "building:levels": null, "source": "Kaart Ground Survey 2017", "addr:housenumber": null, "phone": null, "layer": null, "addr:unit": null, "healthcare": null, "addr:postcode": null, "operator:wikidata": null, "waste": null, "building:flats": null, "community_centre": null, "healthcare:speciality": null, "type": null, "bus": null, "internet_access": null, "public_transport": null, "wheelchair": null, "wikidata": null, "wikipedia": null, "network": null }, "geometry": { "type": "Polygon", "coordinates": [ [ [ 992817.131722271442413, 1004534.686200136202388 ], [ 992824.820771776721813, 1004531.268526592059061 ], [ 992823.122776359203272, 1004527.497848838102072 ], [ 992842.950147427618504, 1004519.224537811940536 ], [ 992848.355231500579976, 1004535.147797004319727 ], [ 992849.409663487691432, 1004538.830068527371623 ], [ 992825.088659163680859, 1004548.685104865697213 ], [ 992817.131722271442413, 1004534.686200136202388 ] ] ] } },
{ "type": "Feature", "properties": { "element": "way", "id": 409634730, "addr:city": null, "addr:street": null, "alt_name": null, "brand:wikidata": null, "brand:wikipedia": null, "building": "house", "name": null, "operator": null, "shop": null, "amenity": null, "check_date": null, "denomination": null, "religion": null, "building:levels": null, "source": null, "addr:housenumber": null, "phone": null, "layer": null, "addr:unit": null, "healthcare": null, "addr:postcode": null, "operator:wikidata": null, "waste": null, "building:flats": null, "community_centre": null, "healthcare:speciality": null, "type": null, "bus": null, "internet_access": null, "public_transport": null, "wheelchair": null, "wikidata": null, "wikipedia": null, "network": null }, "geometry": { "type": "Polygon", "coordinates": [ [ [ 992849.409663487691432, 1004538.830068527371623 ], [ 992855.458211421850137, 1004553.791209780843928 ], [ 992834.332795608788729, 1004563.723360185162164 ], [ 992825.088659163680859, 1004548.685104865697213 ], [ 992849.409663487691432, 1004538.830068527371623 ] ] ] } },
{ "type": "Feature", "properties": { "element": "way", "id": 409634734, "addr:city": null, "addr:street": null, "alt_name": null, "brand:wikidata": null, "brand:wikipedia": null, "building": "house", "name": null, "operator": null, "shop": null, "amenity": null, "check_date": null, "denomination": null, "religion": null, "building:levels": null, "source": null, "addr:housenumber": null, "phone": null, "layer": null, "addr:unit": null, "healthcare": null, "addr:postcode": null, "operator:wikidata": null, "waste": null, "building:flats": null, "community_centre": null, "healthcare:speciality": null, "type": null, "bus": null, "internet_access": null, "public_transport": null, "wheelchair": null, "wikidata": null, "wikipedia": null, "network": null }, "geometry": { "type": "Polygon", "coordinates": [ [ [ 992875.375697786803357, 1004560.446415172191337 ], [ 992888.856632919399999, 1004555.933465418871492 ], [ 992878.390540560358204, 1004525.082145238062367 ], [ 992869.103670642245561, 1004528.190329884761013 ], [ 992864.898505931603722, 1004529.60615585220512 ], [ 992875.375697786803357, 1004560.446415172191337 ] ] ] } },
{ "type": "Feature", "properties": { "element": "way", "id": 409634735, "addr:city": null, "addr:street": null, "alt_name": null, "brand:wikidata": null, "brand:wikipedia": null, "building": "house", "name": null, "operator": null, "shop": null, "amenity": null, "check_date": null, "denomination": null, "religion": null, "building:levels": null, "source": null, "addr:housenumber": null, "phone": null, "layer": null, "addr:unit": null, "healthcare": null, "addr:postcode": null, "operator:wikidata": null, "waste": null, "building:flats": null, "community_centre": null, "healthcare:speciality": null, "type": null, "bus": null, "internet_access": null, "public_transport": null, "wheelchair": null, "wikidata": null, "wikipedia": null, "network": null }, "geometry": { "type": "Polygon", "coordinates": [ [ [ 992888.856632919399999, 1004555.933465418871492 ], [ 992901.671843123971485, 1004551.630683143157512 ], [ 992894.002634551259689, 1004529.050612453487702 ], [ 992891.205756265670061, 1004520.790419512311928 ], [ 992878.390540560358204, 1004525.082145238062367 ], [ 992888.856632919399999, 1004555.933465418871492 ] ] ] } },
{ "type": "Feature", "properties": { "element": "way", "id": 409634736, "addr:city": null, "addr:street": null, "alt_name": null, "brand:wikidata": null, "brand:wikipedia": null, "building": "house", "name": null, "operator": null, "shop": null, "amenity": null, "check_date": null, "denomination": null, "religion": null, "building:levels": null, "source": null, "addr:housenumber": null, "phone": null, "layer": null, "addr:unit": null, "healthcare": null, "addr:postcode": null, "operator:wikidata": null, "waste": null, "building:flats": null, "community_centre": null, "healthcare:speciality": null, "type": null, "bus": null, "internet_access": null, "public_transport": null, "wheelchair": null, "wikidata": null, "wikipedia": null, "network": null }, "geometry": { "type": "Polygon", "coordinates": [ [ [ 992917.766630481812172, 1004494.3811364043504 ], [ 992927.086813442409039, 1004491.494117819704115 ], [ 992933.512966682785191, 1004510.469342915806919 ], [ 992923.904354644706473, 1004514.008818184607662 ], [ 992917.766630481812172, 1004494.3811364043504 ] ] ] } },
{ "type": "Feature", "properties": { "element": "way", "id": 409634737, "addr:city": null, "addr:street": null, "alt_name": null, "brand:wikidata": null, "brand:wikipedia": null, "building": "house", "name": null, "operator": null, "shop": null, "amenity": null, "check_date": null, "denomination": null, "religion": null, "building:levels": null, "source": null, "addr:housenumber": null, "phone": null, "layer": null, "addr:unit": null, "healthcare": null, "addr:postcode": null, "operator:wikidata": null, "waste": null, "building:flats": null, "community_centre": null, "healthcare:speciality": null, "type": null, "bus": null, "internet_access": null, "public_transport": null, "wheelchair": null, "wikidata": null, "wikipedia": null, "network": null }, "geometry": { "type": "Polygon", "coordinates": [ [ [ 992927.086813442409039, 1004491.494117819704115 ], [ 992936.884093150612898, 1004488.363777978462167 ], [ 992943.321296361740679, 1004506.852443793439306 ], [ 992933.512966682785191, 1004510.469342915806919 ], [ 992927.086813442409039, 1004491.494117819704115 ] ] ] } },
{ "type": "Feature", "properties": { "element": "way", "id": 409634738, "addr:city": null, "addr:street": null, "alt_name": null, "brand:wikidata": null, "brand:wikipedia": null, "building": "house", "name": null, "operator": null, "shop": null, "amenity": null, "check_date": null, "denomination": null, "religion": null, "building:levels": null, "source": null, "addr:housenumber": null, "phone": null, "layer": null, "addr:unit": null, "healthcare": null, "addr:postcode": null, "operator:wikidata": null, "waste": null, "building:flats": null, "community_centre": null, "healthcare:speciality": null, "type": null, "bus": null, "internet_access": null, "public_transport": null, "wheelchair": null, "wikidata": null, "wikipedia": null, "network": null }, "geometry": { "type": "Polygon", "coordinates": [ [ [ 992923.904354644706473, 1004514.008818184607662 ], [ 992927.367303577251732, 1004525.918145190458745 ], [ 992937.009221450425684, 1004522.599830528139137 ], [ 992947.250299335224554, 1004519.1487654017983 ], [ 992945.230261650984176, 1004512.359236264252104 ], [ 992943.321296361740679, 1004506.852443793439306 ], [ 992933.512966682785191, 1004510.469342915806919 ], [ 992923.904354644706473, 1004514.008818184607662 ] ] ] } },
{ "type": "Feature", "properties": { "element": "way", "id": 409634739, "addr:city": null, "addr:street": null, "alt_name": null, "brand:wikidata": null, "brand:wikipedia": null, "building": "house", "name": null, "operator": null, "shop": null, "amenity": null, "check_date": null, "denomination": null, "religion": null, "building:levels": null, "source": null, "addr:housenumber": null, "phone": null, "layer": null, "addr:unit": null, "healthcare": null, "addr:postcode": null, "operator:wikidata": null, "waste": null, "building:flats": null, "community_centre": null, "healthcare:speciality": null, "type": null, "bus": null, "internet_access": null, "public_transport": null, "wheelchair": null, "wikidata": null, "wikipedia": null, "network": null }, "geometry": { "type": "Polygon", "coordinates": [ [ [ 992937.009221450425684, 1004522.599830528139137 ], [ 992942.414249444380403, 1004538.113944008131512 ], [ 992932.772333263652399, 1004541.432258043787442 ], [ 992927.367303577251732, 1004525.918145190458745 ], [ 992937.009221450425684, 1004522.599830528139137 ] ] ] } },
{ "type": "Feature", "properties": { "element": "way", "id": 409634740, "addr:city": null, "addr:street": null, "alt_name": null, "brand:wikidata": null, "brand:wikipedia": null, "building": "house", "name": null, "operator": null, "shop": null, "amenity": null, "check_date": null, "denomination": null, "religion": null, "building:levels": null, "source": null, "addr:housenumber": null, "phone": null, "layer": null, "addr:unit": null, "healthcare": null, "addr:postcode": null, "operator:wikidata": null, "waste": null, "building:flats": null, "community_centre": null, "healthcare:speciality": null, "type": null, "bus": null, "internet_access": null, "public_transport": null, "wheelchair": null, "wikidata": null, "wikipedia": null, "network": null }, "geometry": { "type": "Polygon", "coordinates": [ [ [ 992942.414249444380403, 1004538.113944008131512 ], [ 992952.57764629193116, 1004534.563363067572936 ], [ 992947.250299335224554, 1004519.1487654017983 ], [ 992937.009221450425684, 1004522.599830528139137 ], [ 992942.414249444380403, 1004538.113944008131512 ] ] ] } },
{ "type": "Feature", "properties": { "element": "way", "id": 409634741, "addr:city": null, "addr:street": null, "alt_name": null, "brand:wikidata": null, "brand:wikipedia": null, "building": "house", "name": null, "operator": null, "shop": null, "amenity": null, "check_date": null, "denomination": null, "religion": null, "building:levels": null, "source": null, "addr:housenumber": null, "phone": null, "layer": null, "addr:unit": null, "healthcare": null, "addr:postcode": null, "operator:wikidata": null, "waste": null, "building:flats": null, "community_centre": null, "healthcare:speciality": null, "type": null, "bus": null, "internet_access": null, "public_transport": null, "wheelchair": null, "wikidata": null, "wikipedia": null, "network": null }, "geometry": { "type": "Polygon", "coordinates": [ [ [ 992960.430988813517615, 1004507.138422496966086 ], [ 992945.230261650984176, 1004512.359236264252104 ], [ 992947.250299335224554, 1004519.1487654017983 ], [ 992952.57764629193116, 1004534.563363067572936 ], [ 992967.922588779241778, 1004529.055025577894412 ], [ 992960.430988813517615, 1004507.138422496966086 ] ] ] } },
{ "type": "Feature", "properties": { "element": "way", "id": 409634742, "addr:city": null, "addr:street": null, "alt_name": null, "brand:wikidata": null, "brand:wikipedia": null, "building": "house", "name": null, "operator": null, "shop": null, "amenity": null, "check_date": null, "denomination": null, "religion": null, "building:levels": null, "source": null, "addr:housenumber": null, "phone": null, "layer": null, "addr:unit": null, "healthcare": null, "addr:postcode": null, "operator:wikidata": null, "waste": null, "building:flats": null, "community_centre": null, "healthcare:speciality": null, "type": null, "bus": null, "internet_access": null, "public_transport": null, "wheelchair": null, "wikidata": null, "wikipedia": null, "network": null }, "geometry": { "type": "Polygon", "coordinates": [ [ [ 992967.922588779241778, 1004529.055025577894412 ], [ 992981.614334123092704, 1004524.320909857633524 ], [ 992974.766238506999798, 1004501.807107413071208 ], [ 992960.430988813517615, 1004507.138422496966086 ], [ 992967.922588779241778, 1004529.055025577894412 ] ] ] } },
{ "type": "Feature", "properties": { "element": "way", "id": 409634743, "addr:city": null, "addr:street": null, "alt_name": null, "brand:wikidata": null, "brand:wikipedia": null, "building": "house", "name": null, "operator": null, "shop": null, "amenity": null, "check_date": null, "denomination": null, "religion": null, "building:levels": null, "source": null, "addr:housenumber": null, "phone": null, "layer": null, "addr:unit": null, "healthcare": null, "addr:postcode": null, "operator:wikidata": null, "waste": null, "building:flats": null, "community_centre": null, "healthcare:speciality": null, "type": null, "bus": null, "internet_access": null, "public_transport": null, "wheelchair": null, "wikidata": null, "wikipedia": null, "network": null }, "geometry": { "type": "Polygon", "coordinates": [ [ [ 992981.614334123092704, 1004524.320909857633524 ], [ 992993.830398043966852, 1004520.184068653732538 ], [ 992995.916249460307881, 1004518.480926194926724 ], [ 992997.103222167817876, 1004515.406651988509111 ], [ 992996.803363814018667, 1004512.343568359152414 ], [ 992991.431555324001238, 1004495.966911925235763 ], [ 992974.766238506999798, 1004501.807107413071208 ], [ 992981.614334123092704, 1004524.320909857633524 ] ] ] } },
{ "type": "Feature", "properties": { "element": "way", "id": 409634744, "addr:city": null, "addr:street": null, "alt_name": null, "brand:wikidata": null, "brand:wikipedia": null, "building": "house", "name": null, "operator": null, "shop": null, "amenity": null, "check_date": null, "denomination": null, "religion": null, "building:levels": null, "source": null, "addr:housenumber": null, "phone": null, "layer": null, "addr:unit": null, "healthcare": null, "addr:postcode": null, "operator:wikidata": null, "waste": null, "building:flats": null, "community_centre": null, "healthcare:speciality": null, "type": null, "bus": null, "internet_access": null, "public_transport": null, "wheelchair": null, "wikidata": null, "wikipedia": null, "network": null }, "geometry": { "type": "Polygon", "coordinates": [ [ [ 992895.631215745466761, 1004501.427181008155458 ], [ 992904.75165836699307, 1004498.374305390287191 ], [ 992920.633907217415981, 1004545.137833604472689 ], [ 992911.513469453901052, 1004548.190707483096048 ], [ 992903.84426340169739, 1004525.610635888180695 ], [ 992895.631215745466761, 1004501.427181008155458 ] ] ] } },
{ "type": "Feature", "properties": { "element": "way", "id": 409637863, "addr:city": null, "addr:street": null, "alt_name": null, "brand:wikidata": null, "brand:wikipedia": null, "building": "house", "name": null, "operator": null, "shop": null, "amenity": null, "check_date": null, "denomination": null, "religion": null, "building:levels": null, "source": null, "addr:housenumber": null, "phone": null, "layer": null, "addr:unit": null, "healthcare": null, "addr:postcode": null, "operator:wikidata": null, "waste": null, "building:flats": null, "community_centre": null, "healthcare:speciality": null, "type": null, "bus": null, "internet_access": null, "public_transport": null, "wheelchair": null, "wikidata": null, "wikipedia": null, "network": null }, "geometry": { "type": "Polygon", "coordinates": [ [ [ 992945.230261650984176, 1004512.359236264252104 ], [ 992960.430988813517615, 1004507.138422496966086 ], [ 992952.084824441582896, 1004483.142962685902603 ], [ 992936.884093150612898, 1004488.363777978462167 ], [ 992943.321296361740679, 1004506.852443793439306 ], [ 992945.230261650984176, 1004512.359236264252104 ] ] ] } },
{ "type": "Feature", "properties": { "element": "way", "id": 409637864, "addr:city": null, "addr:street": null, "alt_name": null, "brand:wikidata": null, "brand:wikipedia": null, "building": "house", "name": null, "operator": null, "shop": null, "amenity": null, "check_date": null, "denomination": null, "religion": null, "building:levels": null, "source": null, "addr:housenumber": null, "phone": null, "layer": null, "addr:unit": null, "healthcare": null, "addr:postcode": null, "operator:wikidata": null, "waste": null, "building:flats": null, "community_centre": null, "healthcare:speciality": null, "type": null, "bus": null, "internet_access": null, "public_transport": null, "wheelchair": null, "wikidata": null, "wikipedia": null, "network": null }, "geometry": { "type": "Polygon", "coordinates": [ [ [ 992960.430988813517615, 1004507.138422496966086 ], [ 992974.766238506999798, 1004501.807107413071208 ], [ 992966.220349232549779, 1004477.756373228738084 ], [ 992952.084824441582896, 1004483.142962685902603 ], [ 992960.430988813517615, 1004507.138422496966086 ] ] ] } },
{ "type": "Feature", "properties": { "element": "way", "id": 409637865, "addr:city": null, "addr:street": null, "alt_name": null, "brand:wikidata": null, "brand:wikipedia": null, "building": "house", "name": null, "operator": null, "shop": null, "amenity": null, "check_date": null, "denomination": null, "religion": null, "building:levels": null, "source": null, "addr:housenumber": null, "phone": null, "layer": null, "addr:unit": null, "healthcare": null, "addr:postcode": null, "operator:wikidata": null, "waste": null, "building:flats": null, "community_centre": null, "healthcare:speciality": null, "type": null, "bus": null, "internet_access": null, "public_transport": null, "wheelchair": null, "wikidata": null, "wikipedia": null, "network": null }, "geometry": { "type": "Polygon", "coordinates": [ [ [ 992974.766238506999798, 1004501.807107413071208 ], [ 992991.431555324001238, 1004495.966911925235763 ], [ 992982.874574793502688, 1004471.916177016682923 ], [ 992966.220349232549779, 1004477.756373228738084 ], [ 992974.766238506999798, 1004501.807107413071208 ] ] ] } },
{ "type": "Feature", "properties": { "element": "way", "id": 409904755, "addr:city": null, "addr:street": null, "alt_name": null, "brand:wikidata": null, "brand:wikipedia": null, "building": "yes", "name": "Gran Fruvar", "operator": null, "shop": "supermarket", "amenity": null, "check_date": null, "denomination": null, "religion": null, "building:levels": null, "source": null, "addr:housenumber": null, "phone": null, "layer": null, "addr:unit": null, "healthcare": null, "addr:postcode": null, "operator:wikidata": null, "waste": null, "building:flats": null, "community_centre": null, "healthcare:speciality": null, "type": null, "bus": null, "internet_access": null, "public_transport": null, "wheelchair": null, "wikidata": null, "wikipedia": null, "network": null }, "geometry": { "type": "Polygon", "coordinates": [ [ [ 992875.375697786803357, 1004560.446415172191337 ], [ 992861.861484938068315, 1004565.047835568082519 ], [ 992860.818485968979076, 1004565.070046579348855 ], [ 992858.28805420990102, 1004558.46855457755737 ], [ 992836.496912171598524, 1004568.59981178236194 ], [ 992834.332795608788729, 1004563.723360185162164 ], [ 992855.458211421850137, 1004553.791209780843928 ], [ 992848.355231500579976, 1004535.147797004319727 ], [ 992864.898505931603722, 1004529.60615585220512 ], [ 992875.375697786803357, 1004560.446415172191337 ] ] ] } },
{ "type": "Feature", "properties": { "element": "way", "id": 409904756, "addr:city": null, "addr:street": null, "alt_name": null, "brand:wikidata": null, "brand:wikipedia": null, "building": "house", "name": null, "operator": null, "shop": null, "amenity": null, "check_date": null, "denomination": null, "religion": null, "building:levels": null, "source": null, "addr:housenumber": null, "phone": null, "layer": null, "addr:unit": null, "healthcare": null, "addr:postcode": null, "operator:wikidata": null, "waste": null, "building:flats": null, "community_centre": null, "healthcare:speciality": null, "type": null, "bus": null, "internet_access": null, "public_transport": null, "wheelchair": null, "wikidata": null, "wikipedia": null, "network": null }, "geometry": { "type": "Polygon", "coordinates": [ [ [ 992860.818485968979076, 1004565.070046579348855 ], [ 992839.127088403212838, 1004573.896431095316075 ], [ 992836.496912171598524, 1004568.59981178236194 ], [ 992858.28805420990102, 1004558.46855457755737 ], [ 992860.818485968979076, 1004565.070046579348855 ] ] ] } },
{ "type": "Feature", "properties": { "element": "way", "id": 409905063, "addr:city": null, "addr:street": null, "alt_name": null, "brand:wikidata": null, "brand:wikipedia": null, "building": "house", "name": null, "operator": null, "shop": null, "amenity": null, "check_date": null, "denomination": null, "religion": null, "building:levels": null, "source": null, "addr:housenumber": null, "phone": null, "layer": null, "addr:unit": null, "healthcare": null, "addr:postcode": null, "operator:wikidata": null, "waste": null, "building:flats": null, "community_centre": null, "healthcare:speciality": null, "type": null, "bus": null, "internet_access": null, "public_transport": null, "wheelchair": null, "wikidata": null, "wikipedia": null, "network": null }, "geometry": { "type": "Polygon", "coordinates": [ [ [ 992842.950147427618504, 1004519.224537811940536 ], [ 992863.698591334396042, 1004512.278127506258897 ], [ 992869.103670642245561, 1004528.190329884761013 ], [ 992864.898505931603722, 1004529.60615585220512 ], [ 992848.355231500579976, 1004535.147797004319727 ], [ 992842.950147427618504, 1004519.224537811940536 ] ] ] } },
{ "type": "Feature", "properties": { "element": "way", "id": 409905064, "addr:city": null, "addr:street": null, "alt_name": null, "brand:wikidata": null, "brand:wikipedia": null, "building": "house", "name": null, "operator": null, "shop": null, "amenity": null, "check_date": null, "denomination": null, "religion": null, "building:levels": null, "source": null, "addr:housenumber": null, "phone": null, "layer": null, "addr:unit": null, "healthcare": null, "addr:postcode": null, "operator:wikidata": null, "waste": null, "building:flats": null, "community_centre": null, "healthcare:speciality": null, "type": null, "bus": null, "internet_access": null, "public_transport": null, "wheelchair": null, "wikidata": null, "wikipedia": null, "network": null }, "geometry": { "type": "Polygon", "coordinates": [ [ [ 992863.698591334396042, 1004512.278127506258897 ], [ 992885.789584201411344, 1004504.867158543202095 ], [ 992891.205756265670061, 1004520.790419512311928 ], [ 992878.390540560358204, 1004525.082145238062367 ], [ 992869.103670642245561, 1004528.190329884761013 ], [ 992863.698591334396042, 1004512.278127506258897 ] ] ] } },
{ "type": "Feature", "properties": { "element": "way", "id": 409905065, "addr:city": null, "addr:street": null, "alt_name": null, "brand:wikidata": null, "brand:wikipedia": null, "building": "house", "name": null, "operator": null, "shop": null, "amenity": null, "check_date": null, "denomination": null, "religion": null, "building:levels": null, "source": null, "addr:housenumber": null, "phone": null, "layer": null, "addr:unit": null, "healthcare": null, "addr:postcode": null, "operator:wikidata": null, "waste": null, "building:flats": null, "community_centre": null, "healthcare:speciality": null, "type": null, "bus": null, "internet_access": null, "public_transport": null, "wheelchair": null, "wikidata": null, "wikipedia": null, "network": null }, "geometry": { "type": "Polygon", "coordinates": [ [ [ 992885.789584201411344, 1004504.867158543202095 ], [ 992891.205756265670061, 1004520.790419512311928 ], [ 992894.002634551259689, 1004529.050612453487702 ], [ 992903.84426340169739, 1004525.610635888180695 ], [ 992895.631215745466761, 1004501.427181008155458 ], [ 992885.789584201411344, 1004504.867158543202095 ] ] ] } },
{ "type": "Feature", "properties": { "element": "way", "id": 409905066, "addr:city": null, "addr:street": null, "alt_name": null, "brand:wikidata": null, "brand:wikipedia": null, "building": "house", "name": null, "operator": null, "shop": null, "amenity": null, "check_date": null, "denomination": null, "religion": null, "building:levels": null, "source": null, "addr:housenumber": null, "phone": null, "layer": null, "addr:unit": null, "healthcare": null, "addr:postcode": null, "operator:wikidata": null, "waste": null, "building:flats": null, "community_centre": null, "healthcare:speciality": null, "type": null, "bus": null, "internet_access": null, "public_transport": null, "wheelchair": null, "wikidata": null, "wikipedia": null, "network": null }, "geometry": { "type": "Polygon", "coordinates": [ [ [ 992894.002634551259689, 1004529.050612453487702 ], [ 992903.84426340169739, 1004525.610635888180695 ], [ 992911.513469453901052, 1004548.190707483096048 ], [ 992901.671843123971485, 1004551.630683143157512 ], [ 992894.002634551259689, 1004529.050612453487702 ] ] ] } },
{ "type": "Feature", "properties": { "element": "way", "id": 411152084, "addr:city": "Bogota", "addr:street": "Calle 9", "alt_name": null, "brand:wikidata": null, "brand:wikipedia": null, "building": "yes", "name": "Clínica del vestido Mi Costurero", "operator": null, "shop": "tailor", "amenity": null, "check_date": null, "denomination": null, "religion": null, "building:levels": null, "source": null, "addr:housenumber": "79 69", "phone": null, "layer": null, "addr:unit": null, "healthcare": null, "addr:postcode": null, "operator:wikidata": null, "waste": null, "building:flats": null, "community_centre": null, "healthcare:speciality": null, "type": null, "bus": null, "internet_access": null, "public_transport": null, "wheelchair": null, "wikidata": null, "wikipedia": null, "network": null }, "geometry": { "type": "Polygon", "coordinates": [ [ [ 992714.086283425916918, 1005262.201079556602053 ], [ 992709.026060138829052, 1005255.699349559377879 ], [ 992715.283503365702927, 1005250.224978278391063 ], [ 992720.632282256730832, 1005257.467578817741014 ], [ 992714.086283425916918, 1005262.201079556602053 ] ] ] } },
{ "type": "Feature", "properties": { "element": "way", "id": 411152088, "addr:city": null, "addr:street": null, "alt_name": null, "brand:wikidata": null, "brand:wikipedia": null, "building": "yes", "name": "Lavaseco", "operator": null, "shop": "laundry", "amenity": null, "check_date": null, "denomination": null, "religion": null, "building:levels": null, "source": null, "addr:housenumber": null, "phone": null, "layer": null, "addr:unit": null, "healthcare": null, "addr:postcode": null, "operator:wikidata": null, "waste": null, "building:flats": null, "community_centre": null, "healthcare:speciality": null, "type": null, "bus": null, "internet_access": null, "public_transport": null, "wheelchair": null, "wikidata": null, "wikipedia": null, "network": null }, "geometry": { "type": "Polygon", "coordinates": [ [ [ 992727.177954135113396, 1005249.195466620731167 ], [ 992733.879184582969174, 1005243.278729250654578 ], [ 992729.118557898560539, 1005236.920726388809271 ], [ 992721.973363534198143, 1005241.355711504933424 ], [ 992727.177954135113396, 1005249.195466620731167 ] ] ] } },
{ "type": "Feature", "properties": { "element": "way", "id": 411152090, "addr:city": null, "addr:street": null, "alt_name": null, "brand:wikidata": null, "brand:wikipedia": null, "building": "yes", "name": "Pan Hogar", "operator": null, "shop": "bakery", "amenity": null, "check_date": null, "denomination": null, "religion": null, "building:levels": null, "source": null, "addr:housenumber": null, "phone": "+57 601 4661912", "layer": null, "addr:unit": null, "healthcare": null, "addr:postcode": null, "operator:wikidata": null, "waste": null, "building:flats": null, "community_centre": null, "healthcare:speciality": null, "type": null, "bus": null, "internet_access": null, "public_transport": null, "wheelchair": null, "wikidata": null, "wikipedia": null, "network": null }, "geometry": { "type": "Polygon", "coordinates": [ [ [ 992772.864503259537742, 1005190.804150663898326 ], [ 992779.998500626767054, 1005185.185947997495532 ], [ 992787.588901065057144, 1005195.679446644731797 ], [ 992780.898690082831308, 1005200.855281350319274 ], [ 992772.864503259537742, 1005190.804150663898326 ] ] ] } },
{ "type": "Feature", "properties": { "element": "way", "id": 411152093, "addr:city": null, "addr:street": null, "alt_name": null, "brand:wikidata": null, "brand:wikipedia": null, "building": "yes", "name": "The Business", "operator": null, "shop": "radiotechnics", "amenity": null, "check_date": null, "denomination": null, "religion": null, "building:levels": null, "source": null, "addr:housenumber": null, "phone": null, "layer": null, "addr:unit": null, "healthcare": null, "addr:postcode": null, "operator:wikidata": null, "waste": null, "building:flats": null, "community_centre": null, "healthcare:speciality": null, "type": null, "bus": null, "internet_access": null, "public_transport": null, "wheelchair": null, "wikidata": null, "wikipedia": null, "network": null }, "geometry": { "type": "Polygon", "coordinates": [ [ [ 992788.787096950691193, 1005194.197542855399661 ], [ 992781.341048972448334, 1005184.887254200875759 ], [ 992790.416695057996549, 1005178.2404649668606 ], [ 992798.450812934315763, 1005187.550700532621704 ], [ 992788.787096950691193, 1005194.197542855399661 ] ] ] } },
{ "type": "Feature", "properties": { "element": "way", "id": 411152095, "addr:city": null, "addr:street": null, "alt_name": null, "brand:wikidata": null, "brand:wikipedia": null, "building": "yes", "name": null, "operator": null, "shop": "convenience", "amenity": null, "check_date": null, "denomination": null, "religion": null, "building:levels": null, "source": null, "addr:housenumber": null, "phone": null, "layer": null, "addr:unit": null, "healthcare": null, "addr:postcode": null, "operator:wikidata": null, "waste": null, "building:flats": null, "community_centre": null, "healthcare:speciality": null, "type": null, "bus": null, "internet_access": null, "public_transport": null, "wheelchair": null, "wikidata": null, "wikipedia": null, "network": null }, "geometry": { "type": "Polygon", "coordinates": [ [ [ 992798.905639982549474, 1005186.511191567406058 ], [ 992803.210475214989856, 1005183.414511515176855 ], [ 992797.562020686338656, 1005175.132465750328265 ], [ 992792.203083499101922, 1005178.085486726136878 ], [ 992798.905639982549474, 1005186.511191567406058 ] ] ] } },
{ "type": "Feature", "properties": { "element": "way", "id": 411152097, "addr:city": null, "addr:street": null, "alt_name": null, "brand:wikidata": null, "brand:wikipedia": null, "building": "yes", "name": "Disney", "operator": null, "shop": "gift", "amenity": null, "check_date": null, "denomination": null, "religion": null, "building:levels": null, "source": null, "addr:housenumber": null, "phone": null, "layer": null, "addr:unit": null, "healthcare": null, "addr:postcode": null, "operator:wikidata": null, "waste": null, "building:flats": null, "community_centre": null, "healthcare:speciality": null, "type": null, "bus": null, "internet_access": null, "public_transport": null, "wheelchair": null, "wikidata": null, "wikipedia": null, "network": null }, "geometry": { "type": "Polygon", "coordinates": [ [ [ 992803.809532863786444, 1005182.231233254191466 ], [ 992798.149969462887384, 1005173.805432357010432 ], [ 992804.107950726640411, 1005169.514319272944704 ], [ 992810.35567836870905, 1005178.968475832603872 ], [ 992803.809532863786444, 1005182.231233254191466 ] ] ] } },
{ "type": "Feature", "properties": { "element": "way", "id": 411152100, "addr:city": null, "addr:street": null, "alt_name": null, "brand:wikidata": null, "brand:wikipedia": null, "building": "yes", "name": "Drogueria Juarez", "operator": null, "shop": null, "amenity": "pharmacy", "check_date": null, "denomination": null, "religion": null, "building:levels": null, "source": null, "addr:housenumber": null, "phone": null, "layer": null, "addr:unit": null, "healthcare": null, "addr:postcode": null, "operator:wikidata": null, "waste": null, "building:flats": null, "community_centre": null, "healthcare:speciality": null, "type": null, "bus": null, "internet_access": null, "public_transport": null, "wheelchair": null, "wikidata": null, "wikipedia": null, "network": null }, "geometry": { "type": "Polygon", "coordinates": [ [ [ 992821.217486731475219, 1005169.656509618973359 ], [ 992815.857615677756257, 1005162.413903452688828 ], [ 992820.772619802854024, 1005158.277701351675205 ], [ 992826.276774793514051, 1005165.962621152983047 ], [ 992821.217486731475219, 1005169.656509618973359 ] ] ] } },
{ "type": "Feature", "properties": { "element": "way", "id": 411152102, "addr:city": null, "addr:street": null, "alt_name": null, "brand:wikidata": null, "brand:wikipedia": null, "building": "yes", "name": "Comidas rapidas Sabor Costeño", "operator": null, "shop": null, "amenity": "fast_food", "check_date": null, "denomination": null, "religion": null, "building:levels": null, "source": null, "addr:housenumber": null, "phone": null, "layer": null, "addr:unit": null, "healthcare": null, "addr:postcode": null, "operator:wikidata": null, "waste": null, "building:flats": null, "community_centre": null, "healthcare:speciality": null, "type": null, "bus": null, "internet_access": null, "public_transport": null, "wheelchair": null, "wikidata": null, "wikipedia": null, "network": null }, "geometry": { "type": "Polygon", "coordinates": [ [ [ 992822.858565602567978, 1005157.835184217314236 ], [ 992827.46380953816697, 1005163.750880294945091 ], [ 992830.293016769108362, 1005161.682745637372136 ], [ 992825.976205851882696, 1005155.169882293441333 ], [ 992822.858565602567978, 1005157.835184217314236 ] ] ] } },
{ "type": "Feature", "properties": { "element": "way", "id": 411152105, "addr:city": null, "addr:street": null, "alt_name": null, "brand:wikidata": null, "brand:wikipedia": null, "building": "yes", "name": "Tsunami", "operator": null, "shop": null, "amenity": "fast_food", "check_date": null, "denomination": null, "religion": null, "building:levels": null, "source": null, "addr:housenumber": null, "phone": null, "layer": null, "addr:unit": null, "healthcare": null, "addr:postcode": null, "operator:wikidata": null, "waste": null, "building:flats": null, "community_centre": null, "healthcare:speciality": null, "type": null, "bus": null, "internet_access": null, "public_transport": null, "wheelchair": null, "wikidata": null, "wikipedia": null, "network": null }, "geometry": { "type": "Polygon", "coordinates": [ [ [ 992826.719481539097615, 1005153.69907883356791 ], [ 992831.635444582323544, 1005160.057073257979937 ], [ 992835.208034800714813, 1005157.690300558810122 ], [ 992829.548581091919914, 1005150.447720816475339 ], [ 992826.719481539097615, 1005153.69907883356791 ] ] ] } },
{ "type": "Feature", "properties": { "element": "way", "id": 411152108, "addr:city": null, "addr:street": null, "alt_name": null, "brand:wikidata": null, "brand:wikipedia": null, "building": "yes", "name": "Monte Castilla Bar", "operator": null, "shop": null, "amenity": "pub", "check_date": null, "denomination": null, "religion": null, "building:levels": null, "source": null, "addr:housenumber": null, "phone": null, "layer": null, "addr:unit": null, "healthcare": null, "addr:postcode": null, "operator:wikidata": null, "waste": null, "building:flats": null, "community_centre": null, "healthcare:speciality": null, "type": null, "bus": null, "internet_access": null, "public_transport": null, "wheelchair": null, "wikidata": null, "wikipedia": null, "network": null }, "geometry": { "type": "Polygon", "coordinates": [ [ [ 992829.548581091919914, 1005150.447720816475339 ], [ 992835.208034800714813, 1005157.690300558810122 ], [ 992839.080113601055928, 1005154.284033476375043 ], [ 992832.52184289006982, 1005146.300638617016375 ], [ 992829.548581091919914, 1005150.447720816475339 ] ] ] } },
{ "type": "Feature", "properties": { "element": "way", "id": 411152110, "addr:city": null, "addr:street": null, "alt_name": null, "brand:wikidata": null, "brand:wikipedia": null, "building": "yes", "name": "Monte Castilla", "operator": null, "shop": null, "amenity": "restaurant", "check_date": null, "denomination": null, "religion": null, "building:levels": null, "source": null, "addr:housenumber": null, "phone": null, "layer": null, "addr:unit": null, "healthcare": null, "addr:postcode": null, "operator:wikidata": null, "waste": null, "building:flats": null, "community_centre": null, "healthcare:speciality": null, "type": null, "bus": null, "internet_access": null, "public_transport": null, "wheelchair": null, "wikidata": null, "wikipedia": null, "network": null }, "geometry": { "type": "Polygon", "coordinates": [ [ [ 992832.52184289006982, 1005146.300638617016375 ], [ 992839.080113601055928, 1005154.284033476375043 ], [ 992841.898198591778055, 1005151.917329886928201 ], [ 992835.950136555591598, 1005143.347796543617733 ], [ 992832.52184289006982, 1005146.300638617016375 ] ] ] } },
{ "type": "Feature", "properties": { "element": "way", "id": 411152113, "addr:city": null, "addr:street": null, "alt_name": null, "brand:wikidata": null, "brand:wikipedia": null, "building": "yes", "name": "Maria Kanela", "operator": null, "shop": null, "amenity": "restaurant", "check_date": null, "denomination": null, "religion": null, "building:levels": null, "source": null, "addr:housenumber": null, "phone": null, "layer": null, "addr:unit": null, "healthcare": null, "addr:postcode": null, "operator:wikidata": null, "waste": null, "building:flats": null, "community_centre": null, "healthcare:speciality": null, "type": null, "bus": null, "internet_access": null, "public_transport": null, "wheelchair": null, "wikidata": null, "wikipedia": null, "network": null }, "geometry": { "type": "Polygon", "coordinates": [ [ [ 992835.950136555591598, 1005143.347796543617733 ], [ 992841.898198591778055, 1005151.917329886928201 ], [ 992844.882718841312453, 1005149.550611239857972 ], [ 992839.078941046958789, 1005141.423391007934697 ], [ 992835.950136555591598, 1005143.347796543617733 ] ] ] } },
{ "type": "Feature", "properties": { "element": "way", "id": 411152116, "addr:city": null, "addr:street": null, "alt_name": null, "brand:wikidata": null, "brand:wikipedia": null, "building": "yes", "name": "Comerca", "operator": null, "shop": "convenience", "amenity": null, "check_date": null, "denomination": null, "religion": null, "building:levels": null, "source": null, "addr:housenumber": null, "phone": null, "layer": null, "addr:unit": null, "healthcare": null, "addr:postcode": null, "operator:wikidata": null, "waste": null, "building:flats": null, "community_centre": null, "healthcare:speciality": null, "type": null, "bus": null, "internet_access": null, "public_transport": null, "wheelchair": null, "wikidata": null, "wikipedia": null, "network": null }, "geometry": { "type": "Polygon", "coordinates": [ [ [ 992847.600945135927759, 1005147.206033284310251 ], [ 992851.839183214120567, 1005143.810791673604399 ], [ 992846.190717979799956, 1005135.384986420860514 ], [ 992841.797154352767393, 1005138.935056751477532 ], [ 992847.600945135927759, 1005147.206033284310251 ] ] ] } },
{ "type": "Feature", "properties": { "element": "way", "id": 411155406, "addr:city": null, "addr:street": null, "alt_name": null, "brand:wikidata": null, "brand:wikipedia": null, "building": "kindergarten", "name": "Gimnasio Maria Luisa Tricheth", "operator": null, "shop": null, "amenity": "kindergarten", "check_date": null, "denomination": null, "religion": null, "building:levels": null, "source": null, "addr:housenumber": null, "phone": null, "layer": null, "addr:unit": null, "healthcare": null, "addr:postcode": null, "operator:wikidata": null, "waste": null, "building:flats": null, "community_centre": null, "healthcare:speciality": null, "type": null, "bus": null, "internet_access": null, "public_transport": null, "wheelchair": null, "wikidata": null, "wikipedia": null, "network": null }, "geometry": { "type": "Polygon", "coordinates": [ [ [ 992896.062798583647236, 1005102.471369882929139 ], [ 992889.07153066212777, 1005091.535480363760144 ], [ 992897.770116385188885, 1005086.801800107583404 ], [ 992904.617199593572877, 1005098.401193113182671 ], [ 992896.062798583647236, 1005102.471369882929139 ] ] ] } },
{ "type": "Feature", "properties": { "element": "way", "id": 411156117, "addr:city": null, "addr:street": null, "alt_name": null, "brand:wikidata": null, "brand:wikipedia": null, "building": "yes", "name": "La Gelateria", "operator": null, "shop": "yes", "amenity": "ice_cream", "check_date": null, "denomination": null, "religion": null, "building:levels": null, "source": null, "addr:housenumber": null, "phone": null, "layer": null, "addr:unit": null, "healthcare": null, "addr:postcode": null, "operator:wikidata": null, "waste": null, "building:flats": null, "community_centre": null, "healthcare:speciality": null, "type": null, "bus": null, "internet_access": null, "public_transport": null, "wheelchair": null, "wikidata": null, "wikipedia": null, "network": null }, "geometry": { "type": "Polygon", "coordinates": [ [ [ 992810.272143602836877, 1005114.897491694078781 ], [ 992823.519666247302666, 1005107.056043293792754 ], [ 992829.179070082493126, 1005113.712539987871423 ], [ 992816.23132041702047, 1005123.621836353093386 ], [ 992810.272143602836877, 1005114.897491694078781 ] ] ] } },
{ "type": "Feature", "properties": { "element": "way", "id": 411159449, "addr:city": null, "addr:street": null, "alt_name": null, "brand:wikidata": null, "brand:wikipedia": null, "building": "yes", "name": null, "operator": null, "shop": "hairdresser", "amenity": null, "check_date": null, "denomination": null, "religion": null, "building:levels": null, "source": null, "addr:housenumber": null, "phone": null, "layer": null, "addr:unit": null, "healthcare": null, "addr:postcode": null, "operator:wikidata": null, "waste": null, "building:flats": null, "community_centre": null, "healthcare:speciality": null, "type": null, "bus": null, "internet_access": null, "public_transport": null, "wheelchair": null, "wikidata": null, "wikipedia": null, "network": null }, "geometry": { "type": "Polygon", "coordinates": [ [ [ 992683.061986807966605, 1005253.191561651066877 ], [ 992686.934942077845335, 1005259.317423033295199 ], [ 992693.480926171177998, 1005254.440163900260814 ], [ 992689.008846779586747, 1005248.756684493971989 ], [ 992683.061986807966605, 1005253.191561651066877 ] ] ] } },
{ "type": "Feature", "properties": { "element": "way", "id": 411159451, "addr:city": null, "addr:street": null, "alt_name": null, "brand:wikidata": null, "brand:wikipedia": null, "building": "yes", "name": "El vecino express", "operator": null, "shop": "convenience", "amenity": null, "check_date": null, "denomination": null, "religion": null, "building:levels": null, "source": null, "addr:housenumber": null, "phone": "+57 601 4004782", "layer": null, "addr:unit": null, "healthcare": null, "addr:postcode": null, "operator:wikidata": null, "waste": null, "building:flats": null, "community_centre": null, "healthcare:speciality": null, "type": null, "bus": null, "internet_access": null, "public_transport": null, "wheelchair": null, "wikidata": null, "wikipedia": null, "network": null }, "geometry": { "type": "Polygon", "coordinates": [ [ [ 992639.827399669447914, 1005190.219365251949057 ], [ 992635.366380432038568, 1005184.237317457445897 ], [ 992641.912437123130076, 1005180.100951052620076 ], [ 992646.451133010792546, 1005186.160399074200541 ], [ 992639.827399669447914, 1005190.219365251949057 ] ] ] } },
{ "type": "Feature", "properties": { "element": "way", "id": 411159452, "addr:city": null, "addr:street": null, "alt_name": null, "brand:wikidata": null, "brand:wikipedia": null, "building": "yes", "name": "Cartoons Burger", "operator": null, "shop": null, "amenity": "fast_food", "check_date": null, "denomination": null, "religion": null, "building:levels": null, "source": null, "addr:housenumber": null, "phone": null, "layer": null, "addr:unit": null, "healthcare": null, "addr:postcode": null, "operator:wikidata": null, "waste": null, "building:flats": null, "community_centre": null, "healthcare:speciality": null, "type": null, "bus": null, "internet_access": null, "public_transport": null, "wheelchair": null, "wikidata": null, "wikipedia": null, "network": null }, "geometry": { "type": "Polygon", "coordinates": [ [ [ 992635.366380432038568, 1005184.237317457445897 ], [ 992641.912437123130076, 1005180.100951052620076 ], [ 992638.13952728221193, 1005176.020842616329901 ], [ 992631.959559037932195, 1005179.427336247754283 ], [ 992635.366380432038568, 1005184.237317457445897 ] ] ] } },
{ "type": "Feature", "properties": { "element": "way", "id": 411159453, "addr:city": null, "addr:street": null, "alt_name": null, "brand:wikidata": null, "brand:wikipedia": null, "building": "yes", "name": "Salsamentaria Las Torres", "operator": null, "shop": "convenience", "amenity": null, "check_date": null, "denomination": null, "religion": null, "building:levels": null, "source": null, "addr:housenumber": null, "phone": "+57 601 4580902", "layer": null, "addr:unit": null, "healthcare": null, "addr:postcode": null, "operator:wikidata": null, "waste": null, "building:flats": null, "community_centre": null, "healthcare:speciality": null, "type": null, "bus": null, "internet_access": null, "public_transport": null, "wheelchair": null, "wikidata": null, "wikipedia": null, "network": null }, "geometry": { "type": "Polygon", "coordinates": [ [ [ 992625.334555929992348, 1005169.962170835584402 ], [ 992631.581078958348371, 1005166.345565363415517 ], [ 992628.385130371665582, 1005162.132705313968472 ], [ 992622.216276843915693, 1005165.749303737306036 ], [ 992625.334555929992348, 1005169.962170835584402 ] ] ] } },
{ "type": "Feature", "properties": { "element": "way", "id": 411159455, "addr:city": null, "addr:street": null, "alt_name": null, "brand:wikidata": null, "brand:wikipedia": null, "building": "yes", "name": "Cigarreria El tesoro del castillo", "operator": null, "shop": "convenience", "amenity": null, "check_date": null, "denomination": null, "religion": null, "building:levels": null, "source": null, "addr:housenumber": null, "phone": null, "layer": null, "addr:unit": null, "healthcare": null, "addr:postcode": null, "operator:wikidata": null, "waste": null, "building:flats": null, "community_centre": null, "healthcare:speciality": null, "type": null, "bus": null, "internet_access": null, "public_transport": null, "wheelchair": null, "wikidata": null, "wikipedia": null, "network": null }, "geometry": { "type": "Polygon", "coordinates": [ [ [ 992622.216276843915693, 1005165.749303737306036 ], [ 992628.385130371665582, 1005162.132705313968472 ], [ 992626.010379517450929, 1005159.180398825323209 ], [ 992620.129943694220856, 1005162.056073433370329 ], [ 992622.216276843915693, 1005165.749303737306036 ] ] ] } },
{ "type": "Feature", "properties": { "element": "way", "id": 411159456, "addr:city": null, "addr:street": null, "alt_name": null, "brand:wikidata": null, "brand:wikipedia": null, "building": "yes", "name": "Tecniservicios La 80", "operator": null, "shop": "car_repair", "amenity": null, "check_date": null, "denomination": null, "religion": null, "building:levels": null, "source": null, "addr:housenumber": null, "phone": "+57 312 5577905", "layer": null, "addr:unit": null, "healthcare": null, "addr:postcode": null, "operator:wikidata": null, "waste": null, "building:flats": null, "community_centre": null, "healthcare:speciality": null, "type": null, "bus": null, "internet_access": null, "public_transport": null, "wheelchair": null, "wikidata": null, "wikipedia": null, "network": null }, "geometry": { "type": "Polygon", "coordinates": [ [ [ 992620.129943694220856, 1005162.056073433370329 ], [ 992626.010379517450929, 1005159.180398825323209 ], [ 992623.180684118764475, 1005155.995913722552359 ], [ 992618.187874871073291, 1005158.583992878557183 ], [ 992620.129943694220856, 1005162.056073433370329 ] ] ] } },
{ "type": "Feature", "properties": { "element": "way", "id": 411159457, "addr:city": null, "addr:street": null, "alt_name": null, "brand:wikidata": null, "brand:wikipedia": null, "building": "yes", "name": "Drogueria Torres de Castilla", "operator": null, "shop": null, "amenity": "pharmacy", "check_date": null, "denomination": null, "religion": null, "building:levels": null, "source": null, "addr:housenumber": null, "phone": null, "layer": null, "addr:unit": null, "healthcare": null, "addr:postcode": null, "operator:wikidata": null, "waste": null, "building:flats": null, "community_centre": null, "healthcare:speciality": null, "type": null, "bus": null, "internet_access": null, "public_transport": null, "wheelchair": null, "wikidata": null, "wikipedia": null, "network": null }, "geometry": { "type": "Polygon", "coordinates": [ [ [ 992614.769796558772214, 1005152.082114594057202 ], [ 992611.573818404576741, 1005147.570684834965505 ], [ 992615.213025617995299, 1005145.72362942493055 ], [ 992618.187062116223387, 1005149.936509797116742 ], [ 992614.769796558772214, 1005152.082114594057202 ] ] ] } },
{ "type": "Feature", "properties": { "element": "way", "id": 422725974, "addr:city": null, "addr:street": null, "alt_name": null, "brand:wikidata": null, "brand:wikipedia": null, "building": "yes", "name": null, "operator": null, "shop": null, "amenity": null, "check_date": null, "denomination": null, "religion": null, "building:levels": null, "source": null, "addr:housenumber": null, "phone": null, "layer": null, "addr:unit": null, "healthcare": null, "addr:postcode": null, "operator:wikidata": null, "waste": null, "building:flats": null, "community_centre": null, "healthcare:speciality": null, "type": null, "bus": null, "internet_access": null, "public_transport": null, "wheelchair": null, "wikidata": null, "wikipedia": null, "network": null }, "geometry": { "type": "Polygon", "coordinates": [ [ [ 993979.182698351796716, 1005735.582227934151888 ], [ 993986.594884042977355, 1005739.92751698975917 ], [ 993975.356507374090143, 1005758.848894054535776 ], [ 993967.944322823313996, 1005754.503606053534895 ], [ 993979.182698351796716, 1005735.582227934151888 ] ] ] } },
{ "type": "Feature", "properties": { "element": "way", "id": 422725975, "addr:city": null, "addr:street": "Carrera 72", "alt_name": null, "brand:wikidata": null, "brand:wikipedia": null, "building": "commercial", "name": "La Fayette Outlet", "operator": null, "shop": "fabric", "amenity": null, "check_date": null, "denomination": null, "religion": null, "building:levels": null, "source": "Kaart Ground Survey 2017", "addr:housenumber": null, "phone": null, "layer": null, "addr:unit": null, "healthcare": null, "addr:postcode": null, "operator:wikidata": null, "waste": null, "building:flats": null, "community_centre": null, "healthcare:speciality": null, "type": null, "bus": null, "internet_access": null, "public_transport": null, "wheelchair": null, "wikidata": null, "wikipedia": null, "network": null }, "geometry": { "type": "Polygon", "coordinates": [ [ [ 994092.888621676713228, 1005566.162552547059022 ], [ 994058.734346286742948, 1005539.968347204732709 ], [ 994041.271554846316576, 1005562.45091268082615 ], [ 994075.425826456164941, 1005588.645110528566875 ], [ 994092.888621676713228, 1005566.162552547059022 ] ] ] } },
{ "type": "Feature", "properties": { "element": "way", "id": 422725977, "addr:city": null, "addr:street": null, "alt_name": null, "brand:wikidata": null, "brand:wikipedia": null, "building": "church", "name": null, "operator": null, "shop": null, "amenity": null, "check_date": null, "denomination": null, "religion": null, "building:levels": null, "source": null, "addr:housenumber": null, "phone": null, "layer": null, "addr:unit": null, "healthcare": null, "addr:postcode": null, "operator:wikidata": null, "waste": null, "building:flats": null, "community_centre": null, "healthcare:speciality": null, "type": null, "bus": null, "internet_access": null, "public_transport": null, "wheelchair": null, "wikidata": null, "wikipedia": null, "network": null }, "geometry": { "type": "Polygon", "coordinates": [ [ [ 993268.865517771220766, 1006513.183707342133857 ], [ 993279.56243412650656, 1006523.378417179570533 ], [ 993250.683480963576585, 1006553.26006282272283 ], [ 993240.408227218431421, 1006543.463414416881278 ], [ 993249.250531369703822, 1006534.306490966002457 ], [ 993246.154639009851962, 1006531.354227713542059 ], [ 993252.156756332609802, 1006525.139021540991962 ], [ 993254.842081784154288, 1006527.693226430565119 ], [ 993268.865517771220766, 1006513.183707342133857 ] ] ] } },
{ "type": "Feature", "properties": { "element": "way", "id": 422725978, "addr:city": null, "addr:street": null, "alt_name": null, "brand:wikidata": null, "brand:wikipedia": null, "building": "industrial", "name": null, "operator": null, "shop": null, "amenity": null, "check_date": null, "denomination": null, "religion": null, "building:levels": null, "source": null, "addr:housenumber": null, "phone": null, "layer": null, "addr:unit": null, "healthcare": null, "addr:postcode": null, "operator:wikidata": null, "waste": null, "building:flats": null, "community_centre": null, "healthcare:speciality": null, "type": null, "bus": null, "internet_access": null, "public_transport": null, "wheelchair": null, "wikidata": null, "wikipedia": null, "network": null }, "geometry": { "type": "Polygon", "coordinates": [ [ [ 993880.825542688486166, 1005660.383279729867354 ], [ 993896.278663688106462, 1005621.203009507036768 ], [ 993901.782278354628943, 1005623.712784270523116 ], [ 993950.873648269101977, 1005537.101464789360762 ], [ 994021.110967535874806, 1005564.288100797915831 ], [ 993995.518096324405633, 1005625.784489860758185 ], [ 993993.732609063037671, 1005637.605801067897119 ], [ 993868.318924302933738, 1005920.24000680889003 ], [ 993798.822435981011949, 1005857.202887072693557 ], [ 993832.901945090270601, 1005779.815180807490833 ], [ 993880.825542688486166, 1005660.383279729867354 ] ] ] } },
{ "type": "Feature", "properties": { "element": "way", "id": 422830426, "addr:city": null, "addr:street": null, "alt_name": null, "brand:wikidata": null, "brand:wikipedia": null, "building": "yes", "name": null, "operator": null, "shop": null, "amenity": null, "check_date": null, "denomination": null, "religion": null, "building:levels": null, "source": null, "addr:housenumber": null, "phone": null, "layer": null, "addr:unit": null, "healthcare": null, "addr:postcode": null, "operator:wikidata": null, "waste": null, "building:flats": null, "community_centre": null, "healthcare:speciality": null, "type": null, "bus": null, "internet_access": null, "public_transport": null, "wheelchair": null, "wikidata": null, "wikipedia": null, "network": null }, "geometry": { "type": "Polygon", "coordinates": [ [ [ 994031.765273729804903, 1005743.274690569844097 ], [ 994054.623206860735081, 1005756.797086643869989 ], [ 994034.931040783296339, 1005789.630263783503324 ], [ 994012.073113693040796, 1005776.107873405097052 ], [ 994031.765273729804903, 1005743.274690569844097 ] ] ] } },
{ "type": "Feature", "properties": { "element": "way", "id": 422830428, "addr:city": null, "addr:street": "Carrera 72", "alt_name": null, "brand:wikidata": null, "brand:wikipedia": null, "building": "roof", "name": "Esso", "operator": null, "shop": null, "amenity": null, "check_date": null, "denomination": null, "religion": null, "building:levels": null, "source": "Kaart Ground Survey 2017", "addr:housenumber": null, "phone": null, "layer": "1", "addr:unit": null, "healthcare": null, "addr:postcode": null, "operator:wikidata": null, "waste": null, "building:flats": null, "community_centre": null, "healthcare:speciality": null, "type": null, "bus": null, "internet_access": null, "public_transport": null, "wheelchair": null, "wikidata": null, "wikipedia": null, "network": null }, "geometry": { "type": "Polygon", "coordinates": [ [ [ 994168.589521748013794, 1005655.4957742622355 ], [ 994234.301143940072507, 1005702.941487647360191 ], [ 994241.024398100213148, 1005693.751661882502958 ], [ 994175.31277240277268, 1005646.305942937615328 ], [ 994168.589521748013794, 1005655.4957742622355 ] ] ] } },
{ "type": "Feature", "properties": { "element": "way", "id": 422830433, "addr:city": null, "addr:street": null, "alt_name": null, "brand:wikidata": null, "brand:wikipedia": null, "building": "yes", "name": null, "operator": null, "shop": null, "amenity": null, "check_date": null, "denomination": null, "religion": null, "building:levels": null, "source": null, "addr:housenumber": null, "phone": null, "layer": null, "addr:unit": null, "healthcare": null, "addr:postcode": null, "operator:wikidata": null, "waste": null, "building:flats": null, "community_centre": null, "healthcare:speciality": null, "type": null, "bus": null, "internet_access": null, "public_transport": null, "wheelchair": null, "wikidata": null, "wikipedia": null, "network": null }, "geometry": { "type": "Polygon", "coordinates": [ [ [ 994064.721456350176595, 1005773.549436920671724 ], [ 994069.694718284998089, 1005805.83889308583457 ], [ 994140.428223058814183, 1005795.096102364710532 ], [ 994135.466085243504494, 1005762.806641299743205 ], [ 994064.721456350176595, 1005773.549436920671724 ] ] ] } },
{ "type": "Feature", "properties": { "element": "way", "id": 422830435, "addr:city": null, "addr:street": null, "alt_name": null, "brand:wikidata": null, "brand:wikipedia": null, "building": "yes", "name": null, "operator": null, "shop": null, "amenity": null, "check_date": null, "denomination": null, "religion": null, "building:levels": null, "source": null, "addr:housenumber": null, "phone": null, "layer": null, "addr:unit": null, "healthcare": null, "addr:postcode": null, "operator:wikidata": null, "waste": null, "building:flats": null, "community_centre": null, "healthcare:speciality": null, "type": null, "bus": null, "internet_access": null, "public_transport": null, "wheelchair": null, "wikidata": null, "wikipedia": null, "network": null }, "geometry": { "type": "Polygon", "coordinates": [ [ [ 994130.048867174773477, 1005728.416164137423038 ], [ 994156.746175723499618, 1005746.173578431014903 ], [ 994150.577711849473417, 1005755.319137688959017 ], [ 994123.880405797157437, 1005737.572783633717336 ], [ 994130.048867174773477, 1005728.416164137423038 ] ] ] } },
{ "type": "Feature", "properties": { "element": "way", "id": 422830437, "addr:city": null, "addr:street": null, "alt_name": null, "brand:wikidata": null, "brand:wikipedia": null, "building": "yes", "name": null, "operator": null, "shop": null, "amenity": null, "check_date": null, "denomination": null, "religion": null, "building:levels": null, "source": null, "addr:housenumber": null, "phone": null, "layer": null, "addr:unit": null, "healthcare": null, "addr:postcode": null, "operator:wikidata": null, "waste": null, "building:flats": null, "community_centre": null, "healthcare:speciality": null, "type": null, "bus": null, "internet_access": null, "public_transport": null, "wheelchair": null, "wikidata": null, "wikipedia": null, "network": null }, "geometry": { "type": "Polygon", "coordinates": [ [ [ 994165.719137982465327, 1005700.900797825888731 ], [ 994195.778825268615037, 1005724.253404959104955 ], [ 994184.174373844638467, 1005744.955142500461079 ], [ 994164.234571722336113, 1005731.056514324853197 ], [ 994160.661330630304292, 1005724.853151650168002 ], [ 994153.227572026429698, 1005728.690887322067283 ], [ 994144.893637996050529, 1005713.320664480212145 ], [ 994165.719137982465327, 1005700.900797825888731 ] ] ] } },
{ "type": "Feature", "properties": { "element": "way", "id": 422830439, "addr:city": null, "addr:street": null, "alt_name": null, "brand:wikidata": null, "brand:wikipedia": null, "building": "yes", "name": null, "operator": null, "shop": null, "amenity": null, "check_date": null, "denomination": null, "religion": null, "building:levels": null, "source": null, "addr:housenumber": null, "phone": null, "layer": null, "addr:unit": null, "healthcare": null, "addr:postcode": null, "operator:wikidata": null, "waste": null, "building:flats": null, "community_centre": null, "healthcare:speciality": null, "type": null, "bus": null, "internet_access": null, "public_transport": null, "wheelchair": null, "wikidata": null, "wikipedia": null, "network": null }, "geometry": { "type": "Polygon", "coordinates": [ [ [ 994107.646835232852027, 1005580.150016810628586 ], [ 994023.918270616792142, 1005711.460956893744878 ], [ 994068.558113104547374, 1005741.61317586991936 ], [ 994104.858562685665675, 1005684.251756136422046 ], [ 994140.580449446104467, 1005604.862540869042277 ], [ 994107.646835232852027, 1005580.150016810628586 ] ] ] } },
{ "type": "Feature", "properties": { "element": "way", "id": 477212467, "addr:city": null, "addr:street": null, "alt_name": null, "brand:wikidata": null, "brand:wikipedia": null, "building": "roof", "name": null, "operator": "Terpel", "shop": null, "amenity": "fuel", "check_date": null, "denomination": null, "religion": null, "building:levels": null, "source": null, "addr:housenumber": null, "phone": null, "layer": "1", "addr:unit": null, "healthcare": null, "addr:postcode": null, "operator:wikidata": null, "waste": null, "building:flats": null, "community_centre": null, "healthcare:speciality": null, "type": null, "bus": null, "internet_access": null, "public_transport": null, "wheelchair": null, "wikidata": null, "wikipedia": null, "network": null }, "geometry": { "type": "Polygon", "coordinates": [ [ [ 993331.252484216587618, 1006739.594307711347938 ], [ 993324.738908328465186, 1006733.159010306466371 ], [ 993326.84686336282175, 1006731.046720973914489 ], [ 993348.348017050651833, 1006709.569933799444698 ], [ 993344.220162470126525, 1006705.489821456256323 ], [ 993349.822890257113613, 1006699.893913639127277 ], [ 993354.161575308651663, 1006704.173055358114652 ], [ 993357.966992552974261, 1006700.368723518564366 ], [ 993363.481894339434803, 1006705.819931534235366 ], [ 993345.8194355025189, 1006723.470262829679996 ], [ 993359.823066163342446, 1006737.313897389220074 ], [ 993353.610142471268773, 1006743.518055477645248 ], [ 993340.394355383701622, 1006730.459484757622704 ], [ 993333.826408482389525, 1006737.017535917693749 ], [ 993331.252484216587618, 1006739.594307711347938 ] ] ] } },
{ "type": "Feature", "properties": { "element": "way", "id": 528907136, "addr:city": "Bogota", "addr:street": "Calle 6A", "alt_name": null, "brand:wikidata": null, "brand:wikipedia": null, "building": "residential", "name": "Portal de los Angeles", "operator": null, "shop": null, "amenity": null, "check_date": null, "denomination": null, "religion": null, "building:levels": "6", "source": null, "addr:housenumber": "carrera73B", "phone": null, "layer": null, "addr:unit": "35", "healthcare": null, "addr:postcode": null, "operator:wikidata": null, "waste": null, "building:flats": null, "community_centre": null, "healthcare:speciality": null, "type": null, "bus": null, "internet_access": null, "public_transport": null, "wheelchair": null, "wikidata": null, "wikipedia": null, "network": null }, "geometry": { "type": "Polygon", "coordinates": [ [ [ 992736.268030906561762, 1003957.623558831401169 ], [ 992822.026867713895626, 1003947.552768277120776 ], [ 992819.628324161865748, 1003927.3607890997082 ], [ 992818.77329149201978, 1003920.206238389131613 ], [ 992733.014425211935304, 1003930.277032004087232 ], [ 992736.268030906561762, 1003957.623558831401169 ] ] ] } },
{ "type": "Feature", "properties": { "element": "way", "id": 529043874, "addr:city": null, "addr:street": null, "alt_name": null, "brand:wikidata": null, "brand:wikipedia": null, "building": "commercial", "name": null, "operator": null, "shop": null, "amenity": null, "check_date": null, "denomination": null, "religion": null, "building:levels": null, "source": null, "addr:housenumber": null, "phone": null, "layer": null, "addr:unit": null, "healthcare": null, "addr:postcode": null, "operator:wikidata": null, "waste": null, "building:flats": null, "community_centre": null, "healthcare:speciality": null, "type": null, "bus": null, "internet_access": null, "public_transport": null, "wheelchair": null, "wikidata": null, "wikipedia": null, "network": null }, "geometry": { "type": "Polygon", "coordinates": [ [ [ 992894.710817118757404, 1004016.051468179211952 ], [ 992906.616379248676822, 1004013.097866018535569 ], [ 992892.343786388752051, 1003975.976914431666955 ], [ 992890.12413238955196, 1003970.591791571467184 ], [ 992880.113320491742343, 1003944.440151008078828 ], [ 992877.205521411728114, 1003936.832400879007764 ], [ 992874.686181428842247, 1003930.385722362902015 ], [ 992872.255705913412385, 1003925.022735431790352 ], [ 992868.903911267756484, 1003915.645720446482301 ], [ 992866.872759188641794, 1003908.889369539916515 ], [ 992863.754169507301413, 1003901.646558271022514 ], [ 992850.361667985096574, 1003903.715648941113614 ], [ 992854.279311382677406, 1003912.628169125528075 ], [ 992856.310463454574347, 1003919.373461568728089 ], [ 992860.405823456821963, 1003930.320667141466402 ], [ 992862.847395468270406, 1003935.683652717038058 ], [ 992865.222436188021675, 1003941.533203382394277 ], [ 992868.241199693409726, 1003949.19623383297585 ], [ 992878.507216251338832, 1003975.314675401546992 ], [ 992880.726870921207592, 1003980.699797949637286 ], [ 992894.710817118757404, 1004016.051468179211952 ] ] ] } },
{ "type": "Feature", "properties": { "element": "way", "id": 529043877, "addr:city": "Bogota", "addr:street": "Call 6", "alt_name": null, "brand:wikidata": null, "brand:wikipedia": null, "building": "house", "name": null, "operator": null, "shop": null, "amenity": null, "check_date": null, "denomination": null, "religion": null, "building:levels": "2", "source": null, "addr:housenumber": "carrera 73A", "phone": null, "layer": null, "addr:unit": "65", "healthcare": null, "addr:postcode": null, "operator:wikidata": null, "waste": null, "building:flats": null, "community_centre": null, "healthcare:speciality": null, "type": null, "bus": null, "internet_access": null, "public_transport": null, "wheelchair": null, "wikidata": null, "wikipedia": null, "network": null }, "geometry": { "type": "Polygon", "coordinates": [ [ [ 992880.726870921207592, 1003980.699797949637286 ], [ 992892.343786388752051, 1003975.976914431666955 ], [ 992890.12413238955196, 1003970.591791571467184 ], [ 992878.507216251338832, 1003975.314675401546992 ], [ 992880.726870921207592, 1003980.699797949637286 ] ] ] } },
{ "type": "Feature", "properties": { "element": "way", "id": 529043880, "addr:city": "Bogota", "addr:street": "Cale 6", "alt_name": null, "brand:wikidata": null, "brand:wikipedia": null, "building": "house", "name": null, "operator": null, "shop": null, "amenity": null, "check_date": null, "denomination": null, "religion": null, "building:levels": "2", "source": null, "addr:housenumber": "CARREA 73A", "phone": null, "layer": null, "addr:unit": "35", "healthcare": null, "addr:postcode": null, "operator:wikidata": null, "waste": null, "building:flats": null, "community_centre": null, "healthcare:speciality": null, "type": null, "bus": null, "internet_access": null, "public_transport": null, "wheelchair": null, "wikidata": null, "wikipedia": null, "network": null }, "geometry": { "type": "Polygon", "coordinates": [ [ [ 992868.241199693409726, 1003949.19623383297585 ], [ 992880.113320491742343, 1003944.440151008078828 ], [ 992877.205521411728114, 1003936.832400879007764 ], [ 992865.222436188021675, 1003941.533203382394277 ], [ 992868.241199693409726, 1003949.19623383297585 ] ] ] } },
{ "type": "Feature", "properties": { "element": "way", "id": 529043884, "addr:city": "Bogota", "addr:street": "Calle 6", "alt_name": null, "brand:wikidata": null, "brand:wikipedia": null, "building": "house", "name": null, "operator": null, "shop": null, "amenity": null, "check_date": null, "denomination": null, "religion": null, "building:levels": "1", "source": null, "addr:housenumber": "carrera 73B", "phone": null, "layer": null, "addr:unit": "21", "healthcare": null, "addr:postcode": null, "operator:wikidata": null, "waste": null, "building:flats": null, "community_centre": null, "healthcare:speciality": null, "type": null, "bus": null, "internet_access": null, "public_transport": null, "wheelchair": null, "wikidata": null, "wikipedia": null, "network": null }, "geometry": { "type": "Polygon", "coordinates": [ [ [ 992862.847395468270406, 1003935.683652717038058 ], [ 992874.686181428842247, 1003930.385722362902015 ], [ 992872.255705913412385, 1003925.022735431790352 ], [ 992860.405823456821963, 1003930.320667141466402 ], [ 992862.847395468270406, 1003935.683652717038058 ] ] ] } },
{ "type": "Feature", "properties": { "element": "way", "id": 529043887, "addr:city": "Bogota", "addr:street": "Calle 6", "alt_name": null, "brand:wikidata": null, "brand:wikipedia": null, "building": "house", "name": null, "operator": null, "shop": null, "amenity": null, "check_date": null, "denomination": null, "religion": null, "building:levels": "2", "source": null, "addr:housenumber": "carrera 73a", "phone": null, "layer": null, "addr:unit": "21", "healthcare": null, "addr:postcode": null, "operator:wikidata": null, "waste": null, "building:flats": null, "community_centre": null, "healthcare:speciality": null, "type": null, "bus": null, "internet_access": null, "public_transport": null, "wheelchair": null, "wikidata": null, "wikipedia": null, "network": null }, "geometry": { "type": "Polygon", "coordinates": [ [ [ 992856.310463454574347, 1003919.373461568728089 ], [ 992868.903911267756484, 1003915.645720446482301 ], [ 992866.872759188641794, 1003908.889369539916515 ], [ 992854.279311382677406, 1003912.628169125528075 ], [ 992856.310463454574347, 1003919.373461568728089 ] ] ] } },
{ "type": "Feature", "properties": { "element": "way", "id": 538324501, "addr:city": null, "addr:street": null, "alt_name": null, "brand:wikidata": null, "brand:wikipedia": null, "building": "apartments", "name": null, "operator": null, "shop": null, "amenity": null, "check_date": null, "denomination": null, "religion": null, "building:levels": "11", "source": null, "addr:housenumber": null, "phone": null, "layer": null, "addr:unit": null, "healthcare": null, "addr:postcode": null, "operator:wikidata": null, "waste": null, "building:flats": null, "community_centre": null, "healthcare:speciality": null, "type": null, "bus": null, "internet_access": null, "public_transport": null, "wheelchair": null, "wikidata": null, "wikipedia": null, "network": null }, "geometry": { "type": "Polygon", "coordinates": [ [ [ 993662.882532032206655, 1005482.607453793170862 ], [ 993709.385591315687634, 1005498.814977773232386 ], [ 993704.349322451627813, 1005513.06935182667803 ], [ 993657.846269609639421, 1005496.850772700505331 ], [ 993662.882532032206655, 1005482.607453793170862 ] ] ] } },
{ "type": "Feature", "properties": { "element": "way", "id": 538324502, "addr:city": null, "addr:street": null, "alt_name": null, "brand:wikidata": null, "brand:wikipedia": null, "building": "apartments", "name": null, "operator": null, "shop": null, "amenity": null, "check_date": null, "denomination": null, "religion": null, "building:levels": "11", "source": null, "addr:housenumber": null, "phone": null, "layer": null, "addr:unit": null, "healthcare": null, "addr:postcode": null, "operator:wikidata": null, "waste": null, "building:flats": null, "community_centre": null, "healthcare:speciality": null, "type": null, "bus": null, "internet_access": null, "public_transport": null, "wheelchair": null, "wikidata": null, "wikipedia": null, "network": null }, "geometry": { "type": "Polygon", "coordinates": [ [ [ 993762.487592856166884, 1005478.13197789050173 ], [ 993775.947223681490868, 1005486.181250905268826 ], [ 993750.397357983049005, 1005528.314876352902502 ], [ 993736.948827276006341, 1005520.265606803237461 ], [ 993762.487592856166884, 1005478.13197789050173 ] ] ] } },
{ "type": "Feature", "properties": { "element": "way", "id": 538324503, "addr:city": null, "addr:street": null, "alt_name": null, "brand:wikidata": null, "brand:wikipedia": null, "building": "apartments", "name": null, "operator": null, "shop": null, "amenity": null, "check_date": null, "denomination": null, "religion": null, "building:levels": "11", "source": null, "addr:housenumber": null, "phone": null, "layer": null, "addr:unit": null, "healthcare": null, "addr:postcode": null, "operator:wikidata": null, "waste": null, "building:flats": null, "community_centre": null, "healthcare:speciality": null, "type": null, "bus": null, "internet_access": null, "public_transport": null, "wheelchair": null, "wikidata": null, "wikipedia": null, "network": null }, "geometry": { "type": "Polygon", "coordinates": [ [ [ 993678.735585419810377, 1005450.404809197993018 ], [ 993746.232173490454443, 1005473.997518999502063 ], [ 993740.652329839300364, 1005489.744785638526082 ], [ 993673.155753515427932, 1005466.152080684900284 ], [ 993678.735585419810377, 1005450.404809197993018 ] ] ] } },
{ "type": "Feature", "properties": { "element": "way", "id": 538363525, "addr:city": null, "addr:street": null, "alt_name": null, "brand:wikidata": null, "brand:wikipedia": null, "building": "residential", "name": null, "operator": null, "shop": null, "amenity": null, "check_date": null, "denomination": null, "religion": null, "building:levels": "11", "source": null, "addr:housenumber": null, "phone": null, "layer": null, "addr:unit": null, "healthcare": null, "addr:postcode": null, "operator:wikidata": null, "waste": null, "building:flats": null, "community_centre": null, "healthcare:speciality": null, "type": null, "bus": null, "internet_access": null, "public_transport": null, "wheelchair": null, "wikidata": null, "wikipedia": null, "network": null }, "geometry": { "type": "Polygon", "coordinates": [ [ [ 993638.008624961366877, 1005513.229515605838969 ], [ 993707.968482059659436, 1005537.861459918320179 ], [ 993702.787993471953087, 1005552.370183529681526 ], [ 993632.828147567110136, 1005527.738243882660754 ], [ 993638.008624961366877, 1005513.229515605838969 ] ] ] } },
{ "type": "Feature", "properties": { "element": "way", "id": 538363528, "addr:city": null, "addr:street": null, "alt_name": null, "brand:wikidata": null, "brand:wikipedia": null, "building": "residential", "name": null, "operator": null, "shop": null, "amenity": null, "check_date": null, "denomination": null, "religion": null, "building:levels": "11", "source": null, "addr:housenumber": null, "phone": null, "layer": null, "addr:unit": null, "healthcare": null, "addr:postcode": null, "operator:wikidata": null, "waste": null, "building:flats": null, "community_centre": null, "healthcare:speciality": null, "type": null, "bus": null, "internet_access": null, "public_transport": null, "wheelchair": null, "wikidata": null, "wikipedia": null, "network": null }, "geometry": { "type": "Polygon", "coordinates": [ [ [ 993678.124459259677678, 1005577.396786498255096 ], [ 993683.859670608420856, 1005562.246643059770577 ], [ 993615.675060259876773, 1005536.807330015697517 ], [ 993609.950956606073305, 1005551.968535736319609 ], [ 993678.124459259677678, 1005577.396786498255096 ] ] ] } },
{ "type": "Feature", "properties": { "element": "way", "id": 538363529, "addr:city": null, "addr:street": null, "alt_name": null, "brand:wikidata": null, "brand:wikipedia": null, "building": "residential", "name": null, "operator": null, "shop": null, "amenity": null, "check_date": null, "denomination": null, "religion": null, "building:levels": "11", "source": null, "addr:housenumber": null, "phone": null, "layer": null, "addr:unit": null, "healthcare": null, "addr:postcode": null, "operator:wikidata": null, "waste": null, "building:flats": null, "community_centre": null, "healthcare:speciality": null, "type": null, "bus": null, "internet_access": null, "public_transport": null, "wheelchair": null, "wikidata": null, "wikipedia": null, "network": null }, "geometry": { "type": "Polygon", "coordinates": [ [ [ 993701.85872459190432, 1005586.794315595878288 ], [ 993725.388737244531512, 1005539.585138443508185 ], [ 993739.558395263156854, 1005546.5617068214342 ], [ 993716.017279788851738, 1005593.759822458028793 ], [ 993701.85872459190432, 1005586.794315595878288 ] ] ] } },
{ "type": "Feature", "properties": { "element": "way", "id": 538376274, "addr:city": null, "addr:street": null, "alt_name": null, "brand:wikidata": null, "brand:wikipedia": null, "building": "school", "name": null, "operator": null, "shop": null, "amenity": null, "check_date": null, "denomination": null, "religion": null, "building:levels": "3", "source": null, "addr:housenumber": null, "phone": null, "layer": null, "addr:unit": null, "healthcare": null, "addr:postcode": null, "operator:wikidata": null, "waste": null, "building:flats": null, "community_centre": null, "healthcare:speciality": null, "type": null, "bus": null, "internet_access": null, "public_transport": null, "wheelchair": null, "wikidata": null, "wikipedia": null, "network": null }, "geometry": { "type": "Polygon", "coordinates": [ [ [ 993609.113774985424243, 1006035.221364895114675 ], [ 993621.919020898989402, 1006047.340069057187065 ], [ 993638.583137577050366, 1006030.198562283301726 ], [ 993632.025201622745954, 1006024.437791625503451 ], [ 993619.233021756983362, 1006036.55857846676372 ], [ 993613.429605472250842, 1006031.085260187159292 ], [ 993617.97840149642434, 1006026.44046125758905 ], [ 993634.26531353557948, 1006009.79660174518358 ], [ 993652.119381203316152, 1006026.205468310276046 ], [ 993621.165426286053844, 1006058.431468104245141 ], [ 993603.610878577339463, 1006041.28168708900921 ], [ 993609.113774985424243, 1006035.221364895114675 ] ] ] } },
{ "type": "Feature", "properties": { "element": "way", "id": 538376275, "addr:city": null, "addr:street": null, "alt_name": null, "brand:wikidata": null, "brand:wikipedia": null, "building": "school", "name": null, "operator": null, "shop": null, "amenity": null, "check_date": null, "denomination": null, "religion": null, "building:levels": "1", "source": null, "addr:housenumber": null, "phone": null, "layer": null, "addr:unit": null, "healthcare": null, "addr:postcode": null, "operator:wikidata": null, "waste": null, "building:flats": null, "community_centre": null, "healthcare:speciality": null, "type": null, "bus": null, "internet_access": null, "public_transport": null, "wheelchair": null, "wikidata": null, "wikipedia": null, "network": null }, "geometry": { "type": "Polygon", "coordinates": [ [ [ 993602.867355251917616, 1006039.788895712583326 ], [ 993608.647666505421512, 1006034.049237587954849 ], [ 993596.907625985681079, 1006022.38383327703923 ], [ 993591.127314711455256, 1006028.123492249753326 ], [ 993602.867355251917616, 1006039.788895712583326 ] ] ] } },
{ "type": "Feature", "properties": { "element": "way", "id": 538376276, "addr:city": null, "addr:street": null, "alt_name": null, "brand:wikidata": null, "brand:wikipedia": null, "building": "school", "name": null, "operator": null, "shop": null, "amenity": null, "check_date": null, "denomination": null, "religion": null, "building:levels": "1", "source": null, "addr:housenumber": null, "phone": null, "layer": null, "addr:unit": null, "healthcare": null, "addr:postcode": null, "operator:wikidata": null, "waste": null, "building:flats": null, "community_centre": null, "healthcare:speciality": null, "type": null, "bus": null, "internet_access": null, "public_transport": null, "wheelchair": null, "wikidata": null, "wikipedia": null, "network": null }, "geometry": { "type": "Polygon", "coordinates": [ [ [ 993612.396145820384845, 1006011.766733307158574 ], [ 993606.781372324330732, 1006006.547737910295837 ], [ 993619.074179827119224, 1005993.49810410477221 ], [ 993624.700049867387861, 1005998.728157626581378 ], [ 993612.396145820384845, 1006011.766733307158574 ] ] ] } },
{ "type": "Feature", "properties": { "element": "way", "id": 538376278, "addr:city": null, "addr:street": null, "alt_name": null, "brand:wikidata": null, "brand:wikipedia": null, "building": "school", "name": null, "operator": null, "shop": null, "amenity": null, "check_date": null, "denomination": null, "religion": null, "building:levels": "1", "source": null, "addr:housenumber": null, "phone": null, "layer": null, "addr:unit": null, "healthcare": null, "addr:postcode": null, "operator:wikidata": null, "waste": null, "building:flats": null, "community_centre": null, "healthcare:speciality": null, "type": null, "bus": null, "internet_access": null, "public_transport": null, "wheelchair": null, "wikidata": null, "wikipedia": null, "network": null }, "geometry": { "type": "Polygon", "coordinates": [ [ [ 993617.97840149642434, 1006026.44046125758905 ], [ 993614.327670179307461, 1006022.802622812683694 ], [ 993628.006943747168407, 1006003.892050988273695 ], [ 993634.26531353557948, 1006009.79660174518358 ], [ 993617.97840149642434, 1006026.44046125758905 ] ] ] } },
{ "type": "Feature", "properties": { "element": "way", "id": 538376279, "addr:city": null, "addr:street": null, "alt_name": null, "brand:wikidata": null, "brand:wikipedia": null, "building": "yes", "name": "San Juan Macías", "operator": null, "shop": null, "amenity": "place_of_worship", "check_date": null, "denomination": null, "religion": "christian", "building:levels": null, "source": null, "addr:housenumber": null, "phone": null, "layer": null, "addr:unit": null, "healthcare": null, "addr:postcode": null, "operator:wikidata": null, "waste": null, "building:flats": null, "community_centre": null, "healthcare:speciality": null, "type": null, "bus": null, "internet_access": null, "public_transport": null, "wheelchair": null, "wikidata": null, "wikipedia": null, "network": null }, "geometry": { "type": "Polygon", "coordinates": [ [ [ 993567.880093636107631, 1006003.1339469878003 ], [ 993563.253367975703441, 1006004.582946043228731 ], [ 993559.191311086295173, 1005991.368774578673765 ], [ 993559.978883681003936, 1005988.792157870251685 ], [ 993561.787017489783466, 1005983.417742090532556 ], [ 993562.552398236352019, 1005980.830069074290805 ], [ 993562.918450745870359, 1005979.602582914405502 ], [ 993575.433694625971839, 1005972.999833143665455 ], [ 993582.535830719163641, 1005984.986300392425619 ], [ 993581.526446766103618, 1005988.790391126298346 ], [ 993584.910874367575161, 1005992.262377390754409 ], [ 993578.93091332691256, 1005998.875648426357657 ], [ 993571.941349790315144, 1006006.605877186055295 ], [ 993567.880093636107631, 1006003.1339469878003 ] ] ] } },
{ "type": "Feature", "properties": { "element": "way", "id": 538376281, "addr:city": null, "addr:street": null, "alt_name": null, "brand:wikidata": null, "brand:wikipedia": null, "building": "church", "name": null, "operator": null, "shop": null, "amenity": null, "check_date": null, "denomination": null, "religion": null, "building:levels": null, "source": null, "addr:housenumber": null, "phone": null, "layer": null, "addr:unit": null, "healthcare": null, "addr:postcode": null, "operator:wikidata": null, "waste": null, "building:flats": null, "community_centre": null, "healthcare:speciality": null, "type": null, "bus": null, "internet_access": null, "public_transport": null, "wheelchair": null, "wikidata": null, "wikipedia": null, "network": null }, "geometry": { "type": "Polygon", "coordinates": [ [ [ 993559.978883681003936, 1005988.792157870251685 ], [ 993556.372368372278288, 1005983.185965427546762 ], [ 993562.552398236352019, 1005980.830069074290805 ], [ 993559.978883681003936, 1005988.792157870251685 ] ] ] } },
{ "type": "Feature", "properties": { "element": "way", "id": 538376286, "addr:city": null, "addr:street": null, "alt_name": null, "brand:wikidata": null, "brand:wikipedia": null, "building": "yes", "name": null, "operator": null, "shop": null, "amenity": null, "check_date": null, "denomination": null, "religion": null, "building:levels": "3", "source": null, "addr:housenumber": null, "phone": null, "layer": null, "addr:unit": null, "healthcare": null, "addr:postcode": null, "operator:wikidata": null, "waste": null, "building:flats": null, "community_centre": null, "healthcare:speciality": null, "type": null, "bus": null, "internet_access": null, "public_transport": null, "wheelchair": null, "wikidata": null, "wikipedia": null, "network": null }, "geometry": { "type": "Polygon", "coordinates": [ [ [ 993335.939277552301064, 1005356.77053190744482 ], [ 993348.243523261626251, 1005347.071480598766357 ], [ 993344.514874207205139, 1005341.022982122609392 ], [ 993331.355141040286981, 1005337.507603347417898 ], [ 993323.444358904846013, 1005342.36280868423637 ], [ 993335.939277552301064, 1005356.77053190744482 ] ] ] } },
{ "type": "Feature", "properties": { "element": "way", "id": 538421623, "addr:city": null, "addr:street": null, "alt_name": null, "brand:wikidata": null, "brand:wikipedia": null, "building": "apartments", "name": null, "operator": null, "shop": null, "amenity": null, "check_date": null, "denomination": null, "religion": null, "building:levels": "5", "source": null, "addr:housenumber": null, "phone": null, "layer": null, "addr:unit": null, "healthcare": null, "addr:postcode": null, "operator:wikidata": null, "waste": null, "building:flats": null, "community_centre": null, "healthcare:speciality": null, "type": null, "bus": null, "internet_access": null, "public_transport": null, "wheelchair": null, "wikidata": null, "wikipedia": null, "network": null }, "geometry": { "type": "Polygon", "coordinates": [ [ [ 993538.03432196949143, 1005479.609813066665083 ], [ 993524.674131658975966, 1005466.783446458983235 ], [ 993575.332503580139019, 1005414.750633369898424 ], [ 993588.692694252706133, 1005427.577008436550386 ], [ 993538.03432196949143, 1005479.609813066665083 ] ] ] } },
{ "type": "Feature", "properties": { "element": "way", "id": 538598419, "addr:city": null, "addr:street": null, "alt_name": null, "brand:wikidata": null, "brand:wikipedia": null, "building": "apartments", "name": null, "operator": null, "shop": null, "amenity": null, "check_date": null, "denomination": null, "religion": null, "building:levels": "6", "source": null, "addr:housenumber": null, "phone": null, "layer": null, "addr:unit": null, "healthcare": null, "addr:postcode": null, "operator:wikidata": null, "waste": null, "building:flats": null, "community_centre": null, "healthcare:speciality": null, "type": null, "bus": null, "internet_access": null, "public_transport": null, "wheelchair": null, "wikidata": null, "wikipedia": null, "network": null }, "geometry": { "type": "Polygon", "coordinates": [ [ [ 993616.692415048833936, 1005494.487662299536169 ], [ 993604.886091663502157, 1005487.356109087704681 ], [ 993634.784832254401408, 1005438.46554647188168 ], [ 993646.591160167939961, 1005445.597104149055667 ], [ 993616.692415048833936, 1005494.487662299536169 ] ] ] } },
{ "type": "Feature", "properties": { "element": "way", "id": 538598420, "addr:city": null, "addr:street": null, "alt_name": null, "brand:wikidata": null, "brand:wikipedia": null, "building": "apartments", "name": null, "operator": null, "shop": null, "amenity": null, "check_date": null, "denomination": null, "religion": null, "building:levels": "6", "source": null, "addr:housenumber": null, "phone": null, "layer": null, "addr:unit": null, "healthcare": null, "addr:postcode": null, "operator:wikidata": null, "waste": null, "building:flats": null, "community_centre": null, "healthcare:speciality": null, "type": null, "bus": null, "internet_access": null, "public_transport": null, "wheelchair": null, "wikidata": null, "wikipedia": null, "network": null }, "geometry": { "type": "Polygon", "coordinates": [ [ [ 993610.157627312582918, 1005501.04568392096553 ], [ 993599.660406505689025, 1005491.691334421164356 ], [ 993564.812220343737863, 1005530.298226740327664 ], [ 993575.309439351549372, 1005539.641513497335836 ], [ 993610.157627312582918, 1005501.04568392096553 ] ] ] } },
{ "type": "Feature", "properties": { "element": "way", "id": 538598421, "addr:city": null, "addr:street": null, "alt_name": null, "brand:wikidata": null, "brand:wikipedia": null, "building": "apartments", "name": null, "operator": null, "shop": null, "amenity": null, "check_date": null, "denomination": null, "religion": null, "building:levels": "6", "source": null, "addr:housenumber": null, "phone": null, "layer": null, "addr:unit": null, "healthcare": null, "addr:postcode": null, "operator:wikidata": null, "waste": null, "building:flats": null, "community_centre": null, "healthcare:speciality": null, "type": null, "bus": null, "internet_access": null, "public_transport": null, "wheelchair": null, "wikidata": null, "wikipedia": null, "network": null }, "geometry": { "type": "Polygon", "coordinates": [ [ [ 993572.29156400274951, 1005541.256252242135815 ], [ 993562.73753035441041, 1005532.620610876008868 ], [ 993517.937468159245327, 1005581.534548895433545 ], [ 993527.491500919568352, 1005590.170184902730398 ], [ 993572.29156400274951, 1005541.256252242135815 ] ] ] } },
{ "type": "Feature", "properties": { "element": "way", "id": 538598422, "addr:city": null, "addr:street": null, "alt_name": null, "brand:wikidata": null, "brand:wikipedia": null, "building": "yes", "name": null, "operator": null, "shop": null, "amenity": null, "check_date": null, "denomination": null, "religion": null, "building:levels": "3", "source": null, "addr:housenumber": null, "phone": null, "layer": null, "addr:unit": null, "healthcare": null, "addr:postcode": null, "operator:wikidata": null, "waste": null, "building:flats": null, "community_centre": null, "healthcare:speciality": null, "type": null, "bus": null, "internet_access": null, "public_transport": null, "wheelchair": null, "wikidata": null, "wikipedia": null, "network": null }, "geometry": { "type": "Polygon", "coordinates": [ [ [ 993600.632500176900066, 1005438.689486506860703 ], [ 993605.136122534051538, 1005423.915415695519187 ], [ 993625.219708353746682, 1005429.962596493889578 ], [ 993620.716082590864971, 1005444.73666613327805 ], [ 993600.632500176900066, 1005438.689486506860703 ] ] ] } },
{ "type": "Feature", "properties": { "element": "way", "id": 538598423, "addr:city": null, "addr:street": null, "alt_name": null, "brand:wikidata": null, "brand:wikipedia": null, "building": "apartments", "name": null, "operator": null, "shop": null, "amenity": null, "check_date": null, "denomination": null, "religion": null, "building:levels": "6", "source": null, "addr:housenumber": null, "phone": null, "layer": null, "addr:unit": null, "healthcare": null, "addr:postcode": null, "operator:wikidata": null, "waste": null, "building:flats": null, "community_centre": null, "healthcare:speciality": null, "type": null, "bus": null, "internet_access": null, "public_transport": null, "wheelchair": null, "wikidata": null, "wikipedia": null, "network": null }, "geometry": { "type": "Polygon", "coordinates": [ [ [ 993603.917644725763239, 1005448.973309003748 ], [ 993598.624621244496666, 1005443.964393285801634 ], [ 993592.510456357034855, 1005438.170415475266054 ], [ 993529.3373624230735, 1005503.993776371818967 ], [ 993540.744550150469877, 1005514.79666089033708 ], [ 993568.558894511079416, 1005485.821992864483036 ], [ 993603.917644725763239, 1005448.973309003748 ] ] ] } },
{ "type": "Feature", "properties": { "element": "way", "id": 538598424, "addr:city": null, "addr:street": null, "alt_name": null, "brand:wikidata": null, "brand:wikipedia": null, "building": "apartments", "name": null, "operator": null, "shop": null, "amenity": null, "check_date": null, "denomination": null, "religion": null, "building:levels": "5", "source": null, "addr:housenumber": null, "phone": null, "layer": null, "addr:unit": null, "healthcare": null, "addr:postcode": null, "operator:wikidata": null, "waste": null, "building:flats": null, "community_centre": null, "healthcare:speciality": null, "type": null, "bus": null, "internet_access": null, "public_transport": null, "wheelchair": null, "wikidata": null, "wikipedia": null, "network": null }, "geometry": { "type": "Polygon", "coordinates": [ [ [ 993537.715669056633487, 1005517.506159882992506 ], [ 993525.953458827920258, 1005507.156689717667177 ], [ 993479.544800546369515, 1005559.200242030899972 ], [ 993491.30700927390717, 1005569.549705357872881 ], [ 993537.715669056633487, 1005517.506159882992506 ] ] ] } },
{ "type": "Feature", "properties": { "element": "way", "id": 538598425, "addr:city": null, "addr:street": null, "alt_name": null, "brand:wikidata": null, "brand:wikipedia": null, "building": "yes", "name": null, "operator": null, "shop": null, "amenity": null, "check_date": null, "denomination": null, "religion": null, "building:levels": "3", "source": null, "addr:housenumber": null, "phone": null, "layer": null, "addr:unit": null, "healthcare": null, "addr:postcode": null, "operator:wikidata": null, "waste": null, "building:flats": null, "community_centre": null, "healthcare:speciality": null, "type": null, "bus": null, "internet_access": null, "public_transport": null, "wheelchair": null, "wikidata": null, "wikipedia": null, "network": null }, "geometry": { "type": "Polygon", "coordinates": [ [ [ 993545.951608120580204, 1005418.921970389783382 ], [ 993550.200033607892692, 1005404.291673467727378 ], [ 993565.512369187315926, 1005408.669448845670559 ], [ 993561.263941102544777, 1005423.299744922784157 ], [ 993545.951608120580204, 1005418.921970389783382 ] ] ] } },
{ "type": "Feature", "properties": { "element": "way", "id": 538598426, "addr:city": null, "addr:street": null, "alt_name": null, "brand:wikidata": null, "brand:wikipedia": null, "building": "yes", "name": null, "operator": null, "shop": null, "amenity": null, "check_date": null, "denomination": null, "religion": null, "building:levels": "3", "source": null, "addr:housenumber": null, "phone": null, "layer": null, "addr:unit": null, "healthcare": null, "addr:postcode": null, "operator:wikidata": null, "waste": null, "building:flats": null, "community_centre": null, "healthcare:speciality": null, "type": null, "bus": null, "internet_access": null, "public_transport": null, "wheelchair": null, "wikidata": null, "wikipedia": null, "network": null }, "geometry": { "type": "Polygon", "coordinates": [ [ [ 993452.668384121148847, 1005525.154398576240055 ], [ 993459.458320135716349, 1005518.165074027958326 ], [ 993483.637600888265297, 1005541.363086663419381 ], [ 993476.847663861466572, 1005548.341350997332484 ], [ 993452.668384121148847, 1005525.154398576240055 ] ] ] } },
{ "type": "Feature", "properties": { "element": "way", "id": 538598427, "addr:city": null, "addr:street": null, "alt_name": null, "brand:wikidata": null, "brand:wikipedia": null, "building": "yes", "name": null, "operator": null, "shop": null, "amenity": null, "check_date": null, "denomination": null, "religion": null, "building:levels": "3", "source": null, "addr:housenumber": null, "phone": null, "layer": null, "addr:unit": null, "healthcare": null, "addr:postcode": null, "operator:wikidata": null, "waste": null, "building:flats": null, "community_centre": null, "healthcare:speciality": null, "type": null, "bus": null, "internet_access": null, "public_transport": null, "wheelchair": null, "wikidata": null, "wikipedia": null, "network": null }, "geometry": { "type": "Polygon", "coordinates": [ [ [ 993484.613939818227664, 1005540.45623631530907 ], [ 993460.656562257092446, 1005517.147623275290243 ], [ 993467.235704976599663, 1005510.423712883377448 ], [ 993491.093213776941411, 1005533.632812717230991 ], [ 993484.613939818227664, 1005540.45623631530907 ] ] ] } },
{ "type": "Feature", "properties": { "element": "way", "id": 538598428, "addr:city": null, "addr:street": null, "alt_name": null, "brand:wikidata": null, "brand:wikipedia": null, "building": "yes", "name": null, "operator": null, "shop": null, "amenity": null, "check_date": null, "denomination": null, "religion": null, "building:levels": "3", "source": null, "addr:housenumber": null, "phone": null, "layer": null, "addr:unit": null, "healthcare": null, "addr:postcode": null, "operator:wikidata": null, "waste": null, "building:flats": null, "community_centre": null, "healthcare:speciality": null, "type": null, "bus": null, "internet_access": null, "public_transport": null, "wheelchair": null, "wikidata": null, "wikipedia": null, "network": null }, "geometry": { "type": "Polygon", "coordinates": [ [ [ 993492.757393137551844, 1005531.664321879739873 ], [ 993468.999850650667213, 1005509.726901859277859 ], [ 993475.179502692539245, 1005502.40588466078043 ], [ 993499.236660289112478, 1005524.741375530255027 ], [ 993492.757393137551844, 1005531.664321879739873 ] ] ] } },
{ "type": "Feature", "properties": { "element": "way", "id": 538598429, "addr:city": null, "addr:street": null, "alt_name": null, "brand:wikidata": null, "brand:wikipedia": null, "building": "yes", "name": null, "operator": null, "shop": null, "amenity": null, "check_date": null, "denomination": null, "religion": null, "building:levels": "3", "source": null, "addr:housenumber": null, "phone": null, "layer": null, "addr:unit": null, "healthcare": null, "addr:postcode": null, "operator:wikidata": null, "waste": null, "building:flats": null, "community_centre": null, "healthcare:speciality": null, "type": null, "bus": null, "internet_access": null, "public_transport": null, "wheelchair": null, "wikidata": null, "wikipedia": null, "network": null }, "geometry": { "type": "Polygon", "coordinates": [ [ [ 993500.124198940698989, 1005523.403264422784559 ], [ 993476.788288773735985, 1005501.454749007476494 ], [ 993483.322995693888515, 1005494.056295841699466 ], [ 993507.235879313782789, 1005516.015823591966182 ], [ 993500.124198940698989, 1005523.403264422784559 ] ] ] } },
{ "type": "Feature", "properties": { "element": "way", "id": 538598430, "addr:city": null, "addr:street": null, "alt_name": null, "brand:wikidata": null, "brand:wikipedia": null, "building": "yes", "name": null, "operator": null, "shop": null, "amenity": null, "check_date": null, "denomination": null, "religion": null, "building:levels": "3", "source": null, "addr:housenumber": null, "phone": null, "layer": null, "addr:unit": null, "healthcare": null, "addr:postcode": null, "operator:wikidata": null, "waste": null, "building:flats": null, "community_centre": null, "healthcare:speciality": null, "type": null, "bus": null, "internet_access": null, "public_transport": null, "wheelchair": null, "wikidata": null, "wikipedia": null, "network": null }, "geometry": { "type": "Polygon", "coordinates": [ [ [ 993508.334220342920162, 1005514.500764554133639 ], [ 993514.647044098353945, 1005507.434077204670757 ], [ 993490.512295208754949, 1005486.0495900552487 ], [ 993484.199498479370959, 1005493.436966005945578 ], [ 993508.334220342920162, 1005514.500764554133639 ] ] ] } },
{ "type": "Feature", "properties": { "element": "way", "id": 538598431, "addr:city": null, "addr:street": null, "alt_name": null, "brand:wikidata": null, "brand:wikipedia": null, "building": "yes", "name": null, "operator": null, "shop": null, "amenity": null, "check_date": null, "denomination": null, "religion": null, "building:levels": "3", "source": null, "addr:housenumber": null, "phone": null, "layer": null, "addr:unit": null, "healthcare": null, "addr:postcode": null, "operator:wikidata": null, "waste": null, "building:flats": null, "community_centre": null, "healthcare:speciality": null, "type": null, "bus": null, "internet_access": null, "public_transport": null, "wheelchair": null, "wikidata": null, "wikipedia": null, "network": null }, "geometry": { "type": "Polygon", "coordinates": [ [ [ 993515.545706240460277, 1005506.427710220916197 ], [ 993521.858559589018114, 1005499.703826498123817 ], [ 993498.28967713797465, 1005478.197650512796827 ], [ 993491.754939974052832, 1005485.26435751398094 ], [ 993515.545706240460277, 1005506.427710220916197 ] ] ] } },
{ "type": "Feature", "properties": { "element": "way", "id": 538598432, "addr:city": null, "addr:street": null, "alt_name": null, "brand:wikidata": null, "brand:wikipedia": null, "building": "yes", "name": null, "operator": null, "shop": null, "amenity": null, "check_date": null, "denomination": null, "religion": null, "building:levels": "3", "source": null, "addr:housenumber": null, "phone": null, "layer": null, "addr:unit": null, "healthcare": null, "addr:postcode": null, "operator:wikidata": null, "waste": null, "building:flats": null, "community_centre": null, "healthcare:speciality": null, "type": null, "bus": null, "internet_access": null, "public_transport": null, "wheelchair": null, "wikidata": null, "wikipedia": null, "network": null }, "geometry": { "type": "Polygon", "coordinates": [ [ [ 993523.44512310042046, 1005498.365657978923991 ], [ 993499.754179657436907, 1005476.748910015216097 ], [ 993506.189067679806612, 1005469.803851753938943 ], [ 993530.323827201034874, 1005491.309983423328958 ], [ 993523.44512310042046, 1005498.365657978923991 ] ] ] } },
{ "type": "Feature", "properties": { "element": "way", "id": 538598433, "addr:city": null, "addr:street": null, "alt_name": null, "brand:wikidata": null, "brand:wikipedia": null, "building": "yes", "name": null, "operator": null, "shop": null, "amenity": null, "check_date": null, "denomination": null, "religion": null, "building:levels": "3", "source": null, "addr:housenumber": null, "phone": null, "layer": null, "addr:unit": null, "healthcare": null, "addr:postcode": null, "operator:wikidata": null, "waste": null, "building:flats": null, "community_centre": null, "healthcare:speciality": null, "type": null, "bus": null, "internet_access": null, "public_transport": null, "wheelchair": null, "wikidata": null, "wikipedia": null, "network": null }, "geometry": { "type": "Polygon", "coordinates": [ [ [ 993537.091474321088754, 1005483.015804523252882 ], [ 993513.511513795587234, 1005461.730788195854984 ], [ 993507.19866720517166, 1005468.565254112589173 ], [ 993530.767540925531648, 1005489.960851108306088 ], [ 993537.091474321088754, 1005483.015804523252882 ] ] ] } },
{ "type": "Feature", "properties": { "element": "way", "id": 538598434, "addr:city": null, "addr:street": null, "alt_name": null, "brand:wikidata": null, "brand:wikipedia": null, "building": "apartments", "name": null, "operator": null, "shop": null, "amenity": null, "check_date": null, "denomination": null, "religion": null, "building:levels": "7", "source": null, "addr:housenumber": null, "phone": null, "layer": null, "addr:unit": null, "healthcare": null, "addr:postcode": null, "operator:wikidata": null, "waste": null, "building:flats": null, "community_centre": null, "healthcare:speciality": null, "type": null, "bus": null, "internet_access": null, "public_transport": null, "wheelchair": null, "wikidata": null, "wikipedia": null, "network": null }, "geometry": { "type": "Polygon", "coordinates": [ [ [ 993409.294498804141767, 1005379.754257759544998 ], [ 993409.815883369999938, 1005378.438292745384388 ], [ 993412.600123302079737, 1005369.315075670019723 ], [ 993414.630102353054099, 1005363.078102180617861 ], [ 993486.243245560093783, 1005385.663951932103373 ], [ 993480.907629376742989, 1005402.351160727441311 ], [ 993409.294498804141767, 1005379.754257759544998 ] ] ] } },
{ "type": "Feature", "properties": { "element": "way", "id": 538598435, "addr:city": null, "addr:street": null, "alt_name": null, "brand:wikidata": null, "brand:wikipedia": null, "building": "yes", "name": null, "operator": null, "shop": null, "amenity": null, "check_date": null, "denomination": null, "religion": null, "building:levels": "2", "source": null, "addr:housenumber": null, "phone": null, "layer": null, "addr:unit": null, "healthcare": null, "addr:postcode": null, "operator:wikidata": null, "waste": null, "building:flats": null, "community_centre": null, "healthcare:speciality": null, "type": null, "bus": null, "internet_access": null, "public_transport": null, "wheelchair": null, "wikidata": null, "wikipedia": null, "network": null }, "geometry": { "type": "Polygon", "coordinates": [ [ [ 993409.815883369999938, 1005378.438292745384388 ], [ 993401.161065450287424, 1005375.829293583170511 ], [ 993403.945305406115949, 1005366.717134356731549 ], [ 993412.600123302079737, 1005369.315075670019723 ], [ 993409.815883369999938, 1005378.438292745384388 ] ] ] } },
{ "type": "Feature", "properties": { "element": "way", "id": 538598436, "addr:city": null, "addr:street": null, "alt_name": null, "brand:wikidata": null, "brand:wikipedia": null, "building": "apartments", "name": null, "operator": null, "shop": null, "amenity": null, "check_date": null, "denomination": null, "religion": null, "building:levels": "7", "source": null, "addr:housenumber": null, "phone": null, "layer": null, "addr:unit": null, "healthcare": null, "addr:postcode": null, "operator:wikidata": null, "waste": null, "building:flats": null, "community_centre": null, "healthcare:speciality": null, "type": null, "bus": null, "internet_access": null, "public_transport": null, "wheelchair": null, "wikidata": null, "wikipedia": null, "network": null }, "geometry": { "type": "Polygon", "coordinates": [ [ [ 993400.308143056929111, 1005392.980574156274088 ], [ 993390.842773253563792, 1005383.581932953791693 ], [ 993373.623785349656828, 1005400.679302642587572 ], [ 993383.089156138594262, 1005410.088999971747398 ], [ 993400.308143056929111, 1005392.980574156274088 ] ] ] } },
{ "type": "Feature", "properties": { "element": "way", "id": 538598437, "addr:city": null, "addr:street": null, "alt_name": null, "brand:wikidata": null, "brand:wikipedia": null, "building": "apartments", "name": null, "operator": null, "shop": null, "amenity": null, "check_date": null, "denomination": null, "religion": null, "building:levels": "7", "source": null, "addr:housenumber": null, "phone": null, "layer": null, "addr:unit": null, "healthcare": null, "addr:postcode": null, "operator:wikidata": null, "waste": null, "building:flats": null, "community_centre": null, "healthcare:speciality": null, "type": null, "bus": null, "internet_access": null, "public_transport": null, "wheelchair": null, "wikidata": null, "wikipedia": null, "network": null }, "geometry": { "type": "Polygon", "coordinates": [ [ [ 993425.306917232694104, 1005396.60555357625708 ], [ 993416.46298544225283, 1005388.146801025024615 ], [ 993380.494055104907602, 1005425.238900534925051 ], [ 993389.326891066739336, 1005433.697650044807233 ], [ 993425.306917232694104, 1005396.60555357625708 ] ] ] } },
{ "type": "Feature", "properties": { "element": "way", "id": 538598438, "addr:city": null, "addr:street": null, "alt_name": null, "brand:wikidata": null, "brand:wikipedia": null, "building": "apartments", "name": null, "operator": null, "shop": null, "amenity": null, "check_date": null, "denomination": null, "religion": null, "building:levels": "7", "source": null, "addr:housenumber": null, "phone": null, "layer": null, "addr:unit": null, "healthcare": null, "addr:postcode": null, "operator:wikidata": null, "waste": null, "building:flats": null, "community_centre": null, "healthcare:speciality": null, "type": null, "bus": null, "internet_access": null, "public_transport": null, "wheelchair": null, "wikidata": null, "wikipedia": null, "network": null }, "geometry": { "type": "Polygon", "coordinates": [ [ [ 993441.984595704008825, 1005407.817134571727365 ], [ 993432.785581648116931, 1005399.059839493478648 ], [ 993395.68505907128565, 1005438.10932144895196 ], [ 993404.617755396408029, 1005446.601238751318306 ], [ 993441.984595704008825, 1005407.817134571727365 ] ] ] } },
{ "type": "Feature", "properties": { "element": "way", "id": 538598439, "addr:city": null, "addr:street": null, "alt_name": null, "brand:wikidata": null, "brand:wikipedia": null, "building": "apartments", "name": null, "operator": null, "shop": null, "amenity": null, "check_date": null, "denomination": null, "religion": null, "building:levels": "7", "source": null, "addr:housenumber": null, "phone": null, "layer": null, "addr:unit": null, "healthcare": null, "addr:postcode": null, "operator:wikidata": null, "waste": null, "building:flats": null, "community_centre": null, "healthcare:speciality": null, "type": null, "bus": null, "internet_access": null, "public_transport": null, "wheelchair": null, "wikidata": null, "wikipedia": null, "network": null }, "geometry": { "type": "Polygon", "coordinates": [ [ [ 993469.657202142872848, 1005408.931702009751461 ], [ 993459.881183262332343, 1005399.75424165208824 ], [ 993410.498828014708124, 1005451.234114672406577 ], [ 993420.541162794572301, 1005460.665884393500164 ], [ 993469.657202142872848, 1005408.931702009751461 ] ] ] } },
{ "type": "Feature", "properties": { "element": "way", "id": 538598440, "addr:city": null, "addr:street": null, "alt_name": null, "brand:wikidata": null, "brand:wikipedia": null, "building": "yes", "name": null, "operator": null, "shop": null, "amenity": null, "check_date": null, "denomination": null, "religion": null, "building:levels": "3", "source": null, "addr:housenumber": null, "phone": null, "layer": null, "addr:unit": null, "healthcare": null, "addr:postcode": null, "operator:wikidata": null, "waste": null, "building:flats": null, "community_centre": null, "healthcare:speciality": null, "type": null, "bus": null, "internet_access": null, "public_transport": null, "wheelchair": null, "wikidata": null, "wikipedia": null, "network": null }, "geometry": { "type": "Polygon", "coordinates": [ [ [ 993236.316944991587661, 1005419.932214848697186 ], [ 993227.850179959787056, 1005410.699379418510944 ], [ 993240.431650174665265, 1005399.319446239853278 ], [ 993248.898414916940965, 1005408.552282997174188 ], [ 993236.316944991587661, 1005419.932214848697186 ] ] ] } },
{ "type": "Feature", "properties": { "element": "way", "id": 538598441, "addr:city": null, "addr:street": null, "alt_name": null, "brand:wikidata": null, "brand:wikipedia": null, "building": "apartments", "name": null, "operator": null, "shop": null, "amenity": null, "check_date": null, "denomination": null, "religion": null, "building:levels": "6", "source": null, "addr:housenumber": null, "phone": null, "layer": null, "addr:unit": null, "healthcare": null, "addr:postcode": null, "operator:wikidata": null, "waste": null, "building:flats": null, "community_centre": null, "healthcare:speciality": null, "type": null, "bus": null, "internet_access": null, "public_transport": null, "wheelchair": null, "wikidata": null, "wikipedia": null, "network": null }, "geometry": { "type": "Polygon", "coordinates": [ [ [ 993204.338090614997782, 1005533.789816531003453 ], [ 993211.293699889327399, 1005518.263554411707446 ], [ 993162.992607693187892, 1005496.925493493094109 ], [ 993156.037005969323218, 1005512.45175990939606 ], [ 993204.338090614997782, 1005533.789816531003453 ] ] ] } },
{ "type": "Feature", "properties": { "element": "way", "id": 538598442, "addr:city": null, "addr:street": null, "alt_name": null, "brand:wikidata": null, "brand:wikipedia": null, "building": "apartments", "name": null, "operator": null, "shop": null, "amenity": null, "check_date": null, "denomination": null, "religion": null, "building:levels": "6", "source": null, "addr:housenumber": null, "phone": null, "layer": null, "addr:unit": null, "healthcare": null, "addr:postcode": null, "operator:wikidata": null, "waste": null, "building:flats": null, "community_centre": null, "healthcare:speciality": null, "type": null, "bus": null, "internet_access": null, "public_transport": null, "wheelchair": null, "wikidata": null, "wikipedia": null, "network": null }, "geometry": { "type": "Polygon", "coordinates": [ [ [ 993222.313827649923041, 1005543.475212458637543 ], [ 993227.593815129017457, 1005525.792754821362905 ], [ 993298.141531645436771, 1005546.553927824134007 ], [ 993292.872625406831503, 1005564.236379671026953 ], [ 993222.313827649923041, 1005543.475212458637543 ] ] ] } },
{ "type": "Feature", "properties": { "element": "way", "id": 538598443, "addr:city": null, "addr:street": null, "alt_name": null, "brand:wikidata": null, "brand:wikipedia": null, "building": "yes", "name": null, "operator": null, "shop": null, "amenity": null, "check_date": null, "denomination": null, "religion": null, "building:levels": "3", "source": null, "addr:housenumber": null, "phone": null, "layer": null, "addr:unit": null, "healthcare": null, "addr:postcode": null, "operator:wikidata": null, "waste": null, "building:flats": null, "community_centre": null, "healthcare:speciality": null, "type": null, "bus": null, "internet_access": null, "public_transport": null, "wheelchair": null, "wikidata": null, "wikipedia": null, "network": null }, "geometry": { "type": "Polygon", "coordinates": [ [ [ 993173.404472504276782, 1005544.872780061792582 ], [ 993180.57143719762098, 1005535.627533040707931 ], [ 993171.783123279339634, 1005528.904934308840893 ], [ 993164.616158985998482, 1005538.150182122248225 ], [ 993173.404472504276782, 1005544.872780061792582 ] ] ] } },
{ "type": "Feature", "properties": { "element": "way", "id": 538598444, "addr:city": null, "addr:street": null, "alt_name": null, "brand:wikidata": null, "brand:wikipedia": null, "building": "apartments", "name": null, "operator": null, "shop": null, "amenity": null, "check_date": null, "denomination": null, "religion": null, "building:levels": "5", "source": null, "addr:housenumber": null, "phone": null, "layer": null, "addr:unit": null, "healthcare": null, "addr:postcode": null, "operator:wikidata": null, "waste": null, "building:flats": null, "community_centre": null, "healthcare:speciality": null, "type": null, "bus": null, "internet_access": null, "public_transport": null, "wheelchair": null, "wikidata": null, "wikipedia": null, "network": null }, "geometry": { "type": "Polygon", "coordinates": [ [ [ 993203.264609301229939, 1005566.046569744707085 ], [ 993215.35768601752352, 1005552.84207719238475 ], [ 993265.336211843299679, 1005598.010366364731453 ], [ 993253.243133878102526, 1005611.214851348777302 ], [ 993203.264609301229939, 1005566.046569744707085 ] ] ] } },
{ "type": "Feature", "properties": { "element": "way", "id": 538598445, "addr:city": null, "addr:street": null, "alt_name": null, "brand:wikidata": null, "brand:wikipedia": null, "building": "apartments", "name": null, "operator": null, "shop": null, "amenity": null, "check_date": null, "denomination": null, "religion": null, "building:levels": "5", "source": null, "addr:housenumber": null, "phone": null, "layer": null, "addr:unit": null, "healthcare": null, "addr:postcode": null, "operator:wikidata": null, "waste": null, "building:flats": null, "community_centre": null, "healthcare:speciality": null, "type": null, "bus": null, "internet_access": null, "public_transport": null, "wheelchair": null, "wikidata": null, "wikipedia": null, "network": null }, "geometry": { "type": "Polygon", "coordinates": [ [ [ 993280.860758492024615, 1005618.920021034777164 ], [ 993267.112290042219684, 1005607.111081788316369 ], [ 993314.796542363241315, 1005552.324868087074719 ], [ 993328.545013019233011, 1005564.133815553272143 ], [ 993280.860758492024615, 1005618.920021034777164 ] ] ] } },
{ "type": "Feature", "properties": { "element": "way", "id": 538598446, "addr:city": null, "addr:street": null, "alt_name": null, "brand:wikidata": null, "brand:wikipedia": null, "building": "apartments", "name": null, "operator": null, "shop": null, "amenity": null, "check_date": null, "denomination": null, "religion": null, "building:levels": "6", "source": null, "addr:housenumber": null, "phone": null, "layer": null, "addr:unit": null, "healthcare": null, "addr:postcode": null, "operator:wikidata": null, "waste": null, "building:flats": null, "community_centre": null, "healthcare:speciality": null, "type": null, "bus": null, "internet_access": null, "public_transport": null, "wheelchair": null, "wikidata": null, "wikipedia": null, "network": null }, "geometry": { "type": "Polygon", "coordinates": [ [ [ 993357.732654925202951, 1005637.137328142765909 ], [ 993346.414318767259829, 1005627.451336675207131 ], [ 993390.160034356405959, 1005576.978186370572075 ], [ 993401.478372233104892, 1005586.664184046792798 ], [ 993357.732654925202951, 1005637.137328142765909 ] ] ] } },
{ "type": "Feature", "properties": { "element": "way", "id": 538598447, "addr:city": null, "addr:street": null, "alt_name": null, "brand:wikidata": null, "brand:wikipedia": null, "building": "yes", "name": null, "operator": null, "shop": null, "amenity": null, "check_date": null, "denomination": null, "religion": null, "building:levels": "3", "source": null, "addr:housenumber": null, "phone": null, "layer": null, "addr:unit": null, "healthcare": null, "addr:postcode": null, "operator:wikidata": null, "waste": null, "building:flats": null, "community_centre": null, "healthcare:speciality": null, "type": null, "bus": null, "internet_access": null, "public_transport": null, "wheelchair": null, "wikidata": null, "wikipedia": null, "network": null }, "geometry": { "type": "Polygon", "coordinates": [ [ [ 993425.147654659464024, 1005614.672522526816465 ], [ 993418.556287030223757, 1005607.783839933341369 ], [ 993432.369226229027845, 1005594.745109280804172 ], [ 993438.960594635806046, 1005601.644851172110066 ], [ 993425.147654659464024, 1005614.672522526816465 ] ] ] } },
{ "type": "Feature", "properties": { "element": "way", "id": 538598448, "addr:city": null, "addr:street": null, "alt_name": null, "brand:wikidata": null, "brand:wikipedia": null, "building": "apartments", "name": null, "operator": null, "shop": null, "amenity": null, "check_date": null, "denomination": null, "religion": null, "building:levels": "5", "source": null, "addr:housenumber": null, "phone": null, "layer": null, "addr:unit": null, "healthcare": null, "addr:postcode": null, "operator:wikidata": null, "waste": null, "building:flats": null, "community_centre": null, "healthcare:speciality": null, "type": null, "bus": null, "internet_access": null, "public_transport": null, "wheelchair": null, "wikidata": null, "wikipedia": null, "network": null }, "geometry": { "type": "Polygon", "coordinates": [ [ [ 993393.261505548725836, 1005645.814986181329004 ], [ 993380.755753415869549, 1005633.851108325063251 ], [ 993409.169134380528703, 1005604.577760722138919 ], [ 993421.674887655884959, 1005616.552701183478348 ], [ 993393.261505548725836, 1005645.814986181329004 ] ] ] } },
{ "type": "Feature", "properties": { "element": "way", "id": 538598449, "addr:city": null, "addr:street": null, "alt_name": null, "brand:wikidata": null, "brand:wikipedia": null, "building": "apartments", "name": null, "operator": null, "shop": null, "amenity": null, "check_date": null, "denomination": null, "religion": null, "building:levels": "6", "source": null, "addr:housenumber": null, "phone": null, "layer": null, "addr:unit": null, "healthcare": null, "addr:postcode": null, "operator:wikidata": null, "waste": null, "building:flats": null, "community_centre": null, "healthcare:speciality": null, "type": null, "bus": null, "internet_access": null, "public_transport": null, "wheelchair": null, "wikidata": null, "wikipedia": null, "network": null }, "geometry": { "type": "Polygon", "coordinates": [ [ [ 993389.566845425753854, 1005647.894231910817325 ], [ 993378.958604424376972, 1005637.865372936357744 ], [ 993332.816084453137591, 1005686.016520269913599 ], [ 993343.424325002240948, 1005696.045373121509328 ], [ 993389.566845425753854, 1005647.894231910817325 ] ] ] } },
{ "type": "Feature", "properties": { "element": "way", "id": 538598450, "addr:city": null, "addr:street": null, "alt_name": null, "brand:wikidata": null, "brand:wikipedia": null, "building": "apartments", "name": null, "operator": null, "shop": null, "amenity": null, "check_date": null, "denomination": null, "religion": null, "building:levels": "5", "source": null, "addr:housenumber": null, "phone": null, "layer": null, "addr:unit": null, "healthcare": null, "addr:postcode": null, "operator:wikidata": null, "waste": null, "building:flats": null, "community_centre": null, "healthcare:speciality": null, "type": null, "bus": null, "internet_access": null, "public_transport": null, "wheelchair": null, "wikidata": null, "wikipedia": null, "network": null }, "geometry": { "type": "Polygon", "coordinates": [ [ [ 993350.476903883158229, 1005646.26092680695001 ], [ 993337.893562363809906, 1005635.314413229003549 ], [ 993309.103258072165772, 1005667.982675456441939 ], [ 993321.686598489060998, 1005678.929184493026696 ], [ 993350.476903883158229, 1005646.26092680695001 ] ] ] } },
{ "type": "Feature", "properties": { "element": "way", "id": 538598451, "addr:city": null, "addr:street": null, "alt_name": null, "brand:wikidata": null, "brand:wikipedia": null, "building": "yes", "name": null, "operator": null, "shop": null, "amenity": null, "check_date": null, "denomination": null, "religion": null, "building:levels": "2", "source": null, "addr:housenumber": null, "phone": null, "layer": null, "addr:unit": null, "healthcare": null, "addr:postcode": null, "operator:wikidata": null, "waste": null, "building:flats": null, "community_centre": null, "healthcare:speciality": null, "type": null, "bus": null, "internet_access": null, "public_transport": null, "wheelchair": null, "wikidata": null, "wikipedia": null, "network": null }, "geometry": { "type": "Polygon", "coordinates": [ [ [ 993448.716254723840393, 1005633.038158940151334 ], [ 993444.965413394151255, 1005626.724261480732821 ], [ 993456.936985507374629, 1005619.712387401494198 ], [ 993460.687827114597894, 1005626.037343575851992 ], [ 993448.716254723840393, 1005633.038158940151334 ] ] ] } },
{ "type": "Feature", "properties": { "element": "way", "id": 538598452, "addr:city": null, "addr:street": null, "alt_name": null, "brand:wikidata": null, "brand:wikipedia": null, "building": "apartments", "name": null, "operator": null, "shop": null, "amenity": null, "check_date": null, "denomination": null, "religion": null, "building:levels": "8", "source": null, "addr:housenumber": null, "phone": null, "layer": null, "addr:unit": null, "healthcare": null, "addr:postcode": null, "operator:wikidata": null, "waste": null, "building:flats": null, "community_centre": null, "healthcare:speciality": null, "type": null, "bus": null, "internet_access": null, "public_transport": null, "wheelchair": null, "wikidata": null, "wikipedia": null, "network": null }, "geometry": { "type": "Polygon", "coordinates": [ [ [ 993476.722550689126365, 1005644.989699146244675 ], [ 993468.810309080290608, 1005632.041249229805544 ], [ 993417.240553884999827, 1005663.141111426521093 ], [ 993425.152801000745967, 1005676.089556314051151 ], [ 993476.722550689126365, 1005644.989699146244675 ] ] ] } },
{ "type": "Feature", "properties": { "element": "way", "id": 538598453, "addr:city": null, "addr:street": null, "alt_name": null, "brand:wikidata": null, "brand:wikipedia": null, "building": "apartments", "name": null, "operator": null, "shop": null, "amenity": null, "check_date": null, "denomination": null, "religion": null, "building:levels": "8", "source": null, "addr:housenumber": null, "phone": null, "layer": null, "addr:unit": null, "healthcare": null, "addr:postcode": null, "operator:wikidata": null, "waste": null, "building:flats": null, "community_centre": null, "healthcare:speciality": null, "type": null, "bus": null, "internet_access": null, "public_transport": null, "wheelchair": null, "wikidata": null, "wikipedia": null, "network": null }, "geometry": { "type": "Polygon", "coordinates": [ [ [ 993492.425063517643139, 1005671.959253269946203 ], [ 993484.601570856175385, 1005658.756456644274294 ], [ 993436.548881106660701, 1005686.870310631929897 ], [ 993444.372378246043809, 1005700.062044465797953 ], [ 993492.425063517643139, 1005671.959253269946203 ] ] ] } },
{ "type": "Feature", "properties": { "element": "way", "id": 538616449, "addr:city": null, "addr:street": null, "alt_name": null, "brand:wikidata": null, "brand:wikipedia": null, "building": "apartments", "name": null, "operator": null, "shop": null, "amenity": null, "check_date": null, "denomination": null, "religion": null, "building:levels": "12", "source": null, "addr:housenumber": null, "phone": null, "layer": null, "addr:unit": null, "healthcare": null, "addr:postcode": null, "operator:wikidata": null, "waste": null, "building:flats": null, "community_centre": null, "healthcare:speciality": null, "type": null, "bus": null, "internet_access": null, "public_transport": null, "wheelchair": null, "wikidata": null, "wikipedia": null, "network": null }, "geometry": { "type": "Polygon", "coordinates": [ [ [ 992717.880842805374414, 1005380.158150973729789 ], [ 992730.684502047020942, 1005372.493657398037612 ], [ 992696.78211385011673, 1005316.553557354141958 ], [ 992683.978448638110422, 1005324.218056266778149 ], [ 992717.880842805374414, 1005380.158150973729789 ] ] ] } },
{ "type": "Feature", "properties": { "element": "way", "id": 538616450, "addr:city": null, "addr:street": null, "alt_name": null, "brand:wikidata": null, "brand:wikipedia": null, "building": "apartments", "name": null, "operator": null, "shop": null, "amenity": null, "check_date": null, "denomination": null, "religion": null, "building:levels": "12", "source": null, "addr:housenumber": null, "phone": null, "layer": null, "addr:unit": null, "healthcare": null, "addr:postcode": null, "operator:wikidata": null, "waste": null, "building:flats": null, "community_centre": null, "healthcare:speciality": null, "type": null, "bus": null, "internet_access": null, "public_transport": null, "wheelchair": null, "wikidata": null, "wikipedia": null, "network": null }, "geometry": { "type": "Polygon", "coordinates": [ [ [ 992674.035018827067688, 1005424.593930033268407 ], [ 992685.096312853158452, 1005413.291455699247308 ], [ 992640.210403698147275, 1005369.9587094145827 ], [ 992629.149109846446663, 1005381.26118995284196 ], [ 992674.035018827067688, 1005424.593930033268407 ] ] ] } },
{ "type": "Feature", "properties": { "element": "way", "id": 538616451, "addr:city": null, "addr:street": null, "alt_name": null, "brand:wikidata": null, "brand:wikipedia": null, "building": "apartments", "name": null, "operator": null, "shop": null, "amenity": null, "check_date": null, "denomination": null, "religion": null, "building:levels": "12", "source": null, "addr:housenumber": null, "phone": null, "layer": null, "addr:unit": null, "healthcare": null, "addr:postcode": null, "operator:wikidata": null, "waste": null, "building:flats": null, "community_centre": null, "healthcare:speciality": null, "type": null, "bus": null, "internet_access": null, "public_transport": null, "wheelchair": null, "wikidata": null, "wikipedia": null, "network": null }, "geometry": { "type": "Polygon", "coordinates": [ [ [ 992680.281060731736943, 1005297.004261926747859 ], [ 992669.284352735965513, 1005287.185639193165116 ], [ 992601.241798666655086, 1005362.420704929972999 ], [ 992612.238503866828978, 1005372.228260130155832 ], [ 992680.281060731736943, 1005297.004261926747859 ] ] ] } },
{ "type": "Feature", "properties": { "element": "way", "id": 538616452, "addr:city": null, "addr:street": null, "alt_name": null, "brand:wikidata": null, "brand:wikipedia": null, "building": "apartments", "name": null, "operator": null, "shop": null, "amenity": null, "check_date": null, "denomination": null, "religion": null, "building:levels": "15", "source": null, "addr:housenumber": null, "phone": null, "layer": null, "addr:unit": null, "healthcare": null, "addr:postcode": null, "operator:wikidata": null, "waste": null, "building:flats": null, "community_centre": null, "healthcare:speciality": null, "type": null, "bus": null, "internet_access": null, "public_transport": null, "wheelchair": null, "wikidata": null, "wikipedia": null, "network": null }, "geometry": { "type": "Polygon", "coordinates": [ [ [ 992509.261014058021829, 1005268.103294408530928 ], [ 992499.728792052832432, 1005257.07921565300785 ], [ 992597.785106489784084, 1005181.631124199717306 ], [ 992607.328565999632701, 1005194.214414465939626 ], [ 992557.013335001538508, 1005232.39194523403421 ], [ 992509.261014058021829, 1005268.103294408530928 ] ] ] } },
{ "type": "Feature", "properties": { "element": "way", "id": 538616453, "addr:city": null, "addr:street": null, "alt_name": null, "brand:wikidata": null, "brand:wikipedia": null, "building": "apartments", "name": null, "operator": null, "shop": null, "amenity": null, "check_date": null, "denomination": null, "religion": null, "building:levels": "15", "source": null, "addr:housenumber": null, "phone": null, "layer": null, "addr:unit": null, "healthcare": null, "addr:postcode": null, "operator:wikidata": null, "waste": null, "building:flats": null, "community_centre": null, "healthcare:speciality": null, "type": null, "bus": null, "internet_access": null, "public_transport": null, "wheelchair": null, "wikidata": null, "wikipedia": null, "network": null }, "geometry": { "type": "Polygon", "coordinates": [ [ [ 992616.586782146245241, 1005241.33237515098881 ], [ 992607.73136175959371, 1005229.821660736342892 ], [ 992571.783860209397972, 1005255.645863353856839 ], [ 992527.038210087339394, 1005288.636609512497671 ], [ 992536.670397781184874, 1005300.843905518879183 ], [ 992616.586782146245241, 1005241.33237515098881 ] ] ] } },
{ "type": "Feature", "properties": { "element": "way", "id": 538616456, "addr:city": null, "addr:street": null, "alt_name": null, "brand:wikidata": null, "brand:wikipedia": null, "building": "yes", "name": null, "operator": null, "shop": null, "amenity": null, "check_date": null, "denomination": null, "religion": null, "building:levels": "2", "source": null, "addr:housenumber": null, "phone": null, "layer": null, "addr:unit": null, "healthcare": null, "addr:postcode": null, "operator:wikidata": null, "waste": null, "building:flats": null, "community_centre": null, "healthcare:speciality": null, "type": null, "bus": null, "internet_access": null, "public_transport": null, "wheelchair": null, "wikidata": null, "wikipedia": null, "network": null }, "geometry": { "type": "Polygon", "coordinates": [ [ [ 992616.586782146245241, 1005241.33237515098881 ], [ 992634.061200978932902, 1005228.04988055897411 ], [ 992625.194687089184299, 1005216.550223433063366 ], [ 992607.73136175959371, 1005229.821660736342892 ], [ 992616.586782146245241, 1005241.33237515098881 ] ] ] } },
{ "type": "Feature", "properties": { "element": "way", "id": 539151449, "addr:city": null, "addr:street": null, "alt_name": null, "brand:wikidata": null, "brand:wikipedia": null, "building": "yes", "name": null, "operator": null, "shop": null, "amenity": null, "check_date": null, "denomination": null, "religion": null, "building:levels": "2", "source": null, "addr:housenumber": null, "phone": null, "layer": null, "addr:unit": null, "healthcare": null, "addr:postcode": null, "operator:wikidata": null, "waste": null, "building:flats": null, "community_centre": null, "healthcare:speciality": null, "type": null, "bus": null, "internet_access": null, "public_transport": null, "wheelchair": null, "wikidata": null, "wikipedia": null, "network": null }, "geometry": { "type": "Polygon", "coordinates": [ [ [ 993491.961536559509113, 1005434.363621621741913 ], [ 993498.773630373761989, 1005426.832449021516368 ], [ 993511.501301237381995, 1005438.696803442318924 ], [ 993504.533832760178484, 1005445.796719507779926 ], [ 993491.961536559509113, 1005434.363621621741913 ] ] ] } },
{ "type": "Feature", "properties": { "element": "way", "id": 539151450, "addr:city": null, "addr:street": null, "alt_name": null, "brand:wikidata": null, "brand:wikipedia": null, "building": "apartments", "name": null, "operator": null, "shop": null, "amenity": null, "check_date": null, "denomination": null, "religion": null, "building:levels": "5", "source": null, "addr:housenumber": null, "phone": null, "layer": null, "addr:unit": null, "healthcare": null, "addr:postcode": null, "operator:wikidata": null, "waste": null, "building:flats": null, "community_centre": null, "healthcare:speciality": null, "type": null, "bus": null, "internet_access": null, "public_transport": null, "wheelchair": null, "wikidata": null, "wikipedia": null, "network": null }, "geometry": { "type": "Polygon", "coordinates": [ [ [ 993498.773630373761989, 1005426.832449021516368 ], [ 993525.456296311342157, 1005398.587698964052834 ], [ 993538.183968522585928, 1005410.463115793885663 ], [ 993511.501301237381995, 1005438.696803442318924 ], [ 993498.773630373761989, 1005426.832449021516368 ] ] ] } },
{ "type": "Feature", "properties": { "element": "way", "id": 539151451, "addr:city": null, "addr:street": null, "alt_name": null, "brand:wikidata": null, "brand:wikipedia": null, "building": "yes", "name": null, "operator": null, "shop": null, "amenity": null, "check_date": null, "denomination": null, "religion": null, "building:levels": "2", "source": null, "addr:housenumber": null, "phone": null, "layer": null, "addr:unit": null, "healthcare": null, "addr:postcode": null, "operator:wikidata": null, "waste": null, "building:flats": null, "community_centre": null, "healthcare:speciality": null, "type": null, "bus": null, "internet_access": null, "public_transport": null, "wheelchair": null, "wikidata": null, "wikipedia": null, "network": null }, "geometry": { "type": "Polygon", "coordinates": [ [ [ 993441.072494443971664, 1005513.566412959480658 ], [ 993435.136856636381708, 1005519.770538135897368 ], [ 993422.775358302751556, 1005508.094153940444812 ], [ 993428.722091661649756, 1005501.890026917797513 ], [ 993441.072494443971664, 1005513.566412959480658 ] ] ] } },
{ "type": "Feature", "properties": { "element": "way", "id": 541180937, "addr:city": null, "addr:street": "Avenida Calle 8", "alt_name": null, "brand:wikidata": null, "brand:wikipedia": null, "building": "yes", "name": null, "operator": null, "shop": null, "amenity": null, "check_date": null, "denomination": null, "religion": null, "building:levels": null, "source": "Kaart Ground Survey 2017", "addr:housenumber": null, "phone": null, "layer": null, "addr:unit": null, "healthcare": null, "addr:postcode": null, "operator:wikidata": null, "waste": null, "building:flats": null, "community_centre": null, "healthcare:speciality": null, "type": null, "bus": null, "internet_access": null, "public_transport": null, "wheelchair": null, "wikidata": null, "wikipedia": null, "network": null }, "geometry": { "type": "Polygon", "coordinates": [ [ [ 993387.051618256722577, 1004502.954580410383642 ], [ 993362.131202243617736, 1004510.863263864186592 ], [ 993365.538493927451782, 1004521.445634839707054 ], [ 993390.458905972423963, 1004513.525894246296957 ], [ 993387.051618256722577, 1004502.954580410383642 ] ] ] } },
{ "type": "Feature", "properties": { "element": "way", "id": 542340477, "addr:city": null, "addr:street": "Calle 16", "alt_name": null, "brand:wikidata": null, "brand:wikipedia": null, "building": "yes", "name": null, "operator": null, "shop": null, "amenity": null, "check_date": null, "denomination": null, "religion": null, "building:levels": null, "source": "Kaart Ground Survey 2017", "addr:housenumber": "81-04", "phone": null, "layer": null, "addr:unit": null, "healthcare": null, "addr:postcode": null, "operator:wikidata": null, "waste": null, "building:flats": null, "community_centre": null, "healthcare:speciality": null, "type": null, "bus": null, "internet_access": null, "public_transport": null, "wheelchair": null, "wikidata": null, "wikipedia": null, "network": null }, "geometry": { "type": "Polygon", "coordinates": [ [ [ 993537.990399063681252, 1006427.714605871704407 ], [ 993532.9970358411083, 1006422.960007171262987 ], [ 993522.43503338098526, 1006433.908462558640167 ], [ 993527.428395650233142, 1006438.652002433896996 ], [ 993537.990399063681252, 1006427.714605871704407 ] ] ] } },
{ "type": "Feature", "properties": { "element": "way", "id": 543152308, "addr:city": "Bogotá", "addr:street": "Carrera 80C", "alt_name": null, "brand:wikidata": null, "brand:wikipedia": null, "building": "residential", "name": null, "operator": null, "shop": null, "amenity": null, "check_date": null, "denomination": null, "religion": null, "building:levels": null, "source": "Kaart Ground Survey 2017", "addr:housenumber": null, "phone": null, "layer": null, "addr:unit": null, "healthcare": null, "addr:postcode": null, "operator:wikidata": null, "waste": null, "building:flats": null, "community_centre": null, "healthcare:speciality": null, "type": null, "bus": null, "internet_access": null, "public_transport": null, "wheelchair": null, "wikidata": null, "wikipedia": null, "network": null }, "geometry": { "type": "Polygon", "coordinates": [ [ [ 993539.348376824287698, 1006345.640798145555891 ], [ 993548.902306061121635, 1006354.16585561260581 ], [ 993541.269296926795505, 1006362.60386373847723 ], [ 993531.715366950724274, 1006354.067749021807685 ], [ 993539.348376824287698, 1006345.640798145555891 ] ] ] } },
{ "type": "Feature", "properties": { "element": "way", "id": 543152309, "addr:city": "Bogotá", "addr:street": "Carrera 81", "alt_name": null, "brand:wikidata": null, "brand:wikipedia": null, "building": "residential", "name": null, "operator": null, "shop": null, "amenity": null, "check_date": null, "denomination": null, "religion": null, "building:levels": null, "source": "Kaart Ground Survey 2017", "addr:housenumber": null, "phone": null, "layer": null, "addr:unit": null, "healthcare": null, "addr:postcode": null, "operator:wikidata": null, "waste": null, "building:flats": null, "community_centre": null, "healthcare:speciality": null, "type": null, "bus": null, "internet_access": null, "public_transport": null, "wheelchair": null, "wikidata": null, "wikipedia": null, "network": null }, "geometry": { "type": "Polygon", "coordinates": [ [ [ 993497.49984655843582, 1006390.275011122925207 ], [ 993503.968973558978178, 1006395.737207728321664 ], [ 993499.542299476219341, 1006400.901737665641122 ], [ 993493.073172587086447, 1006395.439541419851594 ], [ 993497.49984655843582, 1006390.275011122925207 ] ] ] } },
{ "type": "Feature", "properties": { "element": "way", "id": 543152310, "addr:city": "Bogotá", "addr:street": "Calle 15A", "alt_name": null, "brand:wikidata": null, "brand:wikipedia": null, "building": "residential", "name": null, "operator": null, "shop": null, "amenity": null, "check_date": null, "denomination": null, "religion": null, "building:levels": null, "source": "Kaart Ground Survey 2017", "addr:housenumber": null, "phone": null, "layer": null, "addr:unit": null, "healthcare": null, "addr:postcode": null, "operator:wikidata": null, "waste": null, "building:flats": null, "community_centre": null, "healthcare:speciality": null, "type": null, "bus": null, "internet_access": null, "public_transport": null, "wheelchair": null, "wikidata": null, "wikipedia": null, "network": null }, "geometry": { "type": "Polygon", "coordinates": [ [ [ 993476.686499006929807, 1006411.9286273047328 ], [ 993485.796554176369682, 1006419.812340622651391 ], [ 993480.304805707652122, 1006426.060660402523354 ], [ 993471.194751617498696, 1006418.188005877425894 ], [ 993476.686499006929807, 1006411.9286273047328 ] ] ] } },
{ "type": "Feature", "properties": { "element": "way", "id": 543152311, "addr:city": "Bogotá", "addr:street": "Carrera 81A", "alt_name": null, "brand:wikidata": null, "brand:wikipedia": null, "building": "residential", "name": null, "operator": null, "shop": null, "amenity": null, "check_date": null, "denomination": null, "religion": null, "building:levels": null, "source": "Kaart Ground Survey 2017", "addr:housenumber": null, "phone": null, "layer": null, "addr:unit": null, "healthcare": null, "addr:postcode": null, "operator:wikidata": null, "waste": null, "building:flats": null, "community_centre": null, "healthcare:speciality": null, "type": null, "bus": null, "internet_access": null, "public_transport": null, "wheelchair": null, "wikidata": null, "wikipedia": null, "network": null }, "geometry": { "type": "Polygon", "coordinates": [ [ [ 993462.396750849671662, 1006426.86939872324001 ], [ 993456.450140442117117, 1006433.72595722891856 ], [ 993465.73772852262482, 1006441.676002411404625 ], [ 993471.684339120285586, 1006434.819444599561393 ], [ 993462.396750849671662, 1006426.86939872324001 ] ] ] } },
{ "type": "Feature", "properties": { "element": "way", "id": 543152312, "addr:city": "Bogotá", "addr:street": "Carrera 81B", "alt_name": null, "brand:wikidata": null, "brand:wikipedia": null, "building": "residential", "name": null, "operator": null, "shop": null, "amenity": null, "check_date": null, "denomination": null, "religion": null, "building:levels": null, "source": "Kaart Ground Survey 2017", "addr:housenumber": null, "phone": null, "layer": null, "addr:unit": null, "healthcare": null, "addr:postcode": null, "operator:wikidata": null, "waste": null, "building:flats": null, "community_centre": null, "healthcare:speciality": null, "type": null, "bus": null, "internet_access": null, "public_transport": null, "wheelchair": null, "wikidata": null, "wikipedia": null, "network": null }, "geometry": { "type": "Polygon", "coordinates": [ [ [ 993430.211533587891608, 1006460.278806610032916 ], [ 993439.909715316141956, 1006468.958653219393454 ], [ 993435.261137147783302, 1006474.09003108041361 ], [ 993425.562955525005236, 1006465.410185036598705 ], [ 993430.211533587891608, 1006460.278806610032916 ] ] ] } },
{ "type": "Feature", "properties": { "element": "way", "id": 543154509, "addr:city": "Bogotá", "addr:street": "Calle 15A", "alt_name": null, "brand:wikidata": null, "brand:wikipedia": null, "building": "commercial", "name": null, "operator": null, "shop": null, "amenity": null, "check_date": null, "denomination": null, "religion": null, "building:levels": null, "source": "Kaart Ground Survey 2017", "addr:housenumber": null, "phone": null, "layer": null, "addr:unit": null, "healthcare": null, "addr:postcode": null, "operator:wikidata": null, "waste": null, "building:flats": null, "community_centre": null, "healthcare:speciality": null, "type": null, "bus": null, "internet_access": null, "public_transport": null, "wheelchair": null, "wikidata": null, "wikipedia": null, "network": null }, "geometry": { "type": "Polygon", "coordinates": [ [ [ 993406.522251965361647, 1006455.304622676572762 ], [ 993415.809890985838138, 1006463.829686580575071 ], [ 993410.706428954610601, 1006469.314965415280312 ], [ 993401.418789080809802, 1006460.778843940701336 ], [ 993406.522251965361647, 1006455.304622676572762 ] ] ] } },
{ "type": "Feature", "properties": { "element": "way", "id": 543154512, "addr:city": "Bogotá", "addr:street": "Calle 15A", "alt_name": null, "brand:wikidata": null, "brand:wikipedia": null, "building": "residential", "name": "Bamby Pan", "operator": null, "shop": null, "amenity": null, "check_date": null, "denomination": null, "religion": null, "building:levels": null, "source": "Kaart Ground Survey 2017", "addr:housenumber": null, "phone": null, "layer": null, "addr:unit": null, "healthcare": null, "addr:postcode": null, "operator:wikidata": null, "waste": null, "building:flats": null, "community_centre": null, "healthcare:speciality": null, "type": null, "bus": null, "internet_access": null, "public_transport": null, "wheelchair": null, "wikidata": null, "wikipedia": null, "network": null }, "geometry": { "type": "Polygon", "coordinates": [ [ [ 993376.503136980463751, 1006517.664146913448349 ], [ 993383.294075817568228, 1006523.657098414958455 ], [ 993387.643091204110533, 1006518.780080405063927 ], [ 993380.852153222425841, 1006512.798186697764322 ], [ 993376.503136980463751, 1006517.664146913448349 ] ] ] } },
{ "type": "Feature", "properties": { "element": "way", "id": 543154513, "addr:city": "Bogotá", "addr:street": "Calle 15A", "alt_name": null, "brand:wikidata": null, "brand:wikipedia": null, "building": "commercial", "name": null, "operator": null, "shop": null, "amenity": null, "check_date": null, "denomination": null, "religion": null, "building:levels": null, "source": "Kaart Ground Survey 2017", "addr:housenumber": null, "phone": null, "layer": null, "addr:unit": null, "healthcare": null, "addr:postcode": null, "operator:wikidata": null, "waste": null, "building:flats": null, "community_centre": null, "healthcare:speciality": null, "type": null, "bus": null, "internet_access": null, "public_transport": null, "wheelchair": null, "wikidata": null, "wikipedia": null, "network": null }, "geometry": { "type": "Polygon", "coordinates": [ [ [ 993392.235145191894844, 1006501.307792272535153 ], [ 993401.822352748713456, 1006509.766480309073813 ], [ 993410.919790790998377, 1006499.603260987321846 ], [ 993401.332583001232706, 1006491.144571855897084 ], [ 993392.235145191894844, 1006501.307792272535153 ] ] ] } },
{ "type": "Feature", "properties": { "element": "way", "id": 543155790, "addr:city": null, "addr:street": "Calle 13", "alt_name": null, "brand:wikidata": null, "brand:wikipedia": null, "building": "yes", "name": "Drogueria Coop Fenaldrogas", "operator": null, "shop": null, "amenity": "pharmacy", "check_date": null, "denomination": null, "religion": null, "building:levels": null, "source": "Kaart Ground Survey 2017", "addr:housenumber": null, "phone": null, "layer": null, "addr:unit": null, "healthcare": "pharmacy", "addr:postcode": null, "operator:wikidata": null, "waste": null, "building:flats": null, "community_centre": null, "healthcare:speciality": null, "type": null, "bus": null, "internet_access": null, "public_transport": null, "wheelchair": null, "wikidata": null, "wikipedia": null, "network": null }, "geometry": { "type": "Polygon", "coordinates": [ [ [ 993754.376720353378914, 1005896.650879420572892 ], [ 993758.548415287863463, 1005893.66484341933392 ], [ 993763.175774472532794, 1005900.056093256920576 ], [ 993759.0040797078982, 1005903.042129018809646 ], [ 993754.376720353378914, 1005896.650879420572892 ] ] ] } },
{ "type": "Feature", "properties": { "element": "way", "id": 543155793, "addr:city": null, "addr:street": "Calle 13", "alt_name": null, "brand:wikidata": null, "brand:wikipedia": null, "building": "yes", "name": null, "operator": null, "shop": null, "amenity": null, "check_date": null, "denomination": null, "religion": null, "building:levels": null, "source": "Kaart Ground Survey 2017", "addr:housenumber": null, "phone": null, "layer": null, "addr:unit": null, "healthcare": null, "addr:postcode": null, "operator:wikidata": null, "waste": null, "building:flats": null, "community_centre": null, "healthcare:speciality": null, "type": null, "bus": null, "internet_access": null, "public_transport": null, "wheelchair": null, "wikidata": null, "wikipedia": null, "network": null }, "geometry": { "type": "Polygon", "coordinates": [ [ [ 993610.91636605525855, 1005961.795014913193882 ], [ 993621.301276049343869, 1005955.269853318342939 ], [ 993630.100683502387255, 1005963.031968447496183 ], [ 993622.267934099538252, 1005971.801728370133787 ], [ 993610.91636605525855, 1005961.795014913193882 ] ] ] } },
{ "type": "Feature", "properties": { "element": "way", "id": 543170643, "addr:city": null, "addr:street": "Avenida Carrera 86", "alt_name": null, "brand:wikidata": null, "brand:wikipedia": null, "building": "roof", "name": null, "operator": "Petrobras", "shop": null, "amenity": null, "check_date": null, "denomination": null, "religion": null, "building:levels": null, "source": "Kaart Ground Survey 2017", "addr:housenumber": null, "phone": null, "layer": "1", "addr:unit": null, "healthcare": null, "addr:postcode": null, "operator:wikidata": null, "waste": null, "building:flats": null, "community_centre": null, "healthcare:speciality": null, "type": null, "bus": null, "internet_access": null, "public_transport": null, "wheelchair": null, "wikidata": null, "wikipedia": null, "network": null }, "geometry": { "type": "Polygon", "coordinates": [ [ [ 992848.885672768345103, 1006338.424496421357617 ], [ 992828.967554326285608, 1006319.981296629877761 ], [ 992835.213725242414512, 1006313.423233160399832 ], [ 992855.142938335542567, 1006331.855375334038399 ], [ 992848.885672768345103, 1006338.424496421357617 ] ] ] } },
{ "type": "Feature", "properties": { "element": "way", "id": 543178681, "addr:city": null, "addr:street": "Carrera 81F", "alt_name": null, "brand:wikidata": null, "brand:wikipedia": null, "building": "residential", "name": null, "operator": null, "shop": null, "amenity": null, "check_date": null, "denomination": null, "religion": null, "building:levels": null, "source": "Kaart Ground Survey 2017", "addr:housenumber": null, "phone": null, "layer": null, "addr:unit": null, "healthcare": null, "addr:postcode": null, "operator:wikidata": null, "waste": null, "building:flats": null, "community_centre": null, "healthcare:speciality": null, "type": null, "bus": null, "internet_access": null, "public_transport": null, "wheelchair": null, "wikidata": null, "wikipedia": null, "network": null }, "geometry": { "type": "Polygon", "coordinates": [ [ [ 992111.201899362611584, 1005354.462305522873066 ], [ 992116.7612717152806, 1005358.98453627480194 ], [ 992109.871717775939032, 1005367.3562587199267 ], [ 992104.312345604179427, 1005362.834028449258767 ], [ 992111.201899362611584, 1005354.462305522873066 ] ] ] } },
{ "type": "Feature", "properties": { "element": "way", "id": 543184425, "addr:city": null, "addr:street": "Calle 14", "alt_name": null, "brand:wikidata": null, "brand:wikipedia": null, "building": "yes", "name": "Drogueria Nueva Vision J.I.R", "operator": null, "shop": null, "amenity": "pharmacy", "check_date": null, "denomination": null, "religion": null, "building:levels": null, "source": "Kaart Ground Survey 2017", "addr:housenumber": null, "phone": null, "layer": null, "addr:unit": null, "healthcare": "pharmacy", "addr:postcode": null, "operator:wikidata": null, "waste": null, "building:flats": null, "community_centre": null, "healthcare:speciality": null, "type": null, "bus": null, "internet_access": null, "public_transport": null, "wheelchair": null, "wikidata": null, "wikipedia": null, "network": null }, "geometry": { "type": "Polygon", "coordinates": [ [ [ 993561.744273847318254, 1006138.486370635102503 ], [ 993566.127379053505138, 1006142.997741512954235 ], [ 993569.56672235543374, 1006139.691068385611288 ], [ 993565.183618074981496, 1006135.190755482995883 ], [ 993561.744273847318254, 1006138.486370635102503 ] ] ] } },
{ "type": "Feature", "properties": { "element": "way", "id": 543184426, "addr:city": null, "addr:street": "Calle 14", "alt_name": null, "brand:wikidata": null, "brand:wikipedia": null, "building": "yes", "name": null, "operator": null, "shop": null, "amenity": null, "check_date": null, "denomination": null, "religion": null, "building:levels": null, "source": "Kaart Ground Survey 2017", "addr:housenumber": null, "phone": null, "layer": null, "addr:unit": null, "healthcare": null, "addr:postcode": null, "operator:wikidata": null, "waste": null, "building:flats": null, "community_centre": null, "healthcare:speciality": null, "type": null, "bus": null, "internet_access": null, "public_transport": null, "wheelchair": null, "wikidata": null, "wikipedia": null, "network": null }, "geometry": { "type": "Polygon", "coordinates": [ [ [ 993588.548772283596918, 1006110.296914935461245 ], [ 993593.009545322856866, 1006114.797222768655047 ], [ 993603.416328550665639, 1006104.644978883909062 ], [ 993598.966650180867873, 1006100.133611401426606 ], [ 993588.548772283596918, 1006110.296914935461245 ] ] ] } },
{ "type": "Feature", "properties": { "element": "way", "id": 543184427, "addr:city": null, "addr:street": "Calle 14A", "alt_name": null, "brand:wikidata": null, "brand:wikipedia": null, "building": "yes", "name": null, "operator": null, "shop": null, "amenity": null, "check_date": null, "denomination": null, "religion": null, "building:levels": null, "source": "Kaart Ground Survey 2017", "addr:housenumber": "78-22", "phone": null, "layer": null, "addr:unit": null, "healthcare": null, "addr:postcode": null, "operator:wikidata": null, "waste": null, "building:flats": null, "community_centre": null, "healthcare:speciality": null, "type": null, "bus": null, "internet_access": null, "public_transport": null, "wheelchair": null, "wikidata": null, "wikipedia": null, "network": null }, "geometry": { "type": "Polygon", "coordinates": [ [ [ 993752.985409236396663, 1005981.135353238321841 ], [ 993755.99205058964435, 1005977.950362875941209 ], [ 993765.346293498296291, 1005986.641334527521394 ], [ 993762.339652105583809, 1005989.826324537978508 ], [ 993752.985409236396663, 1005981.135353238321841 ] ] ] } },
{ "type": "Feature", "properties": { "element": "way", "id": 543184428, "addr:city": null, "addr:street": "Calle 13", "alt_name": null, "brand:wikidata": null, "brand:wikipedia": null, "building": "yes", "name": "Surtiraves de la 22", "operator": null, "shop": null, "amenity": "restaurant", "check_date": null, "denomination": null, "religion": null, "building:levels": null, "source": "Kaart Ground Survey 2017", "addr:housenumber": null, "phone": null, "layer": null, "addr:unit": null, "healthcare": null, "addr:postcode": null, "operator:wikidata": null, "waste": null, "building:flats": null, "community_centre": null, "healthcare:speciality": null, "type": null, "bus": null, "internet_access": null, "public_transport": null, "wheelchair": null, "wikidata": null, "wikipedia": null, "network": null }, "geometry": { "type": "Polygon", "coordinates": [ [ [ 993780.029248906066641, 1005891.374097211053595 ], [ 993782.858484109514393, 1005889.681974015082233 ], [ 993778.630722498404793, 1005885.259044270846061 ], [ 993776.289732520584948, 1005887.459804345387965 ], [ 993780.029248906066641, 1005891.374097211053595 ] ] ] } },
{ "type": "Feature", "properties": { "element": "way", "id": 543184430, "addr:city": null, "addr:street": "Calle 11B", "alt_name": null, "brand:wikidata": null, "brand:wikipedia": null, "building": "yes", "name": null, "operator": null, "shop": null, "amenity": null, "check_date": null, "denomination": null, "religion": null, "building:levels": null, "source": "Kaart Ground Survey 2017", "addr:housenumber": null, "phone": null, "layer": null, "addr:unit": null, "healthcare": null, "addr:postcode": null, "operator:wikidata": null, "waste": null, "building:flats": null, "community_centre": null, "healthcare:speciality": null, "type": null, "bus": null, "internet_access": null, "public_transport": null, "wheelchair": null, "wikidata": null, "wikipedia": null, "network": null }, "geometry": { "type": "Polygon", "coordinates": [ [ [ 992844.520789580186829, 1006047.694676404818892 ], [ 992853.37582621735055, 1006056.37452802201733 ], [ 992858.556971003534272, 1006051.165660353261046 ], [ 992849.713029915466905, 1006042.485807150485925 ], [ 992844.520789580186829, 1006047.694676404818892 ] ] ] } },
{ "type": "Feature", "properties": { "element": "way", "id": 543184829, "addr:city": "Kennedy", "addr:street": "Carrera 72B", "alt_name": null, "brand:wikidata": null, "brand:wikipedia": null, "building": "yes", "name": null, "operator": null, "shop": null, "amenity": null, "check_date": null, "denomination": null, "religion": null, "building:levels": null, "source": "Kaart Ground Survey 2017", "addr:housenumber": null, "phone": null, "layer": null, "addr:unit": null, "healthcare": null, "addr:postcode": null, "operator:wikidata": null, "waste": null, "building:flats": null, "community_centre": null, "healthcare:speciality": null, "type": null, "bus": null, "internet_access": null, "public_transport": null, "wheelchair": null, "wikidata": null, "wikipedia": null, "network": null }, "geometry": { "type": "Polygon", "coordinates": [ [ [ 993266.606006481451914, 1004490.059928890317678 ], [ 993270.790211247629486, 1004502.931268382817507 ], [ 993287.133822786738165, 1004497.688303988426924 ], [ 993286.390212142607197, 1004495.410386620089412 ], [ 993291.127973223570734, 1004493.883956300211139 ], [ 993287.687382097123191, 1004483.290533159510233 ], [ 993266.606006481451914, 1004490.059928890317678 ] ] ] } },
{ "type": "Feature", "properties": { "element": "way", "id": 543184832, "addr:city": "Kennedy", "addr:street": "Diagonal 7A Bis C", "alt_name": null, "brand:wikidata": null, "brand:wikipedia": null, "building": "yes", "name": null, "operator": null, "shop": null, "amenity": null, "check_date": null, "denomination": null, "religion": null, "building:levels": null, "source": "Kaart Ground Survey 2017", "addr:housenumber": null, "phone": null, "layer": null, "addr:unit": null, "healthcare": null, "addr:postcode": null, "operator:wikidata": null, "waste": null, "building:flats": null, "community_centre": null, "healthcare:speciality": null, "type": null, "bus": null, "internet_access": null, "public_transport": null, "wheelchair": null, "wikidata": null, "wikipedia": null, "network": null }, "geometry": { "type": "Polygon", "coordinates": [ [ [ 992789.301362572354265, 1004389.727323731756769 ], [ 992782.632469056872651, 1004386.13403332605958 ], [ 992791.219161031185649, 1004370.397484144661576 ], [ 992797.888055469607934, 1004373.990775277023204 ], [ 992789.301362572354265, 1004389.727323731756769 ] ] ] } },
{ "type": "Feature", "properties": { "element": "way", "id": 543186333, "addr:city": null, "addr:street": "Calle 8B", "alt_name": null, "brand:wikidata": null, "brand:wikipedia": null, "building": "residential", "name": null, "operator": null, "shop": null, "amenity": null, "check_date": null, "denomination": null, "religion": null, "building:levels": null, "source": "Kaart Ground Survey 2017", "addr:housenumber": null, "phone": null, "layer": null, "addr:unit": null, "healthcare": null, "addr:postcode": null, "operator:wikidata": null, "waste": null, "building:flats": null, "community_centre": null, "healthcare:speciality": null, "type": null, "bus": null, "internet_access": null, "public_transport": null, "wheelchair": null, "wikidata": null, "wikipedia": null, "network": null }, "geometry": { "type": "Polygon", "coordinates": [ [ [ 992233.104148583486676, 1005409.973192912060767 ], [ 992236.18837586499285, 1005406.334751823800616 ], [ 992245.132200362742878, 1005413.831303054583259 ], [ 992242.047972971806303, 1005417.469743796624243 ], [ 992233.104148583486676, 1005409.973192912060767 ] ] ] } },
{ "type": "Feature", "properties": { "element": "way", "id": 543186335, "addr:city": null, "addr:street": "Carrera 81F", "alt_name": null, "brand:wikidata": null, "brand:wikipedia": null, "building": "residential", "name": null, "operator": null, "shop": null, "amenity": null, "check_date": null, "denomination": null, "religion": null, "building:levels": null, "source": "Kaart Ground Survey 2017", "addr:housenumber": "8-58", "phone": null, "layer": null, "addr:unit": null, "healthcare": null, "addr:postcode": null, "operator:wikidata": null, "waste": null, "building:flats": null, "community_centre": null, "healthcare:speciality": null, "type": null, "bus": null, "internet_access": null, "public_transport": null, "wheelchair": null, "wikidata": null, "wikipedia": null, "network": null }, "geometry": { "type": "Polygon", "coordinates": [ [ [ 992110.335681163356639, 1005346.920724562485702 ], [ 992119.133573996368796, 1005337.409819742315449 ], [ 992123.916153063764796, 1005340.94795235840138 ], [ 992115.007315821945667, 1005350.580507597071119 ], [ 992110.335681163356639, 1005346.920724562485702 ] ] ] } },
{ "type": "Feature", "properties": { "element": "way", "id": 543186338, "addr:city": null, "addr:street": "Carrera 81F", "alt_name": null, "brand:wikidata": null, "brand:wikipedia": null, "building": "residential", "name": null, "operator": null, "shop": null, "amenity": null, "check_date": null, "denomination": null, "religion": null, "building:levels": null, "source": "Kaart Ground Survey 2017", "addr:housenumber": null, "phone": null, "layer": null, "addr:unit": null, "healthcare": null, "addr:postcode": null, "operator:wikidata": null, "waste": null, "building:flats": null, "community_centre": null, "healthcare:speciality": null, "type": null, "bus": null, "internet_access": null, "public_transport": null, "wheelchair": null, "wikidata": null, "wikipedia": null, "network": null }, "geometry": { "type": "Polygon", "coordinates": [ [ [ 992169.247598844114691, 1005398.368464378872886 ], [ 992172.365176742663607, 1005395.393507282249629 ], [ 992180.632282692822628, 1005403.973818829632364 ], [ 992177.514703728375025, 1005406.937717440654524 ], [ 992169.247598844114691, 1005398.368464378872886 ] ] ] } },
{ "type": "Feature", "properties": { "element": "way", "id": 543190052, "addr:city": null, "addr:street": "Calle 8C", "alt_name": null, "brand:wikidata": null, "brand:wikipedia": null, "building": "residential", "name": null, "operator": null, "shop": null, "amenity": null, "check_date": null, "denomination": null, "religion": null, "building:levels": null, "source": "Kaart Ground Survey 2017", "addr:housenumber": null, "phone": null, "layer": null, "addr:unit": null, "healthcare": null, "addr:postcode": null, "operator:wikidata": null, "waste": null, "building:flats": null, "community_centre": null, "healthcare:speciality": null, "type": null, "bus": null, "internet_access": null, "public_transport": null, "wheelchair": null, "wikidata": null, "wikipedia": null, "network": null }, "geometry": { "type": "Polygon", "coordinates": [ [ [ 992237.867303207051009, 1005553.784148849314079 ], [ 992246.411708122934215, 1005561.678833681624383 ], [ 992242.218007068266161, 1005566.146746607730165 ], [ 992233.684697820339352, 1005558.252061125938781 ], [ 992237.867303207051009, 1005553.784148849314079 ] ] ] } },
{ "type": "Feature", "properties": { "element": "way", "id": 543190054, "addr:city": null, "addr:street": "Carrera 85", "alt_name": null, "brand:wikidata": null, "brand:wikipedia": null, "building": "yes", "name": "Incolbest", "operator": null, "shop": "yes", "amenity": null, "check_date": null, "denomination": null, "religion": null, "building:levels": null, "source": "Kaart Ground Survey 2017", "addr:housenumber": null, "phone": null, "layer": null, "addr:unit": null, "healthcare": null, "addr:postcode": null, "operator:wikidata": null, "waste": null, "building:flats": null, "community_centre": null, "healthcare:speciality": null, "type": null, "bus": null, "internet_access": null, "public_transport": null, "wheelchair": null, "wikidata": null, "wikipedia": null, "network": null }, "geometry": { "type": "Polygon", "coordinates": [ [ [ 992151.976092069176957, 1005664.319048976409249 ], [ 992160.331834448152222, 1005671.87094036268536 ], [ 992152.709987733163871, 1005680.176384251797572 ], [ 992144.365341078839265, 1005672.624492552829906 ], [ 992151.976092069176957, 1005664.319048976409249 ] ] ] } },
{ "type": "Feature", "properties": { "element": "way", "id": 543190056, "addr:city": null, "addr:street": "Carrera 82A", "alt_name": null, "brand:wikidata": null, "brand:wikipedia": null, "building": "yes", "name": "Justo & Bueno", "operator": null, "shop": "yes", "amenity": null, "check_date": null, "denomination": null, "religion": null, "building:levels": null, "source": "Kaart Ground Survey 2017", "addr:housenumber": null, "phone": null, "layer": null, "addr:unit": null, "healthcare": null, "addr:postcode": null, "operator:wikidata": null, "waste": null, "building:flats": null, "community_centre": null, "healthcare:speciality": null, "type": null, "bus": null, "internet_access": null, "public_transport": null, "wheelchair": null, "wikidata": null, "wikipedia": null, "network": null }, "geometry": { "type": "Polygon", "coordinates": [ [ [ 992300.930045744869858, 1005618.534548072842881 ], [ 992318.658854100620374, 1005598.384834856376983 ], [ 992331.530855539487675, 1005609.574438368203118 ], [ 992313.802045411779545, 1005629.713090558187105 ], [ 992300.930045744869858, 1005618.534548072842881 ] ] ] } },
{ "type": "Feature", "properties": { "element": "way", "id": 543190060, "addr:city": null, "addr:street": "Calle 10", "alt_name": null, "brand:wikidata": null, "brand:wikipedia": null, "building": "residential", "name": null, "operator": null, "shop": null, "amenity": null, "check_date": null, "denomination": null, "religion": null, "building:levels": null, "source": "Kaart Ground Survey 2017", "addr:housenumber": "81-05", "phone": null, "layer": null, "addr:unit": null, "healthcare": null, "addr:postcode": null, "operator:wikidata": null, "waste": null, "building:flats": null, "community_centre": null, "healthcare:speciality": null, "type": null, "bus": null, "internet_access": null, "public_transport": null, "wheelchair": null, "wikidata": null, "wikipedia": null, "network": null }, "geometry": { "type": "Polygon", "coordinates": [ [ [ 992560.061363320448436, 1005549.031107008573599 ], [ 992568.838767824927345, 1005557.180142142111436 ], [ 992578.746156976209022, 1005546.651832684758119 ], [ 992569.968752355081961, 1005538.5027964633191 ], [ 992560.061363320448436, 1005549.031107008573599 ] ] ] } },
{ "type": "Feature", "properties": { "element": "way", "id": 543190062, "addr:city": null, "addr:street": "Calle 8C", "alt_name": null, "brand:wikidata": null, "brand:wikipedia": null, "building": "residential", "name": null, "operator": null, "shop": null, "amenity": null, "check_date": null, "denomination": null, "religion": null, "building:levels": null, "source": "Kaart Ground Survey 2017", "addr:housenumber": "81-28", "phone": null, "layer": null, "addr:unit": null, "healthcare": null, "addr:postcode": null, "operator:wikidata": null, "waste": null, "building:flats": null, "community_centre": null, "healthcare:speciality": null, "type": null, "bus": null, "internet_access": null, "public_transport": null, "wheelchair": null, "wikidata": null, "wikipedia": null, "network": null }, "geometry": { "type": "Polygon", "coordinates": [ [ [ 992404.805523411603644, 1005372.690380846266635 ], [ 992408.677477943478152, 1005368.299915378214791 ], [ 992418.298209516215138, 1005376.681073722196743 ], [ 992414.42625380505342, 1005381.060480559593998 ], [ 992404.805523411603644, 1005372.690380846266635 ] ] ] } },
{ "type": "Feature", "properties": { "element": "way", "id": 543190064, "addr:city": null, "addr:street": "Calle 8C", "alt_name": null, "brand:wikidata": null, "brand:wikipedia": null, "building": "residential", "name": null, "operator": null, "shop": null, "amenity": null, "check_date": null, "denomination": null, "religion": null, "building:levels": null, "source": "Kaart Ground Survey 2017", "addr:housenumber": "81-08", "phone": null, "layer": null, "addr:unit": null, "healthcare": null, "addr:postcode": null, "operator:wikidata": null, "waste": null, "building:flats": null, "community_centre": null, "healthcare:speciality": null, "type": null, "bus": null, "internet_access": null, "public_transport": null, "wheelchair": null, "wikidata": null, "wikipedia": null, "network": null }, "geometry": { "type": "Polygon", "coordinates": [ [ [ 992397.505191763513722, 1005378.894717289600521 ], [ 992407.137103401939385, 1005388.149468136834912 ], [ 992410.421086702961475, 1005384.776410656631924 ], [ 992400.789175049867481, 1005375.521659414283931 ], [ 992397.505191763513722, 1005378.894717289600521 ] ] ] } },
{ "type": "Feature", "properties": { "element": "way", "id": 543192206, "addr:city": null, "addr:street": "Calle 14", "alt_name": null, "brand:wikidata": null, "brand:wikipedia": null, "building": "yes", "name": "Visioón de Colombia Supermercado", "operator": null, "shop": "supermarket", "amenity": null, "check_date": null, "denomination": null, "religion": null, "building:levels": null, "source": "Kaart Ground Survey 2017", "addr:housenumber": null, "phone": null, "layer": null, "addr:unit": null, "healthcare": null, "addr:postcode": null, "operator:wikidata": null, "waste": null, "building:flats": null, "community_centre": null, "healthcare:speciality": null, "type": null, "bus": null, "internet_access": null, "public_transport": null, "wheelchair": null, "wikidata": null, "wikipedia": null, "network": null }, "geometry": { "type": "Polygon", "coordinates": [ [ [ 993545.200064364704303, 1006129.110408440348692 ], [ 993549.205879280692898, 1006133.091017594444565 ], [ 993545.36713927728124, 1006136.90640002861619 ], [ 993541.361324356286786, 1006132.925791066838428 ], [ 993545.200064364704303, 1006129.110408440348692 ] ] ] } },
{ "type": "Feature", "properties": { "element": "way", "id": 543192207, "addr:city": null, "addr:street": "Carrera 78C", "alt_name": null, "brand:wikidata": null, "brand:wikipedia": null, "building": "yes", "name": null, "operator": null, "shop": null, "amenity": null, "check_date": null, "denomination": null, "religion": null, "building:levels": null, "source": null, "addr:housenumber": "13-87", "phone": null, "layer": null, "addr:unit": null, "healthcare": null, "addr:postcode": null, "operator:wikidata": null, "waste": null, "building:flats": null, "community_centre": null, "healthcare:speciality": null, "type": null, "bus": null, "internet_access": null, "public_transport": null, "wheelchair": null, "wikidata": null, "wikipedia": null, "network": null }, "geometry": { "type": "Polygon", "coordinates": [ [ [ 993783.449913357500918, 1005932.123155059758574 ], [ 993787.411327084410004, 1005935.893674587947316 ], [ 993782.773763626464643, 1005940.693284707376733 ], [ 993778.812349037500098, 1005936.911707246559672 ], [ 993783.449913357500918, 1005932.123155059758574 ] ] ] } },
{ "type": "Feature", "properties": { "element": "way", "id": 543192208, "addr:city": null, "addr:street": "Calle 11B", "alt_name": null, "brand:wikidata": null, "brand:wikipedia": null, "building": "yes", "name": "Cafeteria \"Yelus\"", "operator": null, "shop": null, "amenity": "cafe", "check_date": null, "denomination": null, "religion": null, "building:levels": null, "source": "Kaart Ground Survey 2017", "addr:housenumber": null, "phone": null, "layer": null, "addr:unit": null, "healthcare": null, "addr:postcode": null, "operator:wikidata": null, "waste": null, "building:flats": null, "community_centre": null, "healthcare:speciality": null, "type": null, "bus": null, "internet_access": null, "public_transport": null, "wheelchair": null, "wikidata": null, "wikipedia": null, "network": null }, "geometry": { "type": "Polygon", "coordinates": [ [ [ 992815.623294700984843, 1006117.551746339653619 ], [ 992820.981974662397988, 1006112.486615888192318 ], [ 992829.592932260129601, 1006121.465057702618651 ], [ 992824.234252372640185, 1006126.530187577940524 ], [ 992815.623294700984843, 1006117.551746339653619 ] ] ] } },
{ "type": "Feature", "properties": { "element": "way", "id": 543193886, "addr:city": null, "addr:street": "Calle 8B", "alt_name": null, "brand:wikidata": null, "brand:wikipedia": null, "building": "residential", "name": null, "operator": null, "shop": null, "amenity": null, "check_date": null, "denomination": null, "religion": null, "building:levels": null, "source": "Kaart Ground Survey 2017", "addr:housenumber": "90-27", "phone": null, "layer": null, "addr:unit": null, "healthcare": null, "addr:postcode": null, "operator:wikidata": null, "waste": null, "building:flats": null, "community_centre": null, "healthcare:speciality": null, "type": null, "bus": null, "internet_access": null, "public_transport": null, "wheelchair": null, "wikidata": null, "wikipedia": null, "network": null }, "geometry": { "type": "Polygon", "coordinates": [ [ [ 992378.67467699048575, 1005252.103639747598208 ], [ 992382.624262837693095, 1005247.270839128177613 ], [ 992393.410088155884296, 1005255.98362631292548 ], [ 992389.471596683608368, 1005260.805367158609442 ], [ 992378.67467699048575, 1005252.103639747598208 ] ] ] } },
{ "type": "Feature", "properties": { "element": "way", "id": 543194171, "addr:city": "Bogotá", "addr:street": "Calle 6A Bis", "alt_name": null, "brand:wikidata": null, "brand:wikipedia": null, "building": "yes", "name": null, "operator": null, "shop": null, "amenity": null, "check_date": null, "denomination": null, "religion": null, "building:levels": null, "source": "Kaart Ground Survey 2017", "addr:housenumber": null, "phone": null, "layer": null, "addr:unit": null, "healthcare": null, "addr:postcode": null, "operator:wikidata": null, "waste": null, "building:flats": null, "community_centre": null, "healthcare:speciality": null, "type": null, "bus": null, "internet_access": null, "public_transport": null, "wheelchair": null, "wikidata": null, "wikipedia": null, "network": null }, "geometry": { "type": "Polygon", "coordinates": [ [ [ 992145.439334457274526, 1004095.697190317907371 ], [ 992141.566595304640941, 1004092.722931706230156 ], [ 992140.357305180630647, 1004094.271194946602918 ], [ 992133.11117680487223, 1004088.709664113470353 ], [ 992141.409788581659086, 1004078.048768264940009 ], [ 992150.730621447786689, 1004081.453751606866717 ], [ 992154.359233921742998, 1004084.240046269609593 ], [ 992145.439334457274526, 1004095.697190317907371 ] ] ] } },
{ "type": "Feature", "properties": { "element": "way", "id": 543194688, "addr:city": null, "addr:street": "Carrera 80", "alt_name": null, "brand:wikidata": null, "brand:wikipedia": null, "building": "yes", "name": "Asturias", "operator": null, "shop": "bakery", "amenity": null, "check_date": null, "denomination": null, "religion": null, "building:levels": null, "source": "Kaart Ground Survey 2017", "addr:housenumber": null, "phone": null, "layer": null, "addr:unit": null, "healthcare": null, "addr:postcode": null, "operator:wikidata": null, "waste": null, "building:flats": null, "community_centre": null, "healthcare:speciality": null, "type": null, "bus": null, "internet_access": null, "public_transport": null, "wheelchair": null, "wikidata": null, "wikipedia": null, "network": null }, "geometry": { "type": "Polygon", "coordinates": [ [ [ 992547.731840012711473, 1005057.253644279786386 ], [ 992544.779977141763084, 1005052.930182840209454 ], [ 992545.877888763789088, 1005047.013961737044156 ], [ 992552.257501343498006, 1005042.711731460411102 ], [ 992557.639655012520961, 1005050.5735748676816 ], [ 992547.731840012711473, 1005057.253644279786386 ] ] ] } },
{ "type": "Feature", "properties": { "element": "way", "id": 543194689, "addr:city": null, "addr:street": "Carrera 80", "alt_name": null, "brand:wikidata": null, "brand:wikipedia": null, "building": "yes", "name": null, "operator": null, "shop": null, "amenity": null, "check_date": null, "denomination": null, "religion": null, "building:levels": null, "source": "Kaart Ground Survey 2017", "addr:housenumber": null, "phone": null, "layer": null, "addr:unit": null, "healthcare": null, "addr:postcode": null, "operator:wikidata": null, "waste": null, "building:flats": null, "community_centre": null, "healthcare:speciality": null, "type": null, "bus": null, "internet_access": null, "public_transport": null, "wheelchair": null, "wikidata": null, "wikipedia": null, "network": null }, "geometry": { "type": "Polygon", "coordinates": [ [ [ 992417.658521140809171, 1004841.941552527947351 ], [ 992413.897311153355986, 1004844.40788566460833 ], [ 992408.859120957553387, 1004836.80035660287831 ], [ 992412.620332222897559, 1004834.345081395003945 ], [ 992417.658521140809171, 1004841.941552527947351 ] ] ] } },
{ "type": "Feature", "properties": { "element": "way", "id": 543194752, "addr:city": "Bogotá", "addr:street": "Calle 15A", "alt_name": null, "brand:wikidata": null, "brand:wikipedia": null, "building": "commercial", "name": null, "operator": null, "shop": null, "amenity": null, "check_date": null, "denomination": null, "religion": null, "building:levels": null, "source": "Kaart Ground Survey 2017", "addr:housenumber": null, "phone": null, "layer": null, "addr:unit": null, "healthcare": null, "addr:postcode": null, "operator:wikidata": null, "waste": null, "building:flats": null, "community_centre": null, "healthcare:speciality": null, "type": null, "bus": null, "internet_access": null, "public_transport": null, "wheelchair": null, "wikidata": null, "wikipedia": null, "network": null }, "geometry": { "type": "Polygon", "coordinates": [ [ [ 993420.548276301822625, 1006471.127677234704606 ], [ 993416.520981560344808, 1006475.484932513674721 ], [ 993424.965289888903499, 1006483.169647854869254 ], [ 993428.99258562293835, 1006478.823451167088933 ], [ 993420.548276301822625, 1006471.127677234704606 ] ] ] } },
{ "type": "Feature", "properties": { "element": "way", "id": 543194753, "addr:city": "Bogotá", "addr:street": "Calle 13D", "alt_name": null, "brand:wikidata": null, "brand:wikipedia": null, "building": "commercial", "name": null, "operator": null, "shop": null, "amenity": null, "check_date": null, "denomination": null, "religion": null, "building:levels": null, "source": "Kaart Ground Survey 2017", "addr:housenumber": null, "phone": null, "layer": null, "addr:unit": null, "healthcare": null, "addr:postcode": null, "operator:wikidata": null, "waste": null, "building:flats": null, "community_centre": null, "healthcare:speciality": null, "type": null, "bus": null, "internet_access": null, "public_transport": null, "wheelchair": null, "wikidata": null, "wikipedia": null, "network": null }, "geometry": { "type": "Polygon", "coordinates": [ [ [ 993197.606624004081823, 1006342.462852397817187 ], [ 993188.975114552886225, 1006351.575530037982389 ], [ 993194.512219486408867, 1006356.750270093791187 ], [ 993203.143728995346464, 1006347.637593052582815 ], [ 993197.606624004081823, 1006342.462852397817187 ] ] ] } },
{ "type": "Feature", "properties": { "element": "way", "id": 543194754, "addr:city": "Bogotá", "addr:street": "Calle 13D", "alt_name": null, "brand:wikidata": null, "brand:wikipedia": null, "building": "commercial", "name": null, "operator": null, "shop": null, "amenity": null, "check_date": null, "denomination": null, "religion": null, "building:levels": null, "source": "Kaart Ground Survey 2017", "addr:housenumber": null, "phone": null, "layer": null, "addr:unit": null, "healthcare": null, "addr:postcode": null, "operator:wikidata": null, "waste": null, "building:flats": null, "community_centre": null, "healthcare:speciality": null, "type": null, "bus": null, "internet_access": null, "public_transport": null, "wheelchair": null, "wikidata": null, "wikipedia": null, "network": null }, "geometry": { "type": "Polygon", "coordinates": [ [ [ 993167.27415168704465, 1006372.665339920786209 ], [ 993177.050064321607351, 1006381.599485335405916 ], [ 993168.607184078195132, 1006390.7010908088414 ], [ 993158.831271588569507, 1006381.766946429037489 ], [ 993167.27415168704465, 1006372.665339920786209 ] ] ] } },
{ "type": "Feature", "properties": { "element": "way", "id": 543194755, "addr:city": "Bogotá", "addr:street": "Calle 13D", "alt_name": null, "brand:wikidata": null, "brand:wikipedia": null, "building": "commercial", "name": "Club De Tejo", "operator": null, "shop": null, "amenity": null, "check_date": null, "denomination": null, "religion": null, "building:levels": null, "source": "Kaart Ground Survey 2017", "addr:housenumber": null, "phone": null, "layer": null, "addr:unit": null, "healthcare": null, "addr:postcode": null, "operator:wikidata": null, "waste": null, "building:flats": null, "community_centre": null, "healthcare:speciality": null, "type": null, "bus": null, "internet_access": null, "public_transport": null, "wheelchair": null, "wikidata": null, "wikipedia": null, "network": null }, "geometry": { "type": "Polygon", "coordinates": [ [ [ 993121.043589905137196, 1006422.585942472564057 ], [ 993129.909574530785903, 1006430.414345485507511 ], [ 993118.160603685653768, 1006443.552476963144727 ], [ 993109.29461933998391, 1006435.724075257778168 ], [ 993121.043589905137196, 1006422.585942472564057 ] ] ] } },
{ "type": "Feature", "properties": { "element": "way", "id": 543194756, "addr:city": "Bogotá", "addr:street": "Calle 13A", "alt_name": null, "brand:wikidata": null, "brand:wikipedia": null, "building": "commercial", "name": null, "operator": null, "shop": null, "amenity": null, "check_date": null, "denomination": null, "religion": null, "building:levels": null, "source": "Kaart Ground Survey 2017", "addr:housenumber": null, "phone": null, "layer": null, "addr:unit": null, "healthcare": null, "addr:postcode": null, "operator:wikidata": null, "waste": null, "building:flats": null, "community_centre": null, "healthcare:speciality": null, "type": null, "bus": null, "internet_access": null, "public_transport": null, "wheelchair": null, "wikidata": null, "wikipedia": null, "network": null }, "geometry": { "type": "Polygon", "coordinates": [ [ [ 993226.909240639070049, 1006207.053088646498509 ], [ 993232.002907520974986, 1006216.573728196439333 ], [ 993221.606879699858837, 1006222.070534324971959 ], [ 993216.502116371877491, 1006212.549896385520697 ], [ 993226.909240639070049, 1006207.053088646498509 ] ] ] } },
{ "type": "Feature", "properties": { "element": "way", "id": 543194757, "addr:city": "Bogotá", "addr:street": "Calle 13A", "alt_name": null, "brand:wikidata": null, "brand:wikipedia": null, "building": "commercial", "name": null, "operator": null, "shop": null, "amenity": null, "check_date": null, "denomination": null, "religion": null, "building:levels": null, "source": "Kaart Ground Survey 2017", "addr:housenumber": null, "phone": null, "layer": null, "addr:unit": null, "healthcare": null, "addr:postcode": null, "operator:wikidata": null, "waste": null, "building:flats": null, "community_centre": null, "healthcare:speciality": null, "type": null, "bus": null, "internet_access": null, "public_transport": null, "wheelchair": null, "wikidata": null, "wikipedia": null, "network": null }, "geometry": { "type": "Polygon", "coordinates": [ [ [ 993231.557955082855187, 1006203.469841806218028 ], [ 993243.507387964054942, 1006198.304648075019941 ], [ 993247.979761287104338, 1006208.488832044648007 ], [ 993237.683501301100478, 1006212.946159952203743 ], [ 993236.030330636189319, 1006213.665083288098685 ], [ 993231.557955082855187, 1006203.469841806218028 ] ] ] } },
{ "type": "Feature", "properties": { "element": "way", "id": 543194758, "addr:city": "Bogotá", "addr:street": "Calle 13A", "alt_name": null, "brand:wikidata": null, "brand:wikipedia": null, "building": "commercial", "name": null, "operator": null, "shop": null, "amenity": null, "check_date": null, "denomination": null, "religion": null, "building:levels": null, "source": "Kaart Ground Survey 2017", "addr:housenumber": null, "phone": null, "layer": null, "addr:unit": null, "healthcare": null, "addr:postcode": null, "operator:wikidata": null, "waste": null, "building:flats": null, "community_centre": null, "healthcare:speciality": null, "type": null, "bus": null, "internet_access": null, "public_transport": null, "wheelchair": null, "wikidata": null, "wikipedia": null, "network": null }, "geometry": { "type": "Polygon", "coordinates": [ [ [ 993301.146819648332894, 1006177.090141719439998 ], [ 993279.755504617816769, 1006187.121727750753053 ], [ 993283.883783728349954, 1006195.802032849169336 ], [ 993301.891097787069157, 1006187.363112648250535 ], [ 993303.677055960055441, 1006182.431018819101155 ], [ 993301.146819648332894, 1006177.090141719439998 ] ] ] } },
{ "type": "Feature", "properties": { "element": "way", "id": 543194759, "addr:city": "Bogotá", "addr:street": "Carrera 80A Bis", "alt_name": null, "brand:wikidata": null, "brand:wikipedia": null, "building": "commercial", "name": null, "operator": null, "shop": null, "amenity": null, "check_date": null, "denomination": null, "religion": null, "building:levels": null, "source": "Kaart Ground Survey 2017", "addr:housenumber": null, "phone": null, "layer": null, "addr:unit": null, "healthcare": null, "addr:postcode": null, "operator:wikidata": null, "waste": null, "building:flats": null, "community_centre": null, "healthcare:speciality": null, "type": null, "bus": null, "internet_access": null, "public_transport": null, "wheelchair": null, "wikidata": null, "wikipedia": null, "network": null }, "geometry": { "type": "Polygon", "coordinates": [ [ [ 993312.030800758977421, 1006168.530193254817277 ], [ 993317.390843750094064, 1006179.123457351932302 ], [ 993311.377324329339899, 1006182.120732758194208 ], [ 993306.028376248199493, 1006171.527468108804896 ], [ 993312.030800758977421, 1006168.530193254817277 ] ] ] } },
{ "type": "Feature", "properties": { "element": "way", "id": 543194760, "addr:city": "Bogotá", "addr:street": "Calle 13A", "alt_name": null, "brand:wikidata": null, "brand:wikipedia": null, "building": "yes", "name": "Gran Fruver La Huerta", "operator": null, "shop": "supermarket", "amenity": null, "check_date": null, "denomination": null, "religion": null, "building:levels": null, "source": "Kaart Ground Survey 2017", "addr:housenumber": null, "phone": null, "layer": null, "addr:unit": null, "healthcare": null, "addr:postcode": null, "operator:wikidata": null, "waste": null, "building:flats": null, "community_centre": null, "healthcare:speciality": null, "type": null, "bus": null, "internet_access": null, "public_transport": null, "wheelchair": null, "wikidata": null, "wikipedia": null, "network": null }, "geometry": { "type": "Polygon", "coordinates": [ [ [ 993363.423471808782779, 1006147.117219646926969 ], [ 993369.947371588437818, 1006143.898741872631945 ], [ 993376.195215156767517, 1006156.438171618268825 ], [ 993369.682410772191361, 1006159.645589790539816 ], [ 993363.423471808782779, 1006147.117219646926969 ] ] ] } },
{ "type": "Feature", "properties": { "element": "way", "id": 543195075, "addr:city": "Bogotá", "addr:street": "Calle 6B", "alt_name": null, "brand:wikidata": null, "brand:wikipedia": null, "building": "yes", "name": null, "operator": null, "shop": null, "amenity": null, "check_date": null, "denomination": null, "religion": null, "building:levels": null, "source": "Kaart Ground Survey 2017", "addr:housenumber": null, "phone": null, "layer": null, "addr:unit": null, "healthcare": null, "addr:postcode": null, "operator:wikidata": null, "waste": null, "building:flats": null, "community_centre": null, "healthcare:speciality": null, "type": null, "bus": null, "internet_access": null, "public_transport": null, "wheelchair": null, "wikidata": null, "wikipedia": null, "network": null }, "geometry": { "type": "Polygon", "coordinates": [ [ [ 992153.147288996609859, 1004170.449587749084458 ], [ 992157.62950120063033, 1004165.472968574496917 ], [ 992175.073660667869262, 1004180.974773441557772 ], [ 992170.591448273975402, 1004185.951391638722271 ], [ 992153.147288996609859, 1004170.449587749084458 ] ] ] } },
{ "type": "Feature", "properties": { "element": "way", "id": 543195076, "addr:city": "Bogotá", "addr:street": "Calle 6B", "alt_name": null, "brand:wikidata": null, "brand:wikipedia": null, "building": "yes", "name": "Eximarket", "operator": null, "shop": null, "amenity": "marketplace", "check_date": null, "denomination": null, "religion": null, "building:levels": null, "source": "Kaart Ground Survey 2017", "addr:housenumber": null, "phone": null, "layer": null, "addr:unit": null, "healthcare": null, "addr:postcode": null, "operator:wikidata": null, "waste": null, "building:flats": null, "community_centre": null, "healthcare:speciality": null, "type": null, "bus": null, "internet_access": null, "public_transport": null, "wheelchair": null, "wikidata": null, "wikipedia": null, "network": null }, "geometry": { "type": "Polygon", "coordinates": [ [ [ 992174.959478534874506, 1004148.552257511415519 ], [ 992190.583839295781218, 1004163.19171019771602 ], [ 992187.188876188942231, 1004166.77489125484135 ], [ 992193.136783578665927, 1004172.336555792600848 ], [ 992213.28467805555556, 1004151.113949249847792 ], [ 992191.723504207213409, 1004130.901768002542667 ], [ 992174.959478534874506, 1004148.552257511415519 ] ] ] } },
{ "type": "Feature", "properties": { "element": "way", "id": 543196001, "addr:city": "Kennedy", "addr:street": "Calle 9", "alt_name": null, "brand:wikidata": null, "brand:wikipedia": null, "building": "yes", "name": null, "operator": null, "shop": null, "amenity": null, "check_date": null, "denomination": null, "religion": null, "building:levels": null, "source": "Kaart Ground Survey 2017", "addr:housenumber": null, "phone": null, "layer": null, "addr:unit": null, "healthcare": null, "addr:postcode": null, "operator:wikidata": null, "waste": null, "building:flats": null, "community_centre": null, "healthcare:speciality": null, "type": null, "bus": null, "internet_access": null, "public_transport": null, "wheelchair": null, "wikidata": null, "wikipedia": null, "network": null }, "geometry": { "type": "Polygon", "coordinates": [ [ [ 993491.973082099109888, 1004770.199425582424738 ], [ 993497.365358320530504, 1004767.22433429188095 ], [ 993502.758678846526891, 1004776.87766181898769 ], [ 993501.405422932235524, 1004781.98664355033543 ], [ 993491.841300462256186, 1004786.709269183804281 ], [ 993489.344350671046413, 1004781.733304029563442 ], [ 993494.281745260232128, 1004779.289041862240992 ], [ 993495.002663450664841, 1004775.61767311906442 ], [ 993491.973082099109888, 1004770.199425582424738 ] ] ] } },
{ "type": "Feature", "properties": { "element": "way", "id": 543196002, "addr:city": "Kennedy", "addr:street": "Avenida Calle 8", "alt_name": null, "brand:wikidata": null, "brand:wikipedia": null, "building": "yes", "name": null, "operator": null, "shop": null, "amenity": null, "check_date": null, "denomination": null, "religion": null, "building:levels": null, "source": "Kaart Ground Survey 2017", "addr:housenumber": null, "phone": null, "layer": null, "addr:unit": null, "healthcare": null, "addr:postcode": null, "operator:wikidata": null, "waste": null, "building:flats": null, "community_centre": null, "healthcare:speciality": null, "type": null, "bus": null, "internet_access": null, "public_transport": null, "wheelchair": null, "wikidata": null, "wikipedia": null, "network": null }, "geometry": { "type": "Polygon", "coordinates": [ [ [ 993254.804547865176573, 1004541.768894337583333 ], [ 993257.135277108405717, 1004549.000730850617401 ], [ 993271.415127860964276, 1004544.465662198490463 ], [ 993269.08440075290855, 1004537.244883445557207 ], [ 993254.804547865176573, 1004541.768894337583333 ] ] ] } },
{ "type": "Feature", "properties": { "element": "way", "id": 543196003, "addr:city": "Kennedy", "addr:street": "Avenida Calle 8", "alt_name": null, "brand:wikidata": null, "brand:wikipedia": null, "building": "yes", "name": null, "operator": null, "shop": null, "amenity": null, "check_date": null, "denomination": null, "religion": null, "building:levels": null, "source": "Kaart Ground Survey 2017", "addr:housenumber": null, "phone": null, "layer": null, "addr:unit": null, "healthcare": null, "addr:postcode": null, "operator:wikidata": null, "waste": null, "building:flats": null, "community_centre": null, "healthcare:speciality": null, "type": null, "bus": null, "internet_access": null, "public_transport": null, "wheelchair": null, "wikidata": null, "wikipedia": null, "network": null }, "geometry": { "type": "Polygon", "coordinates": [ [ [ 993228.542316044447944, 1004558.336274713161401 ], [ 993226.156132315169089, 1004551.414072248502634 ], [ 993245.928195370943286, 1004544.722184871090576 ], [ 993248.547451090998948, 1004552.374206430511549 ], [ 993243.931750507326797, 1004553.933803387568332 ], [ 993245.607630445039831, 1004558.832424159743823 ], [ 993235.155733456253074, 1004562.371933771995828 ], [ 993233.224587753531523, 1004556.743496635695919 ], [ 993228.542316044447944, 1004558.336274713161401 ] ] ] } },
{ "type": "Feature", "properties": { "element": "way", "id": 543196004, "addr:city": "Kennedy", "addr:street": "Avenida Calle 8", "alt_name": null, "brand:wikidata": null, "brand:wikipedia": null, "building": "yes", "name": null, "operator": null, "shop": null, "amenity": null, "check_date": null, "denomination": null, "religion": null, "building:levels": null, "source": "Kaart Ground Survey 2017", "addr:housenumber": null, "phone": null, "layer": null, "addr:unit": null, "healthcare": null, "addr:postcode": null, "operator:wikidata": null, "waste": null, "building:flats": null, "community_centre": null, "healthcare:speciality": null, "type": null, "bus": null, "internet_access": null, "public_transport": null, "wheelchair": null, "wikidata": null, "wikipedia": null, "network": null }, "geometry": { "type": "Polygon", "coordinates": [ [ [ 993194.42495195067022, 1004582.412834105780348 ], [ 993186.056828804663382, 1004560.186657548183575 ], [ 993163.866034720791504, 1004568.426912755821832 ], [ 993169.370801554294303, 1004583.078496221336536 ], [ 993172.166840777383186, 1004582.038786341203377 ], [ 993175.019107524771243, 1004589.62443640967831 ], [ 993194.42495195067022, 1004582.412834105780348 ] ] ] } },
{ "type": "Feature", "properties": { "element": "way", "id": 543196369, "addr:city": "Kennedy", "addr:street": "Avenida Calle 8", "alt_name": null, "brand:wikidata": null, "brand:wikipedia": null, "building": "yes", "name": null, "operator": null, "shop": null, "amenity": null, "check_date": null, "denomination": null, "religion": null, "building:levels": null, "source": "Kaart Ground Survey 2017", "addr:housenumber": null, "phone": null, "layer": null, "addr:unit": null, "healthcare": null, "addr:postcode": null, "operator:wikidata": null, "waste": null, "building:flats": null, "community_centre": null, "healthcare:speciality": null, "type": null, "bus": null, "internet_access": null, "public_transport": null, "wheelchair": null, "wikidata": null, "wikipedia": null, "network": null }, "geometry": { "type": "Polygon", "coordinates": [ [ [ 993077.846867449581623, 1004639.018674511695281 ], [ 993065.860233558458276, 1004602.395104168797843 ], [ 993077.388389073312283, 1004598.667488354141824 ], [ 993080.262960063293576, 1004607.436356304446235 ], [ 993081.90508416085504, 1004606.905420111492276 ], [ 993089.085960111930035, 1004628.822062044753693 ], [ 993082.206793386605568, 1004631.045357236289419 ], [ 993084.149071175954305, 1004636.983418397721834 ], [ 993077.846867449581623, 1004639.018674511695281 ] ] ] } },
{ "type": "Feature", "properties": { "element": "way", "id": 543196370, "addr:city": "Kennedy", "addr:street": "Avenida Calle 8", "alt_name": null, "brand:wikidata": null, "brand:wikipedia": null, "building": "yes", "name": null, "operator": null, "shop": null, "amenity": null, "check_date": null, "denomination": null, "religion": null, "building:levels": null, "source": "Kaart Ground Survey 2017", "addr:housenumber": null, "phone": null, "layer": null, "addr:unit": null, "healthcare": null, "addr:postcode": null, "operator:wikidata": null, "waste": null, "building:flats": null, "community_centre": null, "healthcare:speciality": null, "type": null, "bus": null, "internet_access": null, "public_transport": null, "wheelchair": null, "wikidata": null, "wikipedia": null, "network": null }, "geometry": { "type": "Polygon", "coordinates": [ [ [ 993000.321373686310835, 1004644.322397383628413 ], [ 992993.462551461299881, 1004625.778473363025114 ], [ 993001.395752122276463, 1004622.880528767942451 ], [ 993008.254572708508931, 1004641.424453444778919 ], [ 993000.321373686310835, 1004644.322397383628413 ] ] ] } },
{ "type": "Feature", "properties": { "element": "way", "id": 543201033, "addr:city": null, "addr:street": "Calle 7A Bis C", "alt_name": null, "brand:wikidata": null, "brand:wikipedia": null, "building": "residential", "name": null, "operator": null, "shop": null, "amenity": null, "check_date": null, "denomination": null, "religion": null, "building:levels": null, "source": "Kaart Ground Survey 2017", "addr:housenumber": "7-57", "phone": null, "layer": null, "addr:unit": null, "healthcare": null, "addr:postcode": null, "operator:wikidata": null, "waste": null, "building:flats": null, "community_centre": null, "healthcare:speciality": null, "type": null, "bus": null, "internet_access": null, "public_transport": null, "wheelchair": null, "wikidata": null, "wikipedia": null, "network": null }, "geometry": { "type": "Polygon", "coordinates": [ [ [ 992174.504287942894734, 1004814.972413672017865 ], [ 992181.007342109573074, 1004824.636600520112552 ], [ 992186.776734940474853, 1004820.79884432523977 ], [ 992180.284778004977852, 1004811.145714073674753 ], [ 992174.504287942894734, 1004814.972413672017865 ] ] ] } },
{ "type": "Feature", "properties": { "element": "way", "id": 543201034, "addr:city": null, "addr:street": "Carrera 80D", "alt_name": null, "brand:wikidata": null, "brand:wikipedia": null, "building": "yes", "name": null, "operator": null, "shop": null, "amenity": null, "check_date": null, "denomination": null, "religion": null, "building:levels": null, "source": "Kaart Ground Survey 2017", "addr:housenumber": "7-43", "phone": null, "layer": null, "addr:unit": null, "healthcare": null, "addr:postcode": null, "operator:wikidata": null, "waste": null, "building:flats": null, "community_centre": null, "healthcare:speciality": null, "type": null, "bus": null, "internet_access": null, "public_transport": null, "wheelchair": null, "wikidata": null, "wikipedia": null, "network": null }, "geometry": { "type": "Polygon", "coordinates": [ [ [ 992111.481167153804563, 1004820.717900631017983 ], [ 992114.943405848462135, 1004824.44415402924642 ], [ 992106.899748506955802, 1004831.809697859687731 ], [ 992103.437510854098946, 1004828.094502970459871 ], [ 992111.481167153804563, 1004820.717900631017983 ] ] ] } },
{ "type": "Feature", "properties": { "element": "way", "id": 543201035, "addr:city": null, "addr:street": "Carrera 80D", "alt_name": null, "brand:wikidata": null, "brand:wikipedia": null, "building": "yes", "name": null, "operator": null, "shop": null, "amenity": null, "check_date": null, "denomination": null, "religion": null, "building:levels": null, "source": "Kaart Ground Survey 2017", "addr:housenumber": "7-19", "phone": null, "layer": null, "addr:unit": null, "healthcare": null, "addr:postcode": null, "operator:wikidata": null, "waste": null, "building:flats": null, "community_centre": null, "healthcare:speciality": null, "type": null, "bus": null, "internet_access": null, "public_transport": null, "wheelchair": null, "wikidata": null, "wikipedia": null, "network": null }, "geometry": { "type": "Polygon", "coordinates": [ [ [ 992097.732205135980621, 1004807.150916183250956 ], [ 992100.794965745299123, 1004810.545464250026271 ], [ 992095.425116764265113, 1004815.323130447301082 ], [ 992092.362356101279147, 1004811.928582584951073 ], [ 992097.732205135980621, 1004807.150916183250956 ] ] ] } },
{ "type": "Feature", "properties": { "element": "way", "id": 543201036, "addr:city": null, "addr:street": "Calle 7A Bis", "alt_name": null, "brand:wikidata": null, "brand:wikipedia": null, "building": "yes", "name": null, "operator": null, "shop": null, "amenity": null, "check_date": null, "denomination": null, "religion": null, "building:levels": null, "source": "Kaart Ground Survey 2017", "addr:housenumber": "80-55", "phone": null, "layer": null, "addr:unit": null, "healthcare": null, "addr:postcode": null, "operator:wikidata": null, "waste": null, "building:flats": null, "community_centre": null, "healthcare:speciality": null, "type": null, "bus": null, "internet_access": null, "public_transport": null, "wheelchair": null, "wikidata": null, "wikipedia": null, "network": null }, "geometry": { "type": "Polygon", "coordinates": [ [ [ 992077.511322316946462, 1004762.743370499345474 ], [ 992074.038834233186208, 1004767.454497872968204 ], [ 992082.094925485318527, 1004773.336628444842063 ], [ 992085.578509508748539, 1004768.625500306137837 ], [ 992077.511322316946462, 1004762.743370499345474 ] ] ] } },
{ "type": "Feature", "properties": { "element": "way", "id": 543201037, "addr:city": null, "addr:street": "Calle 7A Bis A", "alt_name": null, "brand:wikidata": null, "brand:wikipedia": null, "building": "yes", "name": null, "operator": null, "shop": null, "amenity": null, "check_date": null, "denomination": null, "religion": null, "building:levels": null, "source": "Kaart Ground Survey 2017", "addr:housenumber": "7-42", "phone": null, "layer": null, "addr:unit": null, "healthcare": null, "addr:postcode": null, "operator:wikidata": null, "waste": null, "building:flats": null, "community_centre": null, "healthcare:speciality": null, "type": null, "bus": null, "internet_access": null, "public_transport": null, "wheelchair": null, "wikidata": null, "wikipedia": null, "network": null }, "geometry": { "type": "Polygon", "coordinates": [ [ [ 992158.332620130269788, 1004762.834789193584584 ], [ 992160.862795863882639, 1004766.339974309317768 ], [ 992169.339332813629881, 1004760.323488995432854 ], [ 992166.820253003272228, 1004756.818302509025671 ], [ 992158.332620130269788, 1004762.834789193584584 ] ] ] } },
{ "type": "Feature", "properties": { "element": "way", "id": 543201038, "addr:city": null, "addr:street": "Carrera 80C", "alt_name": null, "brand:wikidata": null, "brand:wikipedia": null, "building": "yes", "name": null, "operator": null, "shop": null, "amenity": null, "check_date": null, "denomination": null, "religion": null, "building:levels": null, "source": null, "addr:housenumber": "7-96", "phone": null, "layer": null, "addr:unit": null, "healthcare": null, "addr:postcode": null, "operator:wikidata": null, "waste": null, "building:flats": null, "community_centre": null, "healthcare:speciality": null, "type": null, "bus": null, "internet_access": null, "public_transport": null, "wheelchair": null, "wikidata": null, "wikipedia": null, "network": null }, "geometry": { "type": "Polygon", "coordinates": [ [ [ 992168.908657882013358, 1004892.335877259960398 ], [ 992172.049184528761543, 1004896.758829470607452 ], [ 992179.793451729696244, 1004891.350616783485748 ], [ 992176.664019922027364, 1004886.916605005622841 ], [ 992168.908657882013358, 1004892.335877259960398 ] ] ] } },
{ "type": "Feature", "properties": { "element": "way", "id": 543201039, "addr:city": null, "addr:street": "Carrera 80C", "alt_name": null, "brand:wikidata": null, "brand:wikipedia": null, "building": "yes", "name": null, "operator": null, "shop": null, "amenity": null, "check_date": null, "denomination": null, "religion": null, "building:levels": null, "source": null, "addr:housenumber": null, "phone": null, "layer": null, "addr:unit": null, "healthcare": null, "addr:postcode": null, "operator:wikidata": null, "waste": null, "building:flats": null, "community_centre": null, "healthcare:speciality": null, "type": null, "bus": null, "internet_access": null, "public_transport": null, "wheelchair": null, "wikidata": null, "wikipedia": null, "network": null }, "geometry": { "type": "Polygon", "coordinates": [ [ [ 992176.664019922027364, 1004886.916605005622841 ], [ 992187.525995433330536, 1004879.61713696224615 ], [ 992190.477881236118264, 1004883.90741068823263 ], [ 992179.793451729696244, 1004891.350616783485748 ], [ 992176.664019922027364, 1004886.916605005622841 ] ] ] } },
{ "type": "Feature", "properties": { "element": "way", "id": 543201042, "addr:city": null, "addr:street": "Avenida Carrera 80", "alt_name": null, "brand:wikidata": null, "brand:wikipedia": null, "building": "yes", "name": null, "operator": null, "shop": null, "amenity": null, "check_date": null, "denomination": null, "religion": null, "building:levels": null, "source": "Kaart Ground Survey 2017", "addr:housenumber": null, "phone": null, "layer": null, "addr:unit": null, "healthcare": null, "addr:postcode": null, "operator:wikidata": null, "waste": null, "building:flats": null, "community_centre": null, "healthcare:speciality": null, "type": null, "bus": null, "internet_access": null, "public_transport": null, "wheelchair": null, "wikidata": null, "wikipedia": null, "network": null }, "geometry": { "type": "Polygon", "coordinates": [ [ [ 992429.188841654802673, 1004861.35857362637762 ], [ 992449.552574204863049, 1004893.591157177230343 ], [ 992457.507722420967184, 1004888.636336543248035 ], [ 992437.143991910736077, 1004856.403751000761986 ], [ 992429.188841654802673, 1004861.35857362637762 ] ] ] } },
{ "type": "Feature", "properties": { "element": "way", "id": 543201044, "addr:city": null, "addr:street": "Carrera 78", "alt_name": null, "brand:wikidata": null, "brand:wikipedia": null, "building": "yes", "name": "Sfarma Drogueriía", "operator": null, "shop": null, "amenity": "pharmacy", "check_date": null, "denomination": null, "religion": null, "building:levels": null, "source": null, "addr:housenumber": null, "phone": null, "layer": null, "addr:unit": null, "healthcare": "pharmacy", "addr:postcode": null, "operator:wikidata": null, "waste": null, "building:flats": null, "community_centre": null, "healthcare:speciality": null, "type": null, "bus": null, "internet_access": null, "public_transport": null, "wheelchair": null, "wikidata": null, "wikipedia": null, "network": null }, "geometry": { "type": "Polygon", "coordinates": [ [ [ 992892.295217343489639, 1004666.50370160525199 ], [ 992899.274307395098731, 1004665.054451880860142 ], [ 992897.131918235681951, 1004654.969602899858728 ], [ 992893.204233378521167, 1004657.270055269589648 ], [ 992891.118566859629937, 1004660.952611337532289 ], [ 992892.295217343489639, 1004666.50370160525199 ] ] ] } },
{ "type": "Feature", "properties": { "element": "way", "id": 543201282, "addr:city": "Bogotá", "addr:street": "Calle 6A Bis", "alt_name": null, "brand:wikidata": null, "brand:wikipedia": null, "building": "yes", "name": "Panadería", "operator": null, "shop": null, "amenity": null, "check_date": null, "denomination": null, "religion": null, "building:levels": "4", "source": "Kaart Ground Survey 2017", "addr:housenumber": null, "phone": null, "layer": null, "addr:unit": null, "healthcare": null, "addr:postcode": null, "operator:wikidata": null, "waste": null, "building:flats": null, "community_centre": null, "healthcare:speciality": null, "type": null, "bus": null, "internet_access": null, "public_transport": null, "wheelchair": null, "wikidata": null, "wikipedia": null, "network": null }, "geometry": { "type": "Polygon", "coordinates": [ [ [ 992162.326654673204757, 1004090.453938676393591 ], [ 992176.982635985943489, 1004074.340740690357052 ], [ 992184.239689220790751, 1004078.19931771652773 ], [ 992168.263450603117235, 1004095.783381076063961 ], [ 992162.326654673204757, 1004090.453938676393591 ] ] ] } },
{ "type": "Feature", "properties": { "element": "way", "id": 543201965, "addr:city": "Bogotá", "addr:street": "Calle 6B", "alt_name": null, "brand:wikidata": null, "brand:wikipedia": null, "building": "yes", "name": null, "operator": null, "shop": null, "amenity": null, "check_date": null, "denomination": null, "religion": null, "building:levels": null, "source": "Kaart Ground Survey 2017", "addr:housenumber": null, "phone": null, "layer": null, "addr:unit": null, "healthcare": null, "addr:postcode": null, "operator:wikidata": null, "waste": null, "building:flats": null, "community_centre": null, "healthcare:speciality": null, "type": null, "bus": null, "internet_access": null, "public_transport": null, "wheelchair": null, "wikidata": null, "wikipedia": null, "network": null }, "geometry": { "type": "Polygon", "coordinates": [ [ [ 992124.453682382823899, 1004172.089062005630694 ], [ 992133.075969611876644, 1004180.503459964995272 ], [ 992138.967250830610283, 1004174.553580676787533 ], [ 992130.344962494913489, 1004166.128123923670501 ], [ 992124.453682382823899, 1004172.089062005630694 ] ] ] } },
{ "type": "Feature", "properties": { "element": "way", "id": 543202484, "addr:city": "Bogotá", "addr:street": "Calle 13", "alt_name": null, "brand:wikidata": null, "brand:wikipedia": null, "building": "commercial", "name": null, "operator": null, "shop": null, "amenity": "casino", "check_date": null, "denomination": null, "religion": null, "building:levels": null, "source": "Kaart Ground Survey 2017", "addr:housenumber": null, "phone": null, "layer": null, "addr:unit": null, "healthcare": null, "addr:postcode": null, "operator:wikidata": null, "waste": null, "building:flats": null, "community_centre": null, "healthcare:speciality": null, "type": null, "bus": null, "internet_access": null, "public_transport": null, "wheelchair": null, "wikidata": null, "wikipedia": null, "network": null }, "geometry": { "type": "Polygon", "coordinates": [ [ [ 993330.296768741682172, 1006070.199442956596613 ], [ 993341.192165001993999, 1006065.189168612938374 ], [ 993346.09728811099194, 1006075.716124089900404 ], [ 993335.212988556129858, 1006080.726396837038919 ], [ 993330.296768741682172, 1006070.199442956596613 ] ] ] } },
{ "type": "Feature", "properties": { "element": "way", "id": 543202485, "addr:city": "Bogotá", "addr:street": "Calle 13", "alt_name": null, "brand:wikidata": null, "brand:wikipedia": null, "building": "commercial", "name": null, "operator": null, "shop": null, "amenity": null, "check_date": null, "denomination": null, "religion": null, "building:levels": null, "source": "Kaart Ground Survey 2017", "addr:housenumber": null, "phone": null, "layer": null, "addr:unit": null, "healthcare": null, "addr:postcode": null, "operator:wikidata": null, "waste": null, "building:flats": null, "community_centre": null, "healthcare:speciality": null, "type": null, "bus": null, "internet_access": null, "public_transport": null, "wheelchair": null, "wikidata": null, "wikipedia": null, "network": null }, "geometry": { "type": "Polygon", "coordinates": [ [ [ 993283.430612941505387, 1006086.680108257452957 ], [ 993296.159139668918215, 1006109.403545738197863 ], [ 993288.03759171126876, 1006113.893855261965655 ], [ 993275.309063325752504, 1006091.170419052476063 ], [ 993283.430612941505387, 1006086.680108257452957 ] ] ] } },
{ "type": "Feature", "properties": { "element": "way", "id": 543202486, "addr:city": "Bogotá", "addr:street": "Calle 13", "alt_name": null, "brand:wikidata": null, "brand:wikipedia": null, "building": "commercial", "name": null, "operator": null, "shop": null, "amenity": null, "check_date": null, "denomination": null, "religion": null, "building:levels": null, "source": "Kaart Ground Survey 2017", "addr:housenumber": null, "phone": null, "layer": null, "addr:unit": null, "healthcare": null, "addr:postcode": null, "operator:wikidata": null, "waste": null, "building:flats": null, "community_centre": null, "healthcare:speciality": null, "type": null, "bus": null, "internet_access": null, "public_transport": null, "wheelchair": null, "wikidata": null, "wikipedia": null, "network": null }, "geometry": { "type": "Polygon", "coordinates": [ [ [ 993267.087649090448394, 1006095.594390298938379 ], [ 993262.039392194477841, 1006098.071852763532661 ], [ 993267.954335539601743, 1006109.969929106649943 ], [ 993273.002591847791336, 1006107.492467007832602 ], [ 993267.087649090448394, 1006095.594390298938379 ] ] ] } },
{ "type": "Feature", "properties": { "element": "way", "id": 543202487, "addr:city": "Bogotá", "addr:street": "Carrera 83", "alt_name": null, "brand:wikidata": null, "brand:wikipedia": null, "building": "yes", "name": "La Estancia", "operator": null, "shop": null, "amenity": "restaurant", "check_date": null, "denomination": null, "religion": null, "building:levels": null, "source": "Kaart Ground Survey 2017", "addr:housenumber": null, "phone": null, "layer": null, "addr:unit": null, "healthcare": null, "addr:postcode": null, "operator:wikidata": null, "waste": null, "building:flats": null, "community_centre": null, "healthcare:speciality": null, "type": null, "bus": null, "internet_access": null, "public_transport": null, "wheelchair": null, "wikidata": null, "wikipedia": null, "network": null }, "geometry": { "type": "Polygon", "coordinates": [ [ [ 993269.084013045532629, 1006602.566838817670941 ], [ 993274.675618091830984, 1006596.628123625996523 ], [ 993281.710685831843875, 1006602.941732287290506 ], [ 993276.607305873534642, 1006609.167917372309603 ], [ 993269.084013045532629, 1006602.566838817670941 ] ] ] } },
{ "type": "Feature", "properties": { "element": "way", "id": 543202488, "addr:city": "Bogotá", "addr:street": "Carrera 81A", "alt_name": null, "brand:wikidata": null, "brand:wikipedia": null, "building": "commercial", "name": null, "operator": null, "shop": null, "amenity": null, "check_date": null, "denomination": null, "religion": null, "building:levels": null, "source": "Kaart Ground Survey 2017", "addr:housenumber": null, "phone": null, "layer": null, "addr:unit": null, "healthcare": null, "addr:postcode": null, "operator:wikidata": null, "waste": null, "building:flats": null, "community_centre": null, "healthcare:speciality": null, "type": null, "bus": null, "internet_access": null, "public_transport": null, "wheelchair": null, "wikidata": null, "wikipedia": null, "network": null }, "geometry": { "type": "Polygon", "coordinates": [ [ [ 993397.903842323459685, 1006356.666519839782268 ], [ 993402.930501733673736, 1006361.387932711164467 ], [ 993394.354438985348679, 1006370.390001172549091 ], [ 993391.314031661255285, 1006367.537251097848639 ], [ 993390.515034450101666, 1006366.099757100571878 ], [ 993390.39285056386143, 1006364.518449877039529 ], [ 993397.903842323459685, 1006356.666519839782268 ] ] ] } },
{ "type": "Feature", "properties": { "element": "way", "id": 543202489, "addr:city": "Bogotá", "addr:street": "Calle 13D", "alt_name": null, "brand:wikidata": null, "brand:wikipedia": null, "building": "commercial", "name": null, "operator": null, "shop": null, "amenity": null, "check_date": null, "denomination": null, "religion": null, "building:levels": null, "source": "Kaart Ground Survey 2017", "addr:housenumber": null, "phone": null, "layer": null, "addr:unit": null, "healthcare": null, "addr:postcode": null, "operator:wikidata": null, "waste": null, "building:flats": null, "community_centre": null, "healthcare:speciality": null, "type": null, "bus": null, "internet_access": null, "public_transport": null, "wheelchair": null, "wikidata": null, "wikipedia": null, "network": null }, "geometry": { "type": "Polygon", "coordinates": [ [ [ 993221.123883933294564, 1006282.271223847055808 ], [ 993233.851435426389799, 1006293.848022286430933 ], [ 993243.958500272012316, 1006282.888509169919416 ], [ 993231.230948535259813, 1006271.311709117959253 ], [ 993221.123883933294564, 1006282.271223847055808 ] ] ] } },
{ "type": "Feature", "properties": { "element": "way", "id": 543202490, "addr:city": "Bogotá", "addr:street": "Calle 13D", "alt_name": null, "brand:wikidata": null, "brand:wikipedia": null, "building": "residential", "name": null, "operator": null, "shop": null, "amenity": null, "check_date": null, "denomination": null, "religion": null, "building:levels": null, "source": "Kaart Ground Survey 2017", "addr:housenumber": null, "phone": null, "layer": null, "addr:unit": null, "healthcare": null, "addr:postcode": null, "operator:wikidata": null, "waste": null, "building:flats": null, "community_centre": null, "healthcare:speciality": null, "type": null, "bus": null, "internet_access": null, "public_transport": null, "wheelchair": null, "wikidata": null, "wikipedia": null, "network": null }, "geometry": { "type": "Polygon", "coordinates": [ [ [ 993217.807561464607716, 1006296.54760134674143 ], [ 993224.454273694194853, 1006302.352562832995318 ], [ 993217.75324100011494, 1006309.916927157901227 ], [ 993211.10652794141788, 1006304.100908065913245 ], [ 993217.807561464607716, 1006296.54760134674143 ] ] ] } },
{ "type": "Feature", "properties": { "element": "way", "id": 543202491, "addr:city": "Bogotá", "addr:street": "Calle 13D", "alt_name": null, "brand:wikidata": null, "brand:wikipedia": null, "building": "residential", "name": null, "operator": null, "shop": null, "amenity": null, "check_date": null, "denomination": null, "religion": null, "building:levels": null, "source": "Kaart Ground Survey 2017", "addr:housenumber": null, "phone": null, "layer": null, "addr:unit": null, "healthcare": null, "addr:postcode": null, "operator:wikidata": null, "waste": null, "building:flats": null, "community_centre": null, "healthcare:speciality": null, "type": null, "bus": null, "internet_access": null, "public_transport": null, "wheelchair": null, "wikidata": null, "wikipedia": null, "network": null }, "geometry": { "type": "Polygon", "coordinates": [ [ [ 993209.888194223865867, 1006329.169873094069771 ], [ 993215.08127931994386, 1006333.659038170939311 ], [ 993209.944568640668876, 1006339.520310454885475 ], [ 993204.762579133850522, 1006335.031144750537351 ], [ 993209.888194223865867, 1006329.169873094069771 ] ] ] } },
{ "type": "Feature", "properties": { "element": "way", "id": 543202492, "addr:city": "Bogotá", "addr:street": "Carrera 82", "alt_name": null, "brand:wikidata": null, "brand:wikipedia": null, "building": "residential", "name": null, "operator": null, "shop": null, "amenity": null, "check_date": null, "denomination": null, "religion": null, "building:levels": null, "source": "Kaart Ground Survey 2017", "addr:housenumber": null, "phone": null, "layer": null, "addr:unit": null, "healthcare": null, "addr:postcode": null, "operator:wikidata": null, "waste": null, "building:flats": null, "community_centre": null, "healthcare:speciality": null, "type": null, "bus": null, "internet_access": null, "public_transport": null, "wheelchair": null, "wikidata": null, "wikipedia": null, "network": null }, "geometry": { "type": "Polygon", "coordinates": [ [ [ 993148.976381151122041, 1006357.882171092089266 ], [ 993159.173878444125876, 1006366.263369185267948 ], [ 993151.607541031786241, 1006375.342783606611192 ], [ 993141.410044083371758, 1006366.961586483288556 ], [ 993148.976381151122041, 1006357.882171092089266 ] ] ] } },
{ "type": "Feature", "properties": { "element": "way", "id": 543202501, "addr:city": "Bogotá", "addr:street": "Calle 13A", "alt_name": null, "brand:wikidata": null, "brand:wikipedia": null, "building": "residential", "name": null, "operator": null, "shop": null, "amenity": null, "check_date": null, "denomination": null, "religion": null, "building:levels": null, "source": "Kaart Ground Survey 2017", "addr:housenumber": null, "phone": null, "layer": null, "addr:unit": null, "healthcare": null, "addr:postcode": null, "operator:wikidata": null, "waste": null, "building:flats": null, "community_centre": null, "healthcare:speciality": null, "type": null, "bus": null, "internet_access": null, "public_transport": null, "wheelchair": null, "wikidata": null, "wikipedia": null, "network": null }, "geometry": { "type": "Polygon", "coordinates": [ [ [ 993221.042009577155113, 1006233.648481379728764 ], [ 993233.791873526060954, 1006246.541199414990842 ], [ 993220.97766319301445, 1006259.391893954947591 ], [ 993203.300957228988409, 1006241.512372863246128 ], [ 993221.042009577155113, 1006233.648481379728764 ] ] ] } },
{ "type": "Feature", "properties": { "element": "way", "id": 543202504, "addr:city": "Bogotá", "addr:street": "Calle 13A", "alt_name": null, "brand:wikidata": null, "brand:wikipedia": null, "building": "residential", "name": null, "operator": null, "shop": null, "amenity": null, "check_date": null, "denomination": null, "religion": null, "building:levels": null, "source": "Kaart Ground Survey 2017", "addr:housenumber": null, "phone": null, "layer": null, "addr:unit": null, "healthcare": null, "addr:postcode": null, "operator:wikidata": null, "waste": null, "building:flats": null, "community_centre": null, "healthcare:speciality": null, "type": null, "bus": null, "internet_access": null, "public_transport": null, "wheelchair": null, "wikidata": null, "wikipedia": null, "network": null }, "geometry": { "type": "Polygon", "coordinates": [ [ [ 993285.926541328779422, 1006209.591388695174828 ], [ 993291.629422808182426, 1006207.058580760844052 ], [ 993295.968593924539164, 1006216.667754260357469 ], [ 993290.265713012195192, 1006219.200561892357655 ], [ 993285.926541328779422, 1006209.591388695174828 ] ] ] } },
{ "type": "Feature", "properties": { "element": "way", "id": 543202505, "addr:city": "Bogotá", "addr:street": "Calle 13A", "alt_name": null, "brand:wikidata": null, "brand:wikipedia": null, "building": "residential", "name": null, "operator": null, "shop": null, "amenity": null, "check_date": null, "denomination": null, "religion": null, "building:levels": null, "source": "Kaart Ground Survey 2017", "addr:housenumber": null, "phone": null, "layer": null, "addr:unit": null, "healthcare": null, "addr:postcode": null, "operator:wikidata": null, "waste": null, "building:flats": null, "community_centre": null, "healthcare:speciality": null, "type": null, "bus": null, "internet_access": null, "public_transport": null, "wheelchair": null, "wikidata": null, "wikipedia": null, "network": null }, "geometry": { "type": "Polygon", "coordinates": [ [ [ 993360.796304672025144, 1006176.322053303127177 ], [ 993362.416251525632106, 1006176.32191610801965 ], [ 993365.456510932766832, 1006177.327951645245776 ], [ 993369.096286023734137, 1006182.55815525224898 ], [ 993361.684904849971645, 1006187.634479896398261 ], [ 993356.058787654386833, 1006179.540380467078649 ], [ 993360.796304672025144, 1006176.322053303127177 ] ] ] } },
{ "type": "Feature", "properties": { "element": "way", "id": 543202506, "addr:city": "Bogotá", "addr:street": "Calle 13", "alt_name": null, "brand:wikidata": null, "brand:wikipedia": null, "building": "residential", "name": null, "operator": null, "shop": null, "amenity": null, "check_date": null, "denomination": null, "religion": null, "building:levels": null, "source": "Kaart Ground Survey 2017", "addr:housenumber": null, "phone": null, "layer": null, "addr:unit": null, "healthcare": null, "addr:postcode": null, "operator:wikidata": null, "waste": null, "building:flats": null, "community_centre": null, "healthcare:speciality": null, "type": null, "bus": null, "internet_access": null, "public_transport": null, "wheelchair": null, "wikidata": null, "wikipedia": null, "network": null }, "geometry": { "type": "Polygon", "coordinates": [ [ [ 993257.833351283683442, 1006088.396320860367268 ], [ 993270.736968646175228, 1006082.633908778661862 ], [ 993265.265829231124371, 1006070.547805375303142 ], [ 993252.362210257910192, 1006076.310218318947591 ], [ 993257.833351283683442, 1006088.396320860367268 ] ] ] } },
{ "type": "Feature", "properties": { "element": "way", "id": 543202508, "addr:city": "Bogotá", "addr:street": "Calle 13", "alt_name": null, "brand:wikidata": null, "brand:wikipedia": null, "building": "residential", "name": null, "operator": null, "shop": null, "amenity": null, "check_date": null, "denomination": null, "religion": null, "building:levels": null, "source": "Kaart Ground Survey 2017", "addr:housenumber": null, "phone": null, "layer": null, "addr:unit": null, "healthcare": null, "addr:postcode": null, "operator:wikidata": null, "waste": null, "building:flats": null, "community_centre": null, "healthcare:speciality": null, "type": null, "bus": null, "internet_access": null, "public_transport": null, "wheelchair": null, "wikidata": null, "wikipedia": null, "network": null }, "geometry": { "type": "Polygon", "coordinates": [ [ [ 993181.698651097365655, 1006121.621630668640137 ], [ 993188.000732103013434, 1006119.520031583029777 ], [ 993186.136203600442968, 1006114.013227843679488 ], [ 993179.834122198168188, 1006116.11482707108371 ], [ 993181.698651097365655, 1006121.621630668640137 ] ] ] } },
{ "type": "Feature", "properties": { "element": "way", "id": 543202608, "addr:city": null, "addr:street": "Calle 7A Bis C", "alt_name": null, "brand:wikidata": null, "brand:wikipedia": null, "building": "yes", "name": "Panaderiía y Cafateriía Villa Castilla", "operator": null, "shop": "bakery", "amenity": null, "check_date": null, "denomination": null, "religion": null, "building:levels": null, "source": "Kaart Ground Survey 2017", "addr:housenumber": null, "phone": null, "layer": null, "addr:unit": null, "healthcare": null, "addr:postcode": null, "operator:wikidata": null, "waste": null, "building:flats": null, "community_centre": null, "healthcare:speciality": null, "type": null, "bus": null, "internet_access": null, "public_transport": null, "wheelchair": null, "wikidata": null, "wikipedia": null, "network": null }, "geometry": { "type": "Polygon", "coordinates": [ [ [ 992174.879126899410039, 1004790.710767735843547 ], [ 992179.639950871700421, 1004798.329367855214514 ], [ 992186.607639816938899, 1004794.049165979959071 ], [ 992181.846815175027587, 1004786.419507290818729 ], [ 992174.879126899410039, 1004790.710767735843547 ] ] ] } },
{ "type": "Feature", "properties": { "element": "way", "id": 543202609, "addr:city": null, "addr:street": "Calle 7A Bis C", "alt_name": null, "brand:wikidata": null, "brand:wikipedia": null, "building": "yes", "name": "La Pamplonesa Supermercado", "operator": null, "shop": "supermarket", "amenity": null, "check_date": null, "denomination": null, "religion": null, "building:levels": null, "source": "Kaart Ground Survey 2017", "addr:housenumber": null, "phone": null, "layer": null, "addr:unit": null, "healthcare": null, "addr:postcode": null, "operator:wikidata": null, "waste": null, "building:flats": null, "community_centre": null, "healthcare:speciality": null, "type": null, "bus": null, "internet_access": null, "public_transport": null, "wheelchair": null, "wikidata": null, "wikipedia": null, "network": null }, "geometry": { "type": "Polygon", "coordinates": [ [ [ 992166.801721497904509, 1004793.542461951845326 ], [ 992173.127159788738936, 1004802.33307099819649 ], [ 992168.445096353068948, 1004805.662044333061203 ], [ 992162.119657794944942, 1004796.871435652137734 ], [ 992166.801721497904509, 1004793.542461951845326 ] ] ] } },
{ "type": "Feature", "properties": { "element": "way", "id": 543202610, "addr:city": null, "addr:street": "Carrera 80D", "alt_name": null, "brand:wikidata": null, "brand:wikipedia": null, "building": "yes", "name": null, "operator": null, "shop": null, "amenity": null, "check_date": null, "denomination": null, "religion": null, "building:levels": null, "source": "Kaart Ground Survey 2017", "addr:housenumber": "7-93", "phone": null, "layer": null, "addr:unit": null, "healthcare": null, "addr:postcode": null, "operator:wikidata": null, "waste": null, "building:flats": null, "community_centre": null, "healthcare:speciality": null, "type": null, "bus": null, "internet_access": null, "public_transport": null, "wheelchair": null, "wikidata": null, "wikipedia": null, "network": null }, "geometry": { "type": "Polygon", "coordinates": [ [ [ 992158.656054934370331, 1004890.667117082397453 ], [ 992161.785507477587089, 1004895.300175089738332 ], [ 992149.403519387356937, 1004903.550800643046387 ], [ 992146.274066427606158, 1004898.917743112891912 ], [ 992158.656054934370331, 1004890.667117082397453 ] ] ] } },
{ "type": "Feature", "properties": { "element": "way", "id": 543313339, "addr:city": null, "addr:street": "Carrera 80B", "alt_name": null, "brand:wikidata": null, "brand:wikipedia": null, "building": "residential", "name": null, "operator": null, "shop": null, "amenity": null, "check_date": null, "denomination": null, "religion": null, "building:levels": null, "source": "Kaart Ground Survey 2017", "addr:housenumber": "7-81", "phone": null, "layer": null, "addr:unit": null, "healthcare": null, "addr:postcode": null, "operator:wikidata": null, "waste": null, "building:flats": null, "community_centre": null, "healthcare:speciality": null, "type": null, "bus": null, "internet_access": null, "public_transport": null, "wheelchair": null, "wikidata": null, "wikipedia": null, "network": null }, "geometry": { "type": "Polygon", "coordinates": [ [ [ 992178.522751575452276, 1004833.184807445039041 ], [ 992191.637024116120301, 1004824.458613095572218 ], [ 992198.583967792219482, 1004834.764130705152638 ], [ 992185.469696236541495, 1004843.49032393260859 ], [ 992178.522751575452276, 1004833.184807445039041 ] ] ] } },
{ "type": "Feature", "properties": { "element": "way", "id": 543313340, "addr:city": null, "addr:street": "Carrera 80B", "alt_name": null, "brand:wikidata": null, "brand:wikipedia": null, "building": "residential", "name": null, "operator": null, "shop": null, "amenity": null, "check_date": null, "denomination": null, "religion": null, "building:levels": null, "source": "Kaart Ground Survey 2017", "addr:housenumber": "7-77", "phone": null, "layer": null, "addr:unit": null, "healthcare": null, "addr:postcode": null, "operator:wikidata": null, "waste": null, "building:flats": null, "community_centre": null, "healthcare:speciality": null, "type": null, "bus": null, "internet_access": null, "public_transport": null, "wheelchair": null, "wikidata": null, "wikipedia": null, "network": null }, "geometry": { "type": "Polygon", "coordinates": [ [ [ 992178.522751575452276, 1004833.184807445039041 ], [ 992175.470948931993917, 1004828.363752326695248 ], [ 992181.007342109573074, 1004824.636600520112552 ], [ 992186.776734940474853, 1004820.79884432523977 ], [ 992188.30784652789589, 1004819.814515656325966 ], [ 992191.637024116120301, 1004824.458613095572218 ], [ 992178.522751575452276, 1004833.184807445039041 ] ] ] } },
{ "type": "Feature", "properties": { "element": "way", "id": 543318850, "addr:city": null, "addr:street": "Carrera 80b", "alt_name": null, "brand:wikidata": null, "brand:wikipedia": null, "building": "residential", "name": null, "operator": null, "shop": null, "amenity": null, "check_date": null, "denomination": null, "religion": null, "building:levels": null, "source": "Kaart Ground Survey 2017", "addr:housenumber": "7-42", "phone": null, "layer": null, "addr:unit": null, "healthcare": null, "addr:postcode": null, "operator:wikidata": null, "waste": null, "building:flats": null, "community_centre": null, "healthcare:speciality": null, "type": null, "bus": null, "internet_access": null, "public_transport": null, "wheelchair": null, "wikidata": null, "wikipedia": null, "network": null }, "geometry": { "type": "Polygon", "coordinates": [ [ [ 992171.439079975592904, 1004786.973451377358288 ], [ 992168.631459339987487, 1004782.937501763808541 ], [ 992177.640571228112094, 1004776.732975476770662 ], [ 992180.459288438898511, 1004780.779982460313477 ], [ 992171.439079975592904, 1004786.973451377358288 ] ] ] } },
{ "type": "Feature", "properties": { "element": "way", "id": 543318852, "addr:city": null, "addr:street": "Avenida Calle 8", "alt_name": null, "brand:wikidata": null, "brand:wikipedia": null, "building": "school", "name": "Jingle School", "operator": null, "shop": null, "amenity": null, "check_date": null, "denomination": null, "religion": null, "building:levels": null, "source": "Kaart Ground Survey 2017", "addr:housenumber": null, "phone": null, "layer": null, "addr:unit": null, "healthcare": null, "addr:postcode": null, "operator:wikidata": null, "waste": null, "building:flats": null, "community_centre": null, "healthcare:speciality": null, "type": null, "bus": null, "internet_access": null, "public_transport": null, "wheelchair": null, "wikidata": null, "wikipedia": null, "network": null }, "geometry": { "type": "Polygon", "coordinates": [ [ [ 992676.999254243564792, 1004728.714560115593486 ], [ 992668.43205139238853, 1004714.804191819624975 ], [ 992675.532918482669629, 1004710.479788815020584 ], [ 992684.100121552823111, 1004724.401216019527055 ], [ 992676.999254243564792, 1004728.714560115593486 ] ] ] } },
{ "type": "Feature", "properties": { "element": "way", "id": 543404476, "addr:city": "Kennedy", "addr:street": "Carrera 72A", "alt_name": null, "brand:wikidata": null, "brand:wikipedia": null, "building": "yes", "name": null, "operator": null, "shop": null, "amenity": null, "check_date": null, "denomination": null, "religion": null, "building:levels": null, "source": "Kaart Ground Survey 2017", "addr:housenumber": null, "phone": null, "layer": null, "addr:unit": null, "healthcare": null, "addr:postcode": null, "operator:wikidata": null, "waste": null, "building:flats": null, "community_centre": null, "healthcare:speciality": null, "type": null, "bus": null, "internet_access": null, "public_transport": null, "wheelchair": null, "wikidata": null, "wikipedia": null, "network": null }, "geometry": { "type": "Polygon", "coordinates": [ [ [ 993627.126181389787234, 1005132.19933899724856 ], [ 993634.592997044324875, 1005125.132568881381303 ], [ 993635.91332587134093, 1005124.435797773185186 ], [ 993637.300267287530005, 1005124.214522197027691 ], [ 993638.853667117538862, 1005124.280745339696296 ], [ 993640.551361747318879, 1005124.977271983399987 ], [ 993650.660371392965317, 1005135.492764867492951 ], [ 993639.976056650630198, 1005145.600788119831122 ], [ 993627.126181389787234, 1005132.19933899724856 ] ] ] } },
{ "type": "Feature", "properties": { "element": "way", "id": 543404477, "addr:city": null, "addr:street": "Transversal 74", "alt_name": null, "brand:wikidata": null, "brand:wikipedia": null, "building": "yes", "name": null, "operator": null, "shop": null, "amenity": null, "check_date": null, "denomination": null, "religion": null, "building:levels": null, "source": "Kaart Ground Survey 2017", "addr:housenumber": null, "phone": null, "layer": null, "addr:unit": null, "healthcare": null, "addr:postcode": null, "operator:wikidata": null, "waste": null, "building:flats": null, "community_centre": null, "healthcare:speciality": null, "type": null, "bus": null, "internet_access": null, "public_transport": null, "wheelchair": null, "wikidata": null, "wikipedia": null, "network": null }, "geometry": { "type": "Polygon", "coordinates": [ [ [ 993680.4761773487553, 1005432.744785266811959 ], [ 993675.804804436163977, 1005431.351833143038675 ], [ 993674.6063809186453, 1005430.168706434196793 ], [ 993673.774090927443467, 1005428.709096201113425 ], [ 993673.318992673768662, 1005426.508558762958273 ], [ 993676.336185007821769, 1005416.334807191393338 ], [ 993684.624818828189746, 1005418.766935423831455 ], [ 993680.4761773487553, 1005432.744785266811959 ] ] ] } },
{ "type": "Feature", "properties": { "element": "way", "id": 543548767, "addr:city": "Bogotá", "addr:street": "Calle 11D", "alt_name": null, "brand:wikidata": null, "brand:wikipedia": null, "building": "terrace", "name": null, "operator": null, "shop": null, "amenity": null, "check_date": null, "denomination": null, "religion": null, "building:levels": null, "source": "Kaart Ground Survey 2017", "addr:housenumber": null, "phone": null, "layer": null, "addr:unit": null, "healthcare": null, "addr:postcode": null, "operator:wikidata": null, "waste": null, "building:flats": null, "community_centre": null, "healthcare:speciality": null, "type": null, "bus": null, "internet_access": null, "public_transport": null, "wheelchair": null, "wikidata": null, "wikipedia": null, "network": null }, "geometry": { "type": "Polygon", "coordinates": [ [ [ 993774.979818940279074, 1005459.885019956971519 ], [ 993799.19853538624011, 1005421.43387648044154 ], [ 993797.14574290451128, 1005420.16235012805555 ], [ 993801.25061264319811, 1005413.648768968647346 ], [ 993803.558617885923013, 1005415.086147698690183 ], [ 993830.284662931226194, 1005372.64282061974518 ], [ 993819.399308028398082, 1005365.876082321046852 ], [ 993813.530448062694632, 1005375.187516120146029 ], [ 993799.684827814809978, 1005397.183290737331845 ], [ 993794.603663831017911, 1005405.245091665652581 ], [ 993789.289522337378003, 1005413.682888863491826 ], [ 993778.317320302128792, 1005431.089303430751897 ], [ 993772.825675937579945, 1005439.825686264084652 ], [ 993766.868073474382982, 1005449.280886999214999 ], [ 993764.349682925269008, 1005453.27308324794285 ], [ 993774.979818940279074, 1005459.885019956971519 ] ] ] } },
{ "type": "Feature", "properties": { "element": "way", "id": 544057719, "addr:city": null, "addr:street": null, "alt_name": null, "brand:wikidata": null, "brand:wikipedia": null, "building": "house", "name": "Arepería Venezolana", "operator": null, "shop": null, "amenity": null, "check_date": null, "denomination": null, "religion": null, "building:levels": null, "source": null, "addr:housenumber": null, "phone": null, "layer": null, "addr:unit": null, "healthcare": null, "addr:postcode": null, "operator:wikidata": null, "waste": null, "building:flats": null, "community_centre": null, "healthcare:speciality": null, "type": null, "bus": null, "internet_access": null, "public_transport": null, "wheelchair": null, "wikidata": null, "wikipedia": null, "network": null }, "geometry": { "type": "Polygon", "coordinates": [ [ [ 992520.267010835115798, 1004559.318285608314909 ], [ 992522.497608080506325, 1004563.000441112904809 ], [ 992519.424258291954175, 1004564.836388184339739 ], [ 992517.504390532849357, 1004561.662878607050516 ], [ 992518.558361120987684, 1004560.33579898334574 ], [ 992520.267010835115798, 1004559.318285608314909 ] ] ] } },
{ "type": "Feature", "properties": { "element": "way", "id": 568768021, "addr:city": null, "addr:street": null, "alt_name": null, "brand:wikidata": null, "brand:wikipedia": null, "building": "school", "name": null, "operator": null, "shop": null, "amenity": null, "check_date": null, "denomination": null, "religion": null, "building:levels": "2", "source": null, "addr:housenumber": null, "phone": null, "layer": null, "addr:unit": null, "healthcare": null, "addr:postcode": null, "operator:wikidata": null, "waste": null, "building:flats": null, "community_centre": null, "healthcare:speciality": null, "type": null, "bus": null, "internet_access": null, "public_transport": null, "wheelchair": null, "wikidata": null, "wikipedia": null, "network": null }, "geometry": { "type": "Polygon", "coordinates": [ [ [ 993045.360624215914868, 1005790.308896768139675 ], [ 993059.107411861652508, 1005783.097756580915302 ], [ 992993.128495360608213, 1005731.804801488877274 ], [ 992989.789838378434069, 1005744.289766365778632 ], [ 992998.300869099912234, 1005752.295116688124835 ], [ 992963.297582992701791, 1005788.989235652261414 ], [ 992944.189373536966741, 1005771.010377851896919 ], [ 992876.04678271827288, 1005842.474391903029755 ], [ 992895.010736383730546, 1005860.320548506686464 ], [ 992904.418889076914638, 1005850.455814501619898 ], [ 992916.214484297437593, 1005861.535028613288887 ], [ 992912.420177474734373, 1005865.726415564422496 ], [ 992926.213187244022265, 1005879.194014130509458 ], [ 992975.018036257126369, 1005828.277840952272527 ], [ 992977.736681160982698, 1005830.832033350481652 ], [ 992991.782358403201215, 1005816.034954017959535 ], [ 992984.669497473165393, 1005809.378575274837203 ], [ 993021.592130419565365, 1005770.550069335498847 ], [ 993045.360624215914868, 1005790.308896768139675 ] ] ] } },
{ "type": "Feature", "properties": { "element": "way", "id": 625766812, "addr:city": null, "addr:street": null, "alt_name": null, "brand:wikidata": null, "brand:wikipedia": null, "building": "yes", "name": "Asadero Restaurante Mi Llanura", "operator": null, "shop": null, "amenity": null, "check_date": null, "denomination": null, "religion": null, "building:levels": "2", "source": null, "addr:housenumber": null, "phone": null, "layer": null, "addr:unit": null, "healthcare": null, "addr:postcode": "110821", "operator:wikidata": null, "waste": null, "building:flats": null, "community_centre": null, "healthcare:speciality": null, "type": null, "bus": null, "internet_access": null, "public_transport": null, "wheelchair": null, "wikidata": null, "wikipedia": null, "network": null }, "geometry": { "type": "Polygon", "coordinates": [ [ [ 993012.346910062944517, 1004619.009198594139889 ], [ 993018.306960307178088, 1004637.409447901067324 ], [ 993024.786680870689452, 1004635.21935700182803 ], [ 993019.081844982807525, 1004616.940724334679544 ], [ 993012.346910062944517, 1004619.009198594139889 ] ] ] } },
{ "type": "Feature", "properties": { "element": "way", "id": 661309365, "addr:city": null, "addr:street": null, "alt_name": null, "brand:wikidata": null, "brand:wikipedia": null, "building": "yes", "name": null, "operator": null, "shop": null, "amenity": null, "check_date": null, "denomination": null, "religion": null, "building:levels": null, "source": null, "addr:housenumber": null, "phone": null, "layer": null, "addr:unit": null, "healthcare": null, "addr:postcode": null, "operator:wikidata": null, "waste": null, "building:flats": null, "community_centre": null, "healthcare:speciality": null, "type": null, "bus": null, "internet_access": null, "public_transport": null, "wheelchair": null, "wikidata": null, "wikipedia": null, "network": null }, "geometry": { "type": "Polygon", "coordinates": [ [ [ 993487.572875730926171, 1006165.330661005922593 ], [ 993559.4660823806189, 1006229.61688507697545 ], [ 993549.159282251610421, 1006240.996583365486003 ], [ 993477.254982743645087, 1006176.721427673008293 ], [ 993487.572875730926171, 1006165.330661005922593 ] ] ] } },
{ "type": "Feature", "properties": { "element": "way", "id": 661309366, "addr:city": null, "addr:street": null, "alt_name": null, "brand:wikidata": null, "brand:wikipedia": null, "building": "yes", "name": null, "operator": null, "shop": null, "amenity": null, "check_date": null, "denomination": null, "religion": null, "building:levels": null, "source": null, "addr:housenumber": null, "phone": null, "layer": null, "addr:unit": null, "healthcare": null, "addr:postcode": null, "operator:wikidata": null, "waste": null, "building:flats": null, "community_centre": null, "healthcare:speciality": null, "type": null, "bus": null, "internet_access": null, "public_transport": null, "wheelchair": null, "wikidata": null, "wikipedia": null, "network": null }, "geometry": { "type": "Polygon", "coordinates": [ [ [ 993508.004460992058739, 1006222.300626318668947 ], [ 993536.965811619535089, 1006247.090636272914708 ], [ 993528.012623243615963, 1006257.906259482959285 ], [ 993498.751769007067196, 1006234.011988908867352 ], [ 993508.004460992058739, 1006222.300626318668947 ] ] ] } },
{ "type": "Feature", "properties": { "element": "way", "id": 661309367, "addr:city": null, "addr:street": null, "alt_name": null, "brand:wikidata": null, "brand:wikipedia": null, "building": "yes", "name": null, "operator": null, "shop": null, "amenity": null, "check_date": null, "denomination": null, "religion": null, "building:levels": null, "source": null, "addr:housenumber": null, "phone": null, "layer": null, "addr:unit": null, "healthcare": null, "addr:postcode": null, "operator:wikidata": null, "waste": null, "building:flats": null, "community_centre": null, "healthcare:speciality": null, "type": null, "bus": null, "internet_access": null, "public_transport": null, "wheelchair": null, "wikidata": null, "wikipedia": null, "network": null }, "geometry": { "type": "Polygon", "coordinates": [ [ [ 993480.910630441037938, 1006239.47620389983058 ], [ 993515.808473980752751, 1006268.987548627192155 ], [ 993506.245041567948647, 1006279.847457603900693 ], [ 993471.935335176181979, 1006251.220721203251742 ], [ 993480.910630441037938, 1006239.47620389983058 ] ] ] } },
{ "type": "Feature", "properties": { "element": "way", "id": 661309368, "addr:city": null, "addr:street": null, "alt_name": null, "brand:wikidata": null, "brand:wikipedia": null, "building": "yes", "name": null, "operator": null, "shop": null, "amenity": null, "check_date": null, "denomination": null, "religion": null, "building:levels": null, "source": null, "addr:housenumber": null, "phone": null, "layer": null, "addr:unit": null, "healthcare": null, "addr:postcode": null, "operator:wikidata": null, "waste": null, "building:flats": null, "community_centre": null, "healthcare:speciality": null, "type": null, "bus": null, "internet_access": null, "public_transport": null, "wheelchair": null, "wikidata": null, "wikipedia": null, "network": null }, "geometry": { "type": "Polygon", "coordinates": [ [ [ 993491.948013670742512, 1006207.484018254559487 ], [ 993481.839229145669378, 1006198.295524052227847 ], [ 993449.143687553703785, 1006233.772840023739263 ], [ 993459.25247144466266, 1006242.961330083431676 ], [ 993491.948013670742512, 1006207.484018254559487 ] ] ] } },
{ "type": "Feature", "properties": { "element": "way", "id": 661309369, "addr:city": null, "addr:street": null, "alt_name": null, "brand:wikidata": null, "brand:wikipedia": null, "building": "yes", "name": null, "operator": null, "shop": null, "amenity": null, "check_date": null, "denomination": null, "religion": null, "building:levels": null, "source": null, "addr:housenumber": null, "phone": null, "layer": null, "addr:unit": null, "healthcare": null, "addr:postcode": null, "operator:wikidata": null, "waste": null, "building:flats": null, "community_centre": null, "healthcare:speciality": null, "type": null, "bus": null, "internet_access": null, "public_transport": null, "wheelchair": null, "wikidata": null, "wikipedia": null, "network": null }, "geometry": { "type": "Polygon", "coordinates": [ [ [ 993395.232510649366304, 1006256.866811502608471 ], [ 993405.96271934080869, 1006266.91777922725305 ], [ 993357.745925259543583, 1006317.745174604002386 ], [ 993347.015718112117611, 1006307.705271524726413 ], [ 993395.232510649366304, 1006256.866811502608471 ] ] ] } },
{ "type": "Feature", "properties": { "element": "way", "id": 661309370, "addr:city": null, "addr:street": null, "alt_name": null, "brand:wikidata": null, "brand:wikipedia": null, "building": "yes", "name": null, "operator": null, "shop": null, "amenity": null, "check_date": null, "denomination": null, "religion": null, "building:levels": null, "source": null, "addr:housenumber": null, "phone": null, "layer": null, "addr:unit": null, "healthcare": null, "addr:postcode": null, "operator:wikidata": null, "waste": null, "building:flats": null, "community_centre": null, "healthcare:speciality": null, "type": null, "bus": null, "internet_access": null, "public_transport": null, "wheelchair": null, "wikidata": null, "wikipedia": null, "network": null }, "geometry": { "type": "Polygon", "coordinates": [ [ [ 993412.787226027809083, 1006276.029132644995116 ], [ 993423.639484176761471, 1006286.124325174489059 ], [ 993384.564590333029628, 1006327.52938147156965 ], [ 993373.712332746828906, 1006317.43419425515458 ], [ 993412.787226027809083, 1006276.029132644995116 ] ] ] } },
{ "type": "Feature", "properties": { "element": "way", "id": 674136126, "addr:city": null, "addr:street": null, "alt_name": null, "brand:wikidata": null, "brand:wikipedia": null, "building": "commercial", "name": null, "operator": null, "shop": null, "amenity": null, "check_date": null, "denomination": null, "religion": null, "building:levels": null, "source": null, "addr:housenumber": null, "phone": null, "layer": null, "addr:unit": null, "healthcare": null, "addr:postcode": null, "operator:wikidata": null, "waste": null, "building:flats": null, "community_centre": null, "healthcare:speciality": null, "type": null, "bus": null, "internet_access": null, "public_transport": null, "wheelchair": null, "wikidata": null, "wikipedia": null, "network": null }, "geometry": { "type": "Polygon", "coordinates": [ [ [ 992978.824317081016488, 1005089.5811700966442 ], [ 992988.045105194905773, 1005092.687689879210666 ], [ 992994.445650969049893, 1005074.054116381681524 ], [ 992985.513310200534761, 1005070.516301774187014 ], [ 992978.824317081016488, 1005089.5811700966442 ] ] ] } },
{ "type": "Feature", "properties": { "element": "way", "id": 674136128, "addr:city": null, "addr:street": null, "alt_name": null, "brand:wikidata": null, "brand:wikipedia": null, "building": "yes", "name": "CAI Castilla", "operator": "Policía Nacional de Colombia", "shop": null, "amenity": "police", "check_date": null, "denomination": null, "religion": null, "building:levels": null, "source": null, "addr:housenumber": null, "phone": null, "layer": null, "addr:unit": null, "healthcare": null, "addr:postcode": null, "operator:wikidata": "Q3394180", "waste": null, "building:flats": null, "community_centre": null, "healthcare:speciality": null, "type": null, "bus": null, "internet_access": null, "public_transport": null, "wheelchair": null, "wikidata": null, "wikipedia": null, "network": null }, "geometry": { "type": "Polygon", "coordinates": [ [ [ 992936.05256879713852, 1005112.950900802155957 ], [ 992941.943889671354555, 1005107.565046383882873 ], [ 992936.328932481119409, 1005101.516736605786718 ], [ 992930.448707203497179, 1005106.902590437442996 ], [ 992936.05256879713852, 1005112.950900802155957 ] ] ] } },
{ "type": "Feature", "properties": { "element": "way", "id": 686912078, "addr:city": null, "addr:street": null, "alt_name": null, "brand:wikidata": null, "brand:wikipedia": null, "building": "apartments", "name": "Parques de Alsacia", "operator": null, "shop": null, "amenity": null, "check_date": null, "denomination": null, "religion": null, "building:levels": null, "source": null, "addr:housenumber": null, "phone": null, "layer": null, "addr:unit": null, "healthcare": null, "addr:postcode": null, "operator:wikidata": null, "waste": null, "building:flats": null, "community_centre": null, "healthcare:speciality": null, "type": null, "bus": null, "internet_access": null, "public_transport": null, "wheelchair": null, "wikidata": null, "wikipedia": null, "network": null }, "geometry": { "type": "Polygon", "coordinates": [ [ [ 993604.535251281107776, 1005130.498218482360244 ], [ 993636.377392043825239, 1005100.340028312639333 ], [ 993620.00898556469474, 1005072.253628395614214 ], [ 993616.636057272553444, 1005074.211196819436736 ], [ 993586.512712193652987, 1005091.740834979456849 ], [ 993583.40606921131257, 1005093.543568870867603 ], [ 993604.535251281107776, 1005130.498218482360244 ] ] ] } },
{ "type": "Feature", "properties": { "element": "way", "id": 946975281, "addr:city": null, "addr:street": null, "alt_name": null, "brand:wikidata": null, "brand:wikipedia": null, "building": "industrial", "name": null, "operator": null, "shop": null, "amenity": null, "check_date": null, "denomination": null, "religion": null, "building:levels": null, "source": null, "addr:housenumber": null, "phone": null, "layer": null, "addr:unit": null, "healthcare": null, "addr:postcode": null, "operator:wikidata": null, "waste": null, "building:flats": null, "community_centre": null, "healthcare:speciality": null, "type": null, "bus": null, "internet_access": null, "public_transport": null, "wheelchair": null, "wikidata": null, "wikipedia": null, "network": null }, "geometry": { "type": "Polygon", "coordinates": [ [ [ 993798.822435981011949, 1005857.202887072693557 ], [ 993784.241807838901877, 1005843.978479005862027 ], [ 993746.136640770244412, 1005806.726558925234713 ], [ 993728.282579890452325, 1005790.77105615963228 ], [ 993745.543908431078307, 1005748.195753380889073 ], [ 993763.996338700293563, 1005754.110401158337481 ], [ 993793.749272496672347, 1005685.514262756798416 ], [ 993837.673157695448026, 1005639.984348576748744 ], [ 993880.825542688486166, 1005660.383279729867354 ], [ 993832.901945090270601, 1005779.815180807490833 ], [ 993798.822435981011949, 1005857.202887072693557 ] ] ] } },
{ "type": "Feature", "properties": { "element": "way", "id": 964808114, "addr:city": null, "addr:street": null, "alt_name": null, "brand:wikidata": null, "brand:wikipedia": null, "building": "apartments", "name": null, "operator": null, "shop": null, "amenity": null, "check_date": null, "denomination": null, "religion": null, "building:levels": "6", "source": null, "addr:housenumber": null, "phone": null, "layer": null, "addr:unit": null, "healthcare": null, "addr:postcode": null, "operator:wikidata": null, "waste": null, "building:flats": null, "community_centre": null, "healthcare:speciality": null, "type": null, "bus": null, "internet_access": null, "public_transport": null, "wheelchair": null, "wikidata": null, "wikipedia": null, "network": null }, "geometry": { "type": "Polygon", "coordinates": [ [ [ 992256.390831850003451, 1004816.202817043289542 ], [ 992264.436502928147092, 1004829.140074738999829 ], [ 992310.625206966768019, 1004800.782413911656477 ], [ 992302.579539646743797, 1004787.834093489684165 ], [ 992256.390831850003451, 1004816.202817043289542 ] ] ] } },
{ "type": "Feature", "properties": { "element": "way", "id": 964808115, "addr:city": null, "addr:street": null, "alt_name": null, "brand:wikidata": null, "brand:wikipedia": null, "building": "apartments", "name": null, "operator": null, "shop": null, "amenity": null, "check_date": null, "denomination": null, "religion": null, "building:levels": "6", "source": null, "addr:housenumber": null, "phone": null, "layer": null, "addr:unit": null, "healthcare": null, "addr:postcode": null, "operator:wikidata": null, "waste": null, "building:flats": null, "community_centre": null, "healthcare:speciality": null, "type": null, "bus": null, "internet_access": null, "public_transport": null, "wheelchair": null, "wikidata": null, "wikipedia": null, "network": null }, "geometry": { "type": "Polygon", "coordinates": [ [ [ 992231.976652304874733, 1004779.845988347777165 ], [ 992240.033426795504056, 1004792.783242444973439 ], [ 992286.222143811988644, 1004764.425567728816532 ], [ 992278.165373072260991, 1004751.477250899304636 ], [ 992231.976652304874733, 1004779.845988347777165 ] ] ] } },
{ "type": "Feature", "properties": { "element": "way", "id": 964808116, "addr:city": null, "addr:street": null, "alt_name": null, "brand:wikidata": null, "brand:wikipedia": null, "building": "apartments", "name": null, "operator": null, "shop": null, "amenity": null, "check_date": null, "denomination": null, "religion": null, "building:levels": "6", "source": null, "addr:housenumber": null, "phone": null, "layer": null, "addr:unit": null, "healthcare": null, "addr:postcode": null, "operator:wikidata": null, "waste": null, "building:flats": null, "community_centre": null, "healthcare:speciality": null, "type": null, "bus": null, "internet_access": null, "public_transport": null, "wheelchair": null, "wikidata": null, "wikipedia": null, "network": null }, "geometry": { "type": "Polygon", "coordinates": [ [ [ 992241.480876152869314, 1004843.484774340176955 ], [ 992253.94059251586441, 1004835.632249901187606 ], [ 992222.701301549328491, 1004786.680849952157587 ], [ 992219.328410206362605, 1004788.793292796821333 ], [ 992210.241578206303529, 1004794.511262850719504 ], [ 992241.480876152869314, 1004843.484774340176955 ] ] ] } },
{ "type": "Feature", "properties": { "element": "way", "id": 964808117, "addr:city": null, "addr:street": null, "alt_name": null, "brand:wikidata": null, "brand:wikipedia": null, "building": "apartments", "name": null, "operator": null, "shop": null, "amenity": null, "check_date": null, "denomination": null, "religion": null, "building:levels": "6", "source": null, "addr:housenumber": null, "phone": null, "layer": null, "addr:unit": null, "healthcare": null, "addr:postcode": null, "operator:wikidata": null, "waste": null, "building:flats": null, "community_centre": null, "healthcare:speciality": null, "type": null, "bus": null, "internet_access": null, "public_transport": null, "wheelchair": null, "wikidata": null, "wikipedia": null, "network": null }, "geometry": { "type": "Polygon", "coordinates": [ [ [ 992312.910533281741664, 1004796.768077467102557 ], [ 992325.370264087803662, 1004788.915564664290287 ], [ 992294.119904183316976, 1004739.964138386189006 ], [ 992281.671262149116956, 1004747.794538561720401 ], [ 992312.910533281741664, 1004796.768077467102557 ] ] ] } },
{ "type": "Feature", "properties": { "element": "way", "id": 964808118, "addr:city": null, "addr:street": null, "alt_name": null, "brand:wikidata": null, "brand:wikipedia": null, "building": "apartments", "name": null, "operator": null, "shop": null, "amenity": null, "check_date": null, "denomination": null, "religion": null, "building:levels": "12", "source": null, "addr:housenumber": null, "phone": null, "layer": null, "addr:unit": null, "healthcare": null, "addr:postcode": null, "operator:wikidata": null, "waste": null, "building:flats": null, "community_centre": null, "healthcare:speciality": null, "type": null, "bus": null, "internet_access": null, "public_transport": null, "wheelchair": null, "wikidata": null, "wikipedia": null, "network": null }, "geometry": { "type": "Polygon", "coordinates": [ [ [ 992179.919461194425821, 1004708.083676782785915 ], [ 992181.685173548990861, 1004723.067311036982574 ], [ 992234.278352388413623, 1004716.980108454590663 ], [ 992232.512649957789108, 1004701.996473192353733 ], [ 992179.919461194425821, 1004708.083676782785915 ] ] ] } },
{ "type": "Feature", "properties": { "element": "way", "id": 964808119, "addr:city": null, "addr:street": null, "alt_name": null, "brand:wikidata": null, "brand:wikipedia": null, "building": "apartments", "name": null, "operator": null, "shop": null, "amenity": null, "check_date": null, "denomination": null, "religion": null, "building:levels": "12", "source": null, "addr:housenumber": null, "phone": null, "layer": null, "addr:unit": null, "healthcare": null, "addr:postcode": null, "operator:wikidata": null, "waste": null, "building:flats": null, "community_centre": null, "healthcare:speciality": null, "type": null, "bus": null, "internet_access": null, "public_transport": null, "wheelchair": null, "wikidata": null, "wikipedia": null, "network": null }, "geometry": { "type": "Polygon", "coordinates": [ [ [ 992105.269730274332687, 1004731.821955067571253 ], [ 992167.737926031812094, 1004723.975468794698827 ], [ 992165.939013087772764, 1004709.88754926470574 ], [ 992103.470806270721368, 1004717.734036770300008 ], [ 992105.269730274332687, 1004731.821955067571253 ] ] ] } },
{ "type": "Feature", "properties": { "element": "way", "id": 964808120, "addr:city": null, "addr:street": null, "alt_name": null, "brand:wikidata": null, "brand:wikipedia": null, "building": "apartments", "name": null, "operator": null, "shop": null, "amenity": null, "check_date": null, "denomination": null, "religion": null, "building:levels": "12", "source": null, "addr:housenumber": null, "phone": null, "layer": null, "addr:unit": null, "healthcare": null, "addr:postcode": null, "operator:wikidata": null, "waste": null, "building:flats": null, "community_centre": null, "healthcare:speciality": null, "type": null, "bus": null, "internet_access": null, "public_transport": null, "wheelchair": null, "wikidata": null, "wikipedia": null, "network": null }, "geometry": { "type": "Polygon", "coordinates": [ [ [ 992163.582643927889876, 1004669.027874639141373 ], [ 992190.369270738679916, 1004684.185949396342039 ], [ 992197.791036482201889, 1004671.247162744170055 ], [ 992171.015502514201216, 1004656.089084358070977 ], [ 992163.582643927889876, 1004669.027874639141373 ] ] ] } },
{ "type": "Feature", "properties": { "element": "way", "id": 964808121, "addr:city": null, "addr:street": null, "alt_name": null, "brand:wikidata": null, "brand:wikipedia": null, "building": "apartments", "name": null, "operator": null, "shop": null, "amenity": null, "check_date": null, "denomination": null, "religion": null, "building:levels": "12", "source": null, "addr:housenumber": null, "phone": null, "layer": null, "addr:unit": null, "healthcare": null, "addr:postcode": null, "operator:wikidata": null, "waste": null, "building:flats": null, "community_centre": null, "healthcare:speciality": null, "type": null, "bus": null, "internet_access": null, "public_transport": null, "wheelchair": null, "wikidata": null, "wikipedia": null, "network": null }, "geometry": { "type": "Polygon", "coordinates": [ [ [ 992120.378079512040131, 1004691.524495323654264 ], [ 992132.694969256175682, 1004697.715832609334029 ], [ 992140.615773865603842, 1004682.189380435738713 ], [ 992128.298881242051721, 1004675.9869837439619 ], [ 992120.378079512040131, 1004691.524495323654264 ] ] ] } },
{ "type": "Feature", "properties": { "element": "way", "id": 964808122, "addr:city": null, "addr:street": null, "alt_name": null, "brand:wikidata": null, "brand:wikipedia": null, "building": "apartments", "name": null, "operator": null, "shop": null, "amenity": null, "check_date": null, "denomination": null, "religion": null, "building:levels": "12", "source": null, "addr:housenumber": null, "phone": null, "layer": null, "addr:unit": null, "healthcare": null, "addr:postcode": null, "operator:wikidata": null, "waste": null, "building:flats": null, "community_centre": null, "healthcare:speciality": null, "type": null, "bus": null, "internet_access": null, "public_transport": null, "wheelchair": null, "wikidata": null, "wikipedia": null, "network": null }, "geometry": { "type": "Polygon", "coordinates": [ [ [ 992131.238839733181521, 1004671.861994890728965 ], [ 992143.555732757551596, 1004678.064392043044791 ], [ 992151.476540432777256, 1004662.526882942649536 ], [ 992139.159645635751076, 1004656.324484546552412 ], [ 992131.238839733181521, 1004671.861994890728965 ] ] ] } },
{ "type": "Feature", "properties": { "element": "way", "id": 1087260369, "addr:city": null, "addr:street": null, "alt_name": null, "brand:wikidata": null, "brand:wikipedia": null, "building": "roof", "name": null, "operator": "Vanti", "shop": null, "amenity": null, "check_date": null, "denomination": null, "religion": null, "building:levels": null, "source": null, "addr:housenumber": null, "phone": null, "layer": "1", "addr:unit": null, "healthcare": null, "addr:postcode": null, "operator:wikidata": null, "waste": null, "building:flats": null, "community_centre": null, "healthcare:speciality": null, "type": null, "bus": null, "internet_access": null, "public_transport": null, "wheelchair": null, "wikidata": null, "wikipedia": null, "network": null }, "geometry": { "type": "Polygon", "coordinates": [ [ [ 992817.671259847236797, 1006308.327024763566442 ], [ 992828.246190510108136, 1006318.278405162272975 ], [ 992833.382916869129986, 1006312.881550467107445 ], [ 992822.796891653211787, 1006302.941228569485247 ], [ 992817.671259847236797, 1006308.327024763566442 ] ] ] } },
{ "type": "Feature", "properties": { "element": "way", "id": 1087528617, "addr:city": null, "addr:street": null, "alt_name": null, "brand:wikidata": null, "brand:wikipedia": null, "building": "roof", "name": null, "operator": "Terpel", "shop": null, "amenity": null, "check_date": null, "denomination": null, "religion": null, "building:levels": null, "source": null, "addr:housenumber": null, "phone": null, "layer": "1", "addr:unit": null, "healthcare": null, "addr:postcode": null, "operator:wikidata": null, "waste": null, "building:flats": null, "community_centre": null, "healthcare:speciality": null, "type": null, "bus": null, "internet_access": null, "public_transport": null, "wheelchair": null, "wikidata": null, "wikipedia": null, "network": null }, "geometry": { "type": "Polygon", "coordinates": [ [ [ 992924.663457450224087, 1006411.346218658727594 ], [ 992930.322639318997972, 1006416.664685430936515 ], [ 992947.652164243278094, 1006398.494557691738009 ], [ 992962.740616125869565, 1006382.657908130204305 ], [ 992972.48154786194209, 1006372.450347212608904 ], [ 992966.822365744970739, 1006367.131877451203763 ], [ 992957.159096592571586, 1006377.273083086241968 ], [ 992942.447854797355831, 1006392.700547600979917 ], [ 992924.663457450224087, 1006411.346218658727594 ] ] ] } },
{ "type": "Feature", "properties": { "element": "way", "id": 1114150799, "addr:city": null, "addr:street": null, "alt_name": null, "brand:wikidata": null, "brand:wikipedia": null, "building": "apartments", "name": null, "operator": null, "shop": null, "amenity": null, "check_date": null, "denomination": null, "religion": null, "building:levels": null, "source": null, "addr:housenumber": null, "phone": null, "layer": null, "addr:unit": null, "healthcare": null, "addr:postcode": null, "operator:wikidata": null, "waste": null, "building:flats": null, "community_centre": null, "healthcare:speciality": null, "type": null, "bus": null, "internet_access": null, "public_transport": null, "wheelchair": null, "wikidata": null, "wikipedia": null, "network": null }, "geometry": { "type": "Polygon", "coordinates": [ [ [ 991810.24146368377842, 1004588.75951142294798 ], [ 991837.42332518461626, 1004562.405083308927715 ], [ 991824.672951085725799, 1004549.435183186898939 ], [ 991797.502184989629313, 1004575.789614460431039 ], [ 991810.24146368377842, 1004588.75951142294798 ] ] ] } },
{ "type": "Feature", "properties": { "element": "way", "id": 1114150800, "addr:city": null, "addr:street": null, "alt_name": null, "brand:wikidata": null, "brand:wikipedia": null, "building": "apartments", "name": null, "operator": null, "shop": null, "amenity": null, "check_date": null, "denomination": null, "religion": null, "building:levels": null, "source": null, "addr:housenumber": null, "phone": null, "layer": null, "addr:unit": null, "healthcare": null, "addr:postcode": null, "operator:wikidata": null, "waste": null, "building:flats": null, "community_centre": null, "healthcare:speciality": null, "type": null, "bus": null, "internet_access": null, "public_transport": null, "wheelchair": null, "wikidata": null, "wikipedia": null, "network": null }, "geometry": { "type": "Polygon", "coordinates": [ [ [ 991757.263887846493162, 1004527.270604186691344 ], [ 991795.31529992504511, 1004566.003368613659404 ], [ 991809.350014795665629, 1004552.389307191362604 ], [ 991771.298604415962473, 1004513.667594275786541 ], [ 991757.263887846493162, 1004527.270604186691344 ] ] ] } },
{ "type": "Feature", "properties": { "element": "way", "id": 1114150801, "addr:city": null, "addr:street": null, "alt_name": null, "brand:wikidata": null, "brand:wikipedia": null, "building": "apartments", "name": null, "operator": null, "shop": null, "amenity": null, "check_date": null, "denomination": null, "religion": null, "building:levels": null, "source": null, "addr:housenumber": null, "phone": null, "layer": null, "addr:unit": null, "healthcare": null, "addr:postcode": null, "operator:wikidata": null, "waste": null, "building:flats": null, "community_centre": null, "healthcare:speciality": null, "type": null, "bus": null, "internet_access": null, "public_transport": null, "wheelchair": null, "wikidata": null, "wikipedia": null, "network": null }, "geometry": { "type": "Polygon", "coordinates": [ [ [ 991790.59202539222315, 1004493.418082181364298 ], [ 991843.413454771391116, 1004547.17737185570877 ], [ 991857.703358571860008, 1004533.320013272692449 ], [ 991804.881929958704859, 1004479.560714197577909 ], [ 991790.59202539222315, 1004493.418082181364298 ] ] ] } },
{ "type": "Feature", "properties": { "element": "way", "id": 1114150802, "addr:city": null, "addr:street": null, "alt_name": null, "brand:wikidata": null, "brand:wikipedia": null, "building": "apartments", "name": null, "operator": null, "shop": null, "amenity": null, "check_date": null, "denomination": null, "religion": null, "building:levels": null, "source": null, "addr:housenumber": null, "phone": null, "layer": null, "addr:unit": null, "healthcare": null, "addr:postcode": null, "operator:wikidata": null, "waste": null, "building:flats": null, "community_centre": null, "healthcare:speciality": null, "type": null, "bus": null, "internet_access": null, "public_transport": null, "wheelchair": null, "wikidata": null, "wikipedia": null, "network": null }, "geometry": { "type": "Polygon", "coordinates": [ [ [ 991721.537478088750504, 1004440.357198767364025 ], [ 991743.431781468680128, 1004462.637094738311134 ], [ 991756.656598209054209, 1004449.819297148962505 ], [ 991734.762295125983655, 1004427.539397572632879 ], [ 991721.537478088750504, 1004440.357198767364025 ] ] ] } },
{ "type": "Feature", "properties": { "element": "way", "id": 1114150803, "addr:city": null, "addr:street": null, "alt_name": null, "brand:wikidata": null, "brand:wikipedia": null, "building": "apartments", "name": null, "operator": null, "shop": null, "amenity": null, "check_date": null, "denomination": null, "religion": null, "building:levels": null, "source": null, "addr:housenumber": null, "phone": null, "layer": null, "addr:unit": null, "healthcare": null, "addr:postcode": null, "operator:wikidata": null, "waste": null, "building:flats": null, "community_centre": null, "healthcare:speciality": null, "type": null, "bus": null, "internet_access": null, "public_transport": null, "wheelchair": null, "wikidata": null, "wikipedia": null, "network": null }, "geometry": { "type": "Polygon", "coordinates": [ [ [ 991757.545255610602908, 1004459.318165582371876 ], [ 991786.45281444513239, 1004488.729853473021649 ], [ 991800.18798715248704, 1004475.414392551640049 ], [ 991771.291524496278726, 1004446.002698555472307 ], [ 991757.545255610602908, 1004459.318165582371876 ] ] ] } },
{ "type": "Feature", "properties": { "element": "way", "id": 1114150804, "addr:city": null, "addr:street": null, "alt_name": null, "brand:wikidata": null, "brand:wikipedia": null, "building": "apartments", "name": null, "operator": null, "shop": null, "amenity": null, "check_date": null, "denomination": null, "religion": null, "building:levels": null, "source": null, "addr:housenumber": null, "phone": null, "layer": null, "addr:unit": null, "healthcare": null, "addr:postcode": null, "operator:wikidata": null, "waste": null, "building:flats": null, "community_centre": null, "healthcare:speciality": null, "type": null, "bus": null, "internet_access": null, "public_transport": null, "wheelchair": null, "wikidata": null, "wikipedia": null, "network": null }, "geometry": { "type": "Polygon", "coordinates": [ [ [ 991752.192056079045869, 1004517.086568149621598 ], [ 991779.717974479775876, 1004491.517214113497175 ], [ 991766.634609074913897, 1004477.618472453788854 ], [ 991739.119786843424663, 1004503.198887965874746 ], [ 991752.192056079045869, 1004517.086568149621598 ] ] ] } },
{ "type": "Feature", "properties": { "element": "way", "id": 1114150805, "addr:city": null, "addr:street": null, "alt_name": null, "brand:wikidata": null, "brand:wikipedia": null, "building": "apartments", "name": null, "operator": null, "shop": null, "amenity": null, "check_date": null, "denomination": null, "religion": null, "building:levels": null, "source": null, "addr:housenumber": null, "phone": null, "layer": null, "addr:unit": null, "healthcare": null, "addr:postcode": null, "operator:wikidata": null, "waste": null, "building:flats": null, "community_centre": null, "healthcare:speciality": null, "type": null, "bus": null, "internet_access": null, "public_transport": null, "wheelchair": null, "wikidata": null, "wikipedia": null, "network": null }, "geometry": { "type": "Polygon", "coordinates": [ [ [ 991699.714479723828845, 1004463.017673985334113 ], [ 991732.639067718409933, 1004495.668960232986137 ], [ 991745.952597974799573, 1004482.419882950605825 ], [ 991713.028010139707476, 1004449.768591239699163 ], [ 991699.714479723828845, 1004463.017673985334113 ] ] ] } },
{ "type": "Feature", "properties": { "element": "way", "id": 1114150807, "addr:city": null, "addr:street": null, "alt_name": null, "brand:wikidata": null, "brand:wikipedia": null, "building": "apartments", "name": null, "operator": null, "shop": null, "amenity": null, "check_date": null, "denomination": null, "religion": null, "building:levels": null, "source": null, "addr:housenumber": null, "phone": null, "layer": null, "addr:unit": null, "healthcare": null, "addr:postcode": null, "operator:wikidata": null, "waste": null, "building:flats": null, "community_centre": null, "healthcare:speciality": null, "type": null, "bus": null, "internet_access": null, "public_transport": null, "wheelchair": null, "wikidata": null, "wikipedia": null, "network": null }, "geometry": { "type": "Polygon", "coordinates": [ [ [ 992582.151979918708093, 1004365.750377935124561 ], [ 992592.560729988734238, 1004375.358938498189673 ], [ 992594.457918255473487, 1004373.335116500151344 ], [ 992603.723700515925884, 1004381.882202734355815 ], [ 992602.092784970183857, 1004383.629545457661152 ], [ 992612.512626010226086, 1004393.238107591634616 ], [ 992619.51336062012706, 1004385.751075777458027 ], [ 992609.537390238954686, 1004376.562681123614311 ], [ 992611.179401880130172, 1004374.815337520209141 ], [ 992600.759558267192915, 1004365.206775570404716 ], [ 992598.873464382719249, 1004367.219538202625699 ], [ 992589.90729315392673, 1004358.959936485625803 ], [ 992592.059658776503056, 1004356.659636395750567 ], [ 992581.639810418710113, 1004347.051076954929158 ], [ 992574.63907586527057, 1004354.538112068199553 ], [ 992584.293249345151708, 1004363.450078669120558 ], [ 992582.151979918708093, 1004365.750377935124561 ] ] ] } },
{ "type": "Feature", "properties": { "element": "way", "id": 1114150808, "addr:city": null, "addr:street": null, "alt_name": null, "brand:wikidata": null, "brand:wikipedia": null, "building": "apartments", "name": null, "operator": null, "shop": null, "amenity": null, "check_date": null, "denomination": null, "religion": null, "building:levels": null, "source": null, "addr:housenumber": null, "phone": null, "layer": null, "addr:unit": null, "healthcare": null, "addr:postcode": null, "operator:wikidata": null, "waste": null, "building:flats": null, "community_centre": null, "healthcare:speciality": null, "type": null, "bus": null, "internet_access": null, "public_transport": null, "wheelchair": null, "wikidata": null, "wikipedia": null, "network": null }, "geometry": { "type": "Polygon", "coordinates": [ [ [ 992650.105341770569794, 1004395.523625081055798 ], [ 992664.741979334270582, 1004409.510831653722562 ], [ 992667.260477508301847, 1004406.900870968354866 ], [ 992675.32780098693911, 1004414.342261238372885 ], [ 992672.997910384787247, 1004416.731040891492739 ], [ 992686.358417900861241, 1004429.557263494585641 ], [ 992693.470131382346153, 1004422.258216654881835 ], [ 992681.296977982157841, 1004410.570872895303182 ], [ 992683.649049257859588, 1004408.06045167054981 ], [ 992673.229218980879523, 1004398.45188022905495 ], [ 992670.688539080088958, 1004401.172424381715246 ], [ 992660.313060523127206, 1004391.254222009447403 ], [ 992663.108917554607615, 1004388.257199716987088 ], [ 992652.68908214091789, 1004378.648630971903913 ], [ 992645.688344807829708, 1004386.146717926021665 ], [ 992652.82354536652565, 1004392.714598394930363 ], [ 992650.105341770569794, 1004395.523625081055798 ] ] ] } },
{ "type": "Feature", "properties": { "element": "way", "id": 1114150809, "addr:city": null, "addr:street": null, "alt_name": null, "brand:wikidata": null, "brand:wikipedia": null, "building": "apartments", "name": null, "operator": null, "shop": null, "amenity": null, "check_date": null, "denomination": null, "religion": null, "building:levels": null, "source": null, "addr:housenumber": null, "phone": null, "layer": null, "addr:unit": null, "healthcare": null, "addr:postcode": null, "operator:wikidata": null, "waste": null, "building:flats": null, "community_centre": null, "healthcare:speciality": null, "type": null, "bus": null, "internet_access": null, "public_transport": null, "wheelchair": null, "wikidata": null, "wikipedia": null, "network": null }, "geometry": { "type": "Polygon", "coordinates": [ [ [ 992634.996215049410239, 1004431.032791655627079 ], [ 992639.090347796329297, 1004428.809718120610341 ], [ 992644.772352402098477, 1004439.159624800086021 ], [ 992643.8181645112345, 1004439.679447584669106 ], [ 992652.174704316304997, 1004454.90575350204017 ], [ 992660.362968478351831, 1004450.459608389646746 ], [ 992653.382541268831119, 1004437.754433679394424 ], [ 992654.347825016709976, 1004437.234609975828789 ], [ 992645.980188032262959, 1004422.008304912829772 ], [ 992641.886054740403779, 1004424.231378077529371 ], [ 992634.81684154109098, 1004411.371399082709104 ], [ 992626.639669423107989, 1004415.80648757237941 ], [ 992634.996215049410239, 1004431.032791655627079 ] ] ] } },
{ "type": "Feature", "properties": { "element": "way", "id": 1114150810, "addr:city": null, "addr:street": null, "alt_name": null, "brand:wikidata": null, "brand:wikipedia": null, "building": "apartments", "name": null, "operator": null, "shop": null, "amenity": null, "check_date": null, "denomination": null, "religion": null, "building:levels": null, "source": null, "addr:housenumber": null, "phone": null, "layer": null, "addr:unit": null, "healthcare": null, "addr:postcode": null, "operator:wikidata": null, "waste": null, "building:flats": null, "community_centre": null, "healthcare:speciality": null, "type": null, "bus": null, "internet_access": null, "public_transport": null, "wheelchair": null, "wikidata": null, "wikipedia": null, "network": null }, "geometry": { "type": "Polygon", "coordinates": [ [ [ 992610.888761333539151, 1004351.924972823006101 ], [ 992608.336987289250828, 1004354.656578168971464 ], [ 992618.756831340841018, 1004364.265141103300266 ], [ 992620.887008154997602, 1004361.986960212001577 ], [ 992633.68156778998673, 1004373.950690528843552 ], [ 992641.22595400607679, 1004365.977050774265081 ], [ 992627.277331014396623, 1004352.929727696697228 ], [ 992624.625700596137904, 1004355.727690828265622 ], [ 992618.145201748004183, 1004349.756892114877701 ], [ 992620.696976289735176, 1004347.025287097785622 ], [ 992610.277130224509165, 1004337.416723919101059 ], [ 992603.276392114465125, 1004344.903756413958035 ], [ 992610.888761333539151, 1004351.924972823006101 ] ] ] } },
{ "type": "Feature", "properties": { "element": "way", "id": 1114150811, "addr:city": null, "addr:street": null, "alt_name": null, "brand:wikidata": null, "brand:wikipedia": null, "building": "apartments", "name": null, "operator": null, "shop": null, "amenity": null, "check_date": null, "denomination": null, "religion": null, "building:levels": null, "source": null, "addr:housenumber": null, "phone": null, "layer": null, "addr:unit": null, "healthcare": null, "addr:postcode": null, "operator:wikidata": null, "waste": null, "building:flats": null, "community_centre": null, "healthcare:speciality": null, "type": null, "bus": null, "internet_access": null, "public_transport": null, "wheelchair": null, "wikidata": null, "wikipedia": null, "network": null }, "geometry": { "type": "Polygon", "coordinates": [ [ [ 992639.375369168352336, 1004391.742737583466806 ], [ 992641.383503610733896, 1004389.586208414053544 ], [ 992630.963666710071266, 1004379.988700668443926 ], [ 992623.96293050411623, 1004387.475731429527514 ], [ 992632.374258277355693, 1004395.226713578682393 ], [ 992630.366123187355697, 1004397.372184826526791 ], [ 992640.785958924796432, 1004406.980750664020889 ], [ 992647.786694946000353, 1004399.493721360806376 ], [ 992639.375369168352336, 1004391.742737583466806 ] ] ] } },
{ "type": "Feature", "properties": { "element": "way", "id": 1114150812, "addr:city": null, "addr:street": null, "alt_name": null, "brand:wikidata": null, "brand:wikipedia": null, "building": "apartments", "name": null, "operator": null, "shop": null, "amenity": null, "check_date": null, "denomination": null, "religion": null, "building:levels": null, "source": null, "addr:housenumber": null, "phone": null, "layer": null, "addr:unit": null, "healthcare": null, "addr:postcode": null, "operator:wikidata": null, "waste": null, "building:flats": null, "community_centre": null, "healthcare:speciality": null, "type": null, "bus": null, "internet_access": null, "public_transport": null, "wheelchair": null, "wikidata": null, "wikipedia": null, "network": null }, "geometry": { "type": "Polygon", "coordinates": [ [ [ 992573.614150397363119, 1004428.495186521788128 ], [ 992612.155206140945666, 1004486.292562601156533 ], [ 992621.508359561790712, 1004480.132288998225704 ], [ 992582.967307805432938, 1004422.334908481803723 ], [ 992573.614150397363119, 1004428.495186521788128 ] ] ] } },
{ "type": "Feature", "properties": { "element": "way", "id": 1114150813, "addr:city": null, "addr:street": null, "alt_name": null, "brand:wikidata": null, "brand:wikipedia": null, "building": "apartments", "name": null, "operator": null, "shop": null, "amenity": null, "check_date": null, "denomination": null, "religion": null, "building:levels": null, "source": null, "addr:housenumber": null, "phone": null, "layer": null, "addr:unit": null, "healthcare": null, "addr:postcode": null, "operator:wikidata": null, "waste": null, "building:flats": null, "community_centre": null, "healthcare:speciality": null, "type": null, "bus": null, "internet_access": null, "public_transport": null, "wheelchair": null, "wikidata": null, "wikipedia": null, "network": null }, "geometry": { "type": "Polygon", "coordinates": [ [ [ 992564.969265395309776, 1004414.993989106384106 ], [ 992571.815960201551206, 1004421.351784555707127 ], [ 992591.231624401640147, 1004400.715425687143579 ], [ 992584.384929416002706, 1004394.357628578087315 ], [ 992564.969265395309776, 1004414.993989106384106 ] ] ] } },
{ "type": "Feature", "properties": { "element": "way", "id": 1114150814, "addr:city": null, "addr:street": null, "alt_name": null, "brand:wikidata": null, "brand:wikipedia": null, "building": "apartments", "name": null, "operator": null, "shop": null, "amenity": null, "check_date": null, "denomination": null, "religion": null, "building:levels": null, "source": null, "addr:housenumber": null, "phone": null, "layer": null, "addr:unit": null, "healthcare": null, "addr:postcode": null, "operator:wikidata": null, "waste": null, "building:flats": null, "community_centre": null, "healthcare:speciality": null, "type": null, "bus": null, "internet_access": null, "public_transport": null, "wheelchair": null, "wikidata": null, "wikipedia": null, "network": null }, "geometry": { "type": "Polygon", "coordinates": [ [ [ 992590.123642494902015, 1004417.65663203143049 ], [ 992628.664691185113043, 1004475.454015943105333 ], [ 992638.01784717082046, 1004469.293744357884862 ], [ 992599.476802468765527, 1004411.496356009272859 ], [ 992590.123642494902015, 1004417.65663203143049 ] ] ] } },
{ "type": "Feature", "properties": { "element": "way", "id": 1114150817, "addr:city": null, "addr:street": null, "alt_name": null, "brand:wikidata": null, "brand:wikipedia": null, "building": "apartments", "name": null, "operator": null, "shop": null, "amenity": null, "check_date": null, "denomination": null, "religion": null, "building:levels": null, "source": null, "addr:housenumber": null, "phone": null, "layer": null, "addr:unit": null, "healthcare": null, "addr:postcode": null, "operator:wikidata": null, "waste": null, "building:flats": null, "community_centre": null, "healthcare:speciality": null, "type": null, "bus": null, "internet_access": null, "public_transport": null, "wheelchair": null, "wikidata": null, "wikipedia": null, "network": null }, "geometry": { "type": "Polygon", "coordinates": [ [ [ 992373.64998140395619, 1004468.633330007549375 ], [ 992392.932381864753552, 1004447.466142191784456 ], [ 992397.715075660031289, 1004451.767304403474554 ], [ 992378.687850897898898, 1004472.658012308645993 ], [ 992386.255823806510307, 1004479.458048398373649 ], [ 992406.248279522988014, 1004457.516723787994124 ], [ 992404.406221312470734, 1004455.858177506597713 ], [ 992409.387696512858383, 1004450.406023167190142 ], [ 992393.696910037891939, 1004436.297325582592748 ], [ 992388.471355813904665, 1004442.037016707821749 ], [ 992386.074460010975599, 1004439.880907300626859 ], [ 992366.082006361102685, 1004461.833295118412934 ], [ 992373.64998140395619, 1004468.633330007549375 ] ] ] } },
{ "type": "Feature", "properties": { "element": "way", "id": 1114150819, "addr:city": null, "addr:street": null, "alt_name": null, "brand:wikidata": null, "brand:wikipedia": null, "building": "apartments", "name": null, "operator": null, "shop": null, "amenity": null, "check_date": null, "denomination": null, "religion": null, "building:levels": null, "source": null, "addr:housenumber": null, "phone": null, "layer": null, "addr:unit": null, "healthcare": null, "addr:postcode": null, "operator:wikidata": null, "waste": null, "building:flats": null, "community_centre": null, "healthcare:speciality": null, "type": null, "bus": null, "internet_access": null, "public_transport": null, "wheelchair": null, "wikidata": null, "wikipedia": null, "network": null }, "geometry": { "type": "Polygon", "coordinates": [ [ [ 992417.829557898337953, 1004429.438935616170056 ], [ 992442.681473944569007, 1004402.167119048535824 ], [ 992435.324336556135677, 1004395.555046082939953 ], [ 992410.48351667879615, 1004422.826863865251653 ], [ 992417.829557898337953, 1004429.438935616170056 ] ] ] } },
{ "type": "Feature", "properties": { "element": "way", "id": 1114150820, "addr:city": null, "addr:street": null, "alt_name": null, "brand:wikidata": null, "brand:wikipedia": null, "building": "apartments", "name": null, "operator": null, "shop": null, "amenity": null, "check_date": null, "denomination": null, "religion": null, "building:levels": null, "source": null, "addr:housenumber": null, "phone": null, "layer": null, "addr:unit": null, "healthcare": null, "addr:postcode": null, "operator:wikidata": null, "waste": null, "building:flats": null, "community_centre": null, "healthcare:speciality": null, "type": null, "bus": null, "internet_access": null, "public_transport": null, "wheelchair": null, "wikidata": null, "wikipedia": null, "network": null }, "geometry": { "type": "Polygon", "coordinates": [ [ [ 992430.191176222404465, 1004439.047286780667491 ], [ 992455.031997634097934, 1004411.77547513472382 ], [ 992447.674862187705003, 1004405.163401026278734 ], [ 992422.834041170077398, 1004432.435214956523851 ], [ 992430.191176222404465, 1004439.047286780667491 ] ] ] } },
{ "type": "Feature", "properties": { "element": "way", "id": 1114150821, "addr:city": null, "addr:street": null, "alt_name": null, "brand:wikidata": null, "brand:wikipedia": null, "building": "apartments", "name": null, "operator": null, "shop": null, "amenity": null, "check_date": null, "denomination": null, "religion": null, "building:levels": null, "source": null, "addr:housenumber": null, "phone": null, "layer": null, "addr:unit": null, "healthcare": null, "addr:postcode": null, "operator:wikidata": null, "waste": null, "building:flats": null, "community_centre": null, "healthcare:speciality": null, "type": null, "bus": null, "internet_access": null, "public_transport": null, "wheelchair": null, "wikidata": null, "wikipedia": null, "network": null }, "geometry": { "type": "Polygon", "coordinates": [ [ [ 992451.158712693606503, 1004402.829794657765888 ], [ 992476.010648684692569, 1004375.557989099412225 ], [ 992468.653511688462459, 1004368.945913066156209 ], [ 992443.812671870109625, 1004396.217719843727536 ], [ 992451.158712693606503, 1004402.829794657765888 ] ] ] } },
{ "type": "Feature", "properties": { "element": "way", "id": 1114150822, "addr:city": null, "addr:street": null, "alt_name": null, "brand:wikidata": null, "brand:wikipedia": null, "building": "apartments", "name": null, "operator": null, "shop": null, "amenity": null, "check_date": null, "denomination": null, "religion": null, "building:levels": null, "source": null, "addr:housenumber": null, "phone": null, "layer": null, "addr:unit": null, "healthcare": null, "addr:postcode": null, "operator:wikidata": null, "waste": null, "building:flats": null, "community_centre": null, "healthcare:speciality": null, "type": null, "bus": null, "internet_access": null, "public_transport": null, "wheelchair": null, "wikidata": null, "wikipedia": null, "network": null }, "geometry": { "type": "Polygon", "coordinates": [ [ [ 992462.810248934198171, 1004412.93583627557382 ], [ 992487.6621856627753, 1004385.664034340763465 ], [ 992480.305050594732165, 1004379.051957228686661 ], [ 992455.4642100360943, 1004406.323760384460911 ], [ 992462.810248934198171, 1004412.93583627557382 ] ] ] } },
{ "type": "Feature", "properties": { "element": "way", "id": 1114150823, "addr:city": null, "addr:street": null, "alt_name": null, "brand:wikidata": null, "brand:wikipedia": null, "building": "apartments", "name": null, "operator": null, "shop": null, "amenity": null, "check_date": null, "denomination": null, "religion": null, "building:levels": null, "source": null, "addr:housenumber": null, "phone": null, "layer": null, "addr:unit": null, "healthcare": null, "addr:postcode": null, "operator:wikidata": null, "waste": null, "building:flats": null, "community_centre": null, "healthcare:speciality": null, "type": null, "bus": null, "internet_access": null, "public_transport": null, "wheelchair": null, "wikidata": null, "wikipedia": null, "network": null }, "geometry": { "type": "Polygon", "coordinates": [ [ [ 992501.207139489008114, 1004354.24650754162576 ], [ 992518.836431837640703, 1004334.152151296497323 ], [ 992511.734542042366229, 1004328.004489767132327 ], [ 992493.650373490992934, 1004348.629682690720074 ], [ 992495.858616413315758, 1004350.531475625932217 ], [ 992490.189284143038094, 1004356.967866127728485 ], [ 992503.960293715703301, 1004368.931482415180653 ], [ 992509.396640024380758, 1004362.760510930209421 ], [ 992511.782430503284559, 1004364.828159810043871 ], [ 992529.866599962348118, 1004344.202970984624699 ], [ 992522.764711938099936, 1004338.055308469338343 ], [ 992505.379501473973505, 1004357.884244742803276 ], [ 992501.207139489008114, 1004354.24650754162576 ] ] ] } },
{ "type": "Feature", "properties": { "element": "way", "id": 1114150824, "addr:city": null, "addr:street": null, "alt_name": null, "brand:wikidata": null, "brand:wikipedia": null, "building": "apartments", "name": null, "operator": null, "shop": null, "amenity": null, "check_date": null, "denomination": null, "religion": null, "building:levels": null, "source": null, "addr:housenumber": null, "phone": null, "layer": null, "addr:unit": null, "healthcare": null, "addr:postcode": null, "operator:wikidata": null, "waste": null, "building:flats": null, "community_centre": null, "healthcare:speciality": null, "type": null, "bus": null, "internet_access": null, "public_transport": null, "wheelchair": null, "wikidata": null, "wikipedia": null, "network": null }, "geometry": { "type": "Polygon", "coordinates": [ [ [ 992526.891805034712888, 1004332.371021810220554 ], [ 992545.41976525564678, 1004311.192886723903939 ], [ 992550.402186127379537, 1004315.527213624678552 ], [ 992530.986651827231981, 1004337.645375463063829 ], [ 992538.04415293817874, 1004343.759868439869024 ], [ 992558.313970397342928, 1004320.657451226492412 ], [ 992556.028050323948264, 1004318.678256789920852 ], [ 992561.297986146295443, 1004312.706351714092307 ], [ 992547.526974675129168, 1004300.731667384388857 ], [ 992542.035148386028595, 1004306.968990251771174 ], [ 992539.039040157920681, 1004304.392722972552292 ], [ 992519.878691500518471, 1004326.322874566307291 ], [ 992526.891805034712888, 1004332.371021810220554 ] ] ] } },
{ "type": "Feature", "properties": { "element": "way", "id": 1114150827, "addr:city": null, "addr:street": null, "alt_name": null, "brand:wikidata": null, "brand:wikipedia": null, "building": "apartments", "name": null, "operator": null, "shop": null, "amenity": null, "check_date": null, "denomination": null, "religion": null, "building:levels": null, "source": null, "addr:housenumber": null, "phone": null, "layer": null, "addr:unit": null, "healthcare": null, "addr:postcode": null, "operator:wikidata": null, "waste": null, "building:flats": null, "community_centre": null, "healthcare:speciality": null, "type": null, "bus": null, "internet_access": null, "public_transport": null, "wheelchair": null, "wikidata": null, "wikipedia": null, "network": null }, "geometry": { "type": "Polygon", "coordinates": [ [ [ 991856.073278486379422, 1004435.798248377162963 ], [ 991894.467048850376159, 1004458.961131966207176 ], [ 991889.974019470391795, 1004466.315273019950837 ], [ 991852.3237140099518, 1004443.594641083735041 ], [ 991848.030377163900994, 1004450.617018998484127 ], [ 991887.467210193746723, 1004474.410106316674501 ], [ 991889.475205845665187, 1004471.125625026295893 ], [ 991894.09133467276115, 1004473.922864153748378 ], [ 991902.788954171352088, 1004459.70117160200607 ], [ 991897.418266747379676, 1004456.461683213012293 ], [ 991899.803456917637959, 1004452.568964437814429 ], [ 991860.36661687376909, 1004428.775870952522382 ], [ 991856.073278486379422, 1004435.798248377162963 ] ] ] } },
{ "type": "Feature", "properties": { "element": "way", "id": 1114150828, "addr:city": null, "addr:street": null, "alt_name": null, "brand:wikidata": null, "brand:wikipedia": null, "building": "apartments", "name": null, "operator": null, "shop": null, "amenity": null, "check_date": null, "denomination": null, "religion": null, "building:levels": null, "source": null, "addr:housenumber": null, "phone": null, "layer": null, "addr:unit": null, "healthcare": null, "addr:postcode": null, "operator:wikidata": null, "waste": null, "building:flats": null, "community_centre": null, "healthcare:speciality": null, "type": null, "bus": null, "internet_access": null, "public_transport": null, "wheelchair": null, "wikidata": null, "wikipedia": null, "network": null }, "geometry": { "type": "Polygon", "coordinates": [ [ [ 991763.264374317601323, 1004399.161162979668006 ], [ 991777.922789641772397, 1004407.663356151198968 ], [ 991781.472807076643221, 1004401.614170367247425 ], [ 991766.814392188913189, 1004393.123034697840922 ], [ 991763.264374317601323, 1004399.161162979668006 ] ] ] } },
{ "type": "Feature", "properties": { "element": "way", "id": 1114150829, "addr:city": null, "addr:street": null, "alt_name": null, "brand:wikidata": null, "brand:wikipedia": null, "building": "apartments", "name": null, "operator": null, "shop": null, "amenity": null, "check_date": null, "denomination": null, "religion": null, "building:levels": null, "source": null, "addr:housenumber": null, "phone": null, "layer": null, "addr:unit": null, "healthcare": null, "addr:postcode": null, "operator:wikidata": null, "waste": null, "building:flats": null, "community_centre": null, "healthcare:speciality": null, "type": null, "bus": null, "internet_access": null, "public_transport": null, "wheelchair": null, "wikidata": null, "wikipedia": null, "network": null }, "geometry": { "type": "Polygon", "coordinates": [ [ [ 991768.589386286330409, 1004389.960214515565895 ], [ 991783.247801559511572, 1004398.451350515475497 ], [ 991786.797819828731008, 1004392.402164999512024 ], [ 991772.139403829816729, 1004383.911028339294717 ], [ 991768.589386286330409, 1004389.960214515565895 ] ] ] } },
{ "type": "Feature", "properties": { "element": "way", "id": 1114150830, "addr:city": null, "addr:street": null, "alt_name": null, "brand:wikidata": null, "brand:wikipedia": null, "building": "apartments", "name": null, "operator": null, "shop": null, "amenity": null, "check_date": null, "denomination": null, "religion": null, "building:levels": null, "source": null, "addr:housenumber": null, "phone": null, "layer": null, "addr:unit": null, "healthcare": null, "addr:postcode": null, "operator:wikidata": null, "waste": null, "building:flats": null, "community_centre": null, "healthcare:speciality": null, "type": null, "bus": null, "internet_access": null, "public_transport": null, "wheelchair": null, "wikidata": null, "wikipedia": null, "network": null }, "geometry": { "type": "Polygon", "coordinates": [ [ [ 991782.461288122925907, 1004410.77022546401713 ], [ 991797.119698016555049, 1004419.261364008300006 ], [ 991800.669717527343892, 1004413.2232372504659 ], [ 991786.011305759311654, 1004404.721039883675985 ], [ 991782.461288122925907, 1004410.77022546401713 ] ] ] } },
{ "type": "Feature", "properties": { "element": "way", "id": 1114150831, "addr:city": null, "addr:street": null, "alt_name": null, "brand:wikidata": null, "brand:wikipedia": null, "building": "apartments", "name": null, "operator": null, "shop": null, "amenity": null, "check_date": null, "denomination": null, "religion": null, "building:levels": null, "source": null, "addr:housenumber": null, "phone": null, "layer": null, "addr:unit": null, "healthcare": null, "addr:postcode": null, "operator:wikidata": null, "waste": null, "building:flats": null, "community_centre": null, "healthcare:speciality": null, "type": null, "bus": null, "internet_access": null, "public_transport": null, "wheelchair": null, "wikidata": null, "wikipedia": null, "network": null }, "geometry": { "type": "Polygon", "coordinates": [ [ [ 991787.786300351028331, 1004401.558220133651048 ], [ 991802.44471250846982, 1004410.060417830594815 ], [ 991805.994731700280681, 1004404.011233178316616 ], [ 991791.336318821762688, 1004395.509034820948727 ], [ 991787.786300351028331, 1004401.558220133651048 ] ] ] } },
{ "type": "Feature", "properties": { "element": "way", "id": 1114150832, "addr:city": null, "addr:street": null, "alt_name": null, "brand:wikidata": null, "brand:wikipedia": null, "building": "apartments", "name": null, "operator": null, "shop": null, "amenity": null, "check_date": null, "denomination": null, "religion": null, "building:levels": null, "source": null, "addr:housenumber": null, "phone": null, "layer": null, "addr:unit": null, "healthcare": null, "addr:postcode": null, "operator:wikidata": null, "waste": null, "building:flats": null, "community_centre": null, "healthcare:speciality": null, "type": null, "bus": null, "internet_access": null, "public_transport": null, "wheelchair": null, "wikidata": null, "wikipedia": null, "network": null }, "geometry": { "type": "Polygon", "coordinates": [ [ [ 991807.23977886501234, 1004426.28224226878956 ], [ 991821.898184296907857, 1004434.784443538053893 ], [ 991825.448203822714277, 1004428.735259731649421 ], [ 991810.789798821089789, 1004420.244115964276716 ], [ 991807.23977886501234, 1004426.28224226878956 ] ] ] } },
{ "type": "Feature", "properties": { "element": "way", "id": 1114150833, "addr:city": null, "addr:street": null, "alt_name": null, "brand:wikidata": null, "brand:wikipedia": null, "building": "apartments", "name": null, "operator": null, "shop": null, "amenity": null, "check_date": null, "denomination": null, "religion": null, "building:levels": null, "source": null, "addr:housenumber": null, "phone": null, "layer": null, "addr:unit": null, "healthcare": null, "addr:postcode": null, "operator:wikidata": null, "waste": null, "building:flats": null, "community_centre": null, "healthcare:speciality": null, "type": null, "bus": null, "internet_access": null, "public_transport": null, "wheelchair": null, "wikidata": null, "wikipedia": null, "network": null }, "geometry": { "type": "Polygon", "coordinates": [ [ [ 991812.564794041099958, 1004417.081296771066263 ], [ 991827.223199429805391, 1004425.572440868825652 ], [ 991830.773219789844006, 1004419.523257330060005 ], [ 991816.114813678315841, 1004411.032112572109327 ], [ 991812.564794041099958, 1004417.081296771066263 ] ] ] } },
{ "type": "Feature", "properties": { "element": "way", "id": 1114150834, "addr:city": null, "addr:street": null, "alt_name": null, "brand:wikidata": null, "brand:wikipedia": null, "building": "apartments", "name": null, "operator": null, "shop": null, "amenity": null, "check_date": null, "denomination": null, "religion": null, "building:levels": null, "source": null, "addr:housenumber": null, "phone": null, "layer": null, "addr:unit": null, "healthcare": null, "addr:postcode": null, "operator:wikidata": null, "waste": null, "building:flats": null, "community_centre": null, "healthcare:speciality": null, "type": null, "bus": null, "internet_access": null, "public_transport": null, "wheelchair": null, "wikidata": null, "wikipedia": null, "network": null }, "geometry": { "type": "Polygon", "coordinates": [ [ [ 991833.115473781479523, 1004429.585941714583896 ], [ 991847.773875727667473, 1004438.0881477589719 ], [ 991851.323897071648389, 1004432.038965144660324 ], [ 991836.665494404383935, 1004423.536758439964615 ], [ 991833.115473781479523, 1004429.585941714583896 ] ] ] } },
{ "type": "Feature", "properties": { "element": "way", "id": 1114150835, "addr:city": null, "addr:street": null, "alt_name": null, "brand:wikidata": null, "brand:wikipedia": null, "building": "apartments", "name": null, "operator": null, "shop": null, "amenity": null, "check_date": null, "denomination": null, "religion": null, "building:levels": null, "source": null, "addr:housenumber": null, "phone": null, "layer": null, "addr:unit": null, "healthcare": null, "addr:postcode": null, "operator:wikidata": null, "waste": null, "building:flats": null, "community_centre": null, "healthcare:speciality": null, "type": null, "bus": null, "internet_access": null, "public_transport": null, "wheelchair": null, "wikidata": null, "wikipedia": null, "network": null }, "geometry": { "type": "Polygon", "coordinates": [ [ [ 991827.790458241361193, 1004438.797943987650797 ], [ 991842.44885793258436, 1004447.289090879494324 ], [ 991845.998879592167214, 1004441.250966159626842 ], [ 991831.340478032827377, 1004432.748760445276275 ], [ 991827.790458241361193, 1004438.797943987650797 ] ] ] } },
{ "type": "Feature", "properties": { "element": "way", "id": 1114150836, "addr:city": null, "addr:street": null, "alt_name": null, "brand:wikidata": null, "brand:wikipedia": null, "building": "gatehouse", "name": null, "operator": null, "shop": null, "amenity": null, "check_date": null, "denomination": null, "religion": null, "building:levels": null, "source": null, "addr:housenumber": null, "phone": null, "layer": null, "addr:unit": null, "healthcare": null, "addr:postcode": null, "operator:wikidata": null, "waste": null, "building:flats": null, "community_centre": null, "healthcare:speciality": null, "type": null, "bus": null, "internet_access": null, "public_transport": null, "wheelchair": null, "wikidata": null, "wikipedia": null, "network": null }, "geometry": { "type": "Polygon", "coordinates": [ [ [ 991961.256027295836248, 1004384.897766487905756 ], [ 991966.248352325404994, 1004377.289241120801307 ], [ 991961.510139771038666, 1004374.226614371291362 ], [ 991956.528911910601892, 1004381.846197064151056 ], [ 991961.256027295836248, 1004384.897766487905756 ] ] ] } },
{ "type": "Feature", "properties": { "element": "way", "id": 1114150839, "addr:city": null, "addr:street": null, "alt_name": null, "brand:wikidata": null, "brand:wikipedia": null, "building": "apartments", "name": null, "operator": null, "shop": null, "amenity": null, "check_date": null, "denomination": null, "religion": null, "building:levels": null, "source": null, "addr:housenumber": null, "phone": null, "layer": null, "addr:unit": null, "healthcare": null, "addr:postcode": null, "operator:wikidata": null, "waste": null, "building:flats": null, "community_centre": null, "healthcare:speciality": null, "type": null, "bus": null, "internet_access": null, "public_transport": null, "wheelchair": null, "wikidata": null, "wikipedia": null, "network": null }, "geometry": { "type": "Polygon", "coordinates": [ [ [ 991856.715546000632457, 1004316.182043150765821 ], [ 991872.317219322430901, 1004325.756797882728279 ], [ 991875.246022741892375, 1004321.056776560144499 ], [ 991859.644347717287019, 1004311.470963088097051 ], [ 991856.715546000632457, 1004316.182043150765821 ] ] ] } },
{ "type": "Feature", "properties": { "element": "way", "id": 1114150845, "addr:city": null, "addr:street": null, "alt_name": null, "brand:wikidata": null, "brand:wikipedia": null, "building": "apartments", "name": null, "operator": null, "shop": null, "amenity": null, "check_date": null, "denomination": null, "religion": null, "building:levels": null, "source": null, "addr:housenumber": null, "phone": null, "layer": null, "addr:unit": null, "healthcare": null, "addr:postcode": null, "operator:wikidata": null, "waste": null, "building:flats": null, "community_centre": null, "healthcare:speciality": null, "type": null, "bus": null, "internet_access": null, "public_transport": null, "wheelchair": null, "wikidata": null, "wikipedia": null, "network": null }, "geometry": { "type": "Polygon", "coordinates": [ [ [ 991795.937704877811484, 1004363.262953835655935 ], [ 991807.68896545516327, 1004371.168315032264218 ], [ 991812.13769713009242, 1004364.654594351770356 ], [ 991800.375340264406987, 1004356.749233651789837 ], [ 991795.937704877811484, 1004363.262953835655935 ] ] ] } },
{ "type": "Feature", "properties": { "element": "way", "id": 1114150846, "addr:city": null, "addr:street": null, "alt_name": null, "brand:wikidata": null, "brand:wikipedia": null, "building": "apartments", "name": null, "operator": null, "shop": null, "amenity": null, "check_date": null, "denomination": null, "religion": null, "building:levels": null, "source": null, "addr:housenumber": null, "phone": null, "layer": null, "addr:unit": null, "healthcare": null, "addr:postcode": null, "operator:wikidata": null, "waste": null, "building:flats": null, "community_centre": null, "healthcare:speciality": null, "type": null, "bus": null, "internet_access": null, "public_transport": null, "wheelchair": null, "wikidata": null, "wikipedia": null, "network": null }, "geometry": { "type": "Polygon", "coordinates": [ [ [ 991821.23777162481565, 1004379.372061416623183 ], [ 991834.775479164090939, 1004387.575811258866452 ], [ 991837.726458089542575, 1004382.76520446955692 ], [ 991824.188750047818758, 1004374.561454121489078 ], [ 991821.23777162481565, 1004379.372061416623183 ] ] ] } },
{ "type": "Feature", "properties": { "element": "way", "id": 1114150848, "addr:city": null, "addr:street": null, "alt_name": null, "brand:wikidata": null, "brand:wikipedia": null, "building": "apartments", "name": null, "operator": null, "shop": null, "amenity": null, "check_date": null, "denomination": null, "religion": null, "building:levels": null, "source": null, "addr:housenumber": null, "phone": null, "layer": null, "addr:unit": null, "healthcare": null, "addr:postcode": null, "operator:wikidata": null, "waste": null, "building:flats": null, "community_centre": null, "healthcare:speciality": null, "type": null, "bus": null, "internet_access": null, "public_transport": null, "wheelchair": null, "wikidata": null, "wikipedia": null, "network": null }, "geometry": { "type": "Polygon", "coordinates": [ [ [ 991904.48020058311522, 1004289.637525269994512 ], [ 991910.205987187917344, 1004293.098140898277052 ], [ 991911.936640241765417, 1004290.267073569120839 ], [ 991925.052683551795781, 1004298.183370002079755 ], [ 991923.233279746491462, 1004301.169260418508202 ], [ 991928.959064673632383, 1004304.629877395345829 ], [ 991932.1652126761619, 1004299.399038071627729 ], [ 991929.746179741574451, 1004297.939608843065798 ], [ 991932.830292468192056, 1004292.885712665040046 ], [ 991912.667981770238839, 1004280.723804879467934 ], [ 991909.672619152348489, 1004285.611820293823257 ], [ 991907.686347600771114, 1004284.406684952788055 ], [ 991904.48020058311522, 1004289.637525269994512 ] ] ] } },
{ "type": "Feature", "properties": { "element": "way", "id": 1114150849, "addr:city": null, "addr:street": null, "alt_name": null, "brand:wikidata": null, "brand:wikipedia": null, "building": "yes", "name": null, "operator": null, "shop": null, "amenity": "social_centre", "check_date": null, "denomination": null, "religion": null, "building:levels": null, "source": null, "addr:housenumber": null, "phone": null, "layer": null, "addr:unit": null, "healthcare": null, "addr:postcode": null, "operator:wikidata": null, "waste": null, "building:flats": null, "community_centre": null, "healthcare:speciality": null, "type": null, "bus": null, "internet_access": null, "public_transport": null, "wheelchair": null, "wikidata": null, "wikipedia": null, "network": null }, "geometry": { "type": "Polygon", "coordinates": [ [ [ 991895.628850537934341, 1004319.683462037239224 ], [ 991911.851905310992151, 1004329.479323755134828 ], [ 991916.167441619909368, 1004322.41271480883006 ], [ 991899.944387095049024, 1004312.627910366049036 ], [ 991895.628850537934341, 1004319.683462037239224 ] ] ] } },
{ "type": "Feature", "properties": { "element": "way", "id": 1114150850, "addr:city": null, "addr:street": null, "alt_name": null, "brand:wikidata": null, "brand:wikipedia": null, "building": "yes", "name": null, "operator": null, "shop": null, "amenity": "social_centre", "check_date": null, "denomination": null, "religion": null, "building:levels": null, "source": null, "addr:housenumber": null, "phone": null, "layer": null, "addr:unit": null, "healthcare": null, "addr:postcode": null, "operator:wikidata": null, "waste": null, "building:flats": null, "community_centre": null, "healthcare:speciality": null, "type": null, "bus": null, "internet_access": null, "public_transport": null, "wheelchair": null, "wikidata": null, "wikipedia": null, "network": null }, "geometry": { "type": "Polygon", "coordinates": [ [ [ 991865.131651248899288, 1004369.315640460001305 ], [ 991881.354699781397358, 1004379.111495911027305 ], [ 991885.670231725205667, 1004372.055943277664483 ], [ 991869.447182301897556, 1004362.260086939902976 ], [ 991865.131651248899288, 1004369.315640460001305 ] ] ] } },
{ "type": "Feature", "properties": { "element": "way", "id": 1114150851, "addr:city": null, "addr:street": null, "alt_name": null, "brand:wikidata": null, "brand:wikipedia": null, "building": "apartments", "name": null, "operator": null, "shop": null, "amenity": null, "check_date": null, "denomination": null, "religion": null, "building:levels": null, "source": null, "addr:housenumber": null, "phone": null, "layer": null, "addr:unit": null, "healthcare": null, "addr:postcode": null, "operator:wikidata": null, "waste": null, "building:flats": null, "community_centre": null, "healthcare:speciality": null, "type": null, "bus": null, "internet_access": null, "public_transport": null, "wheelchair": null, "wikidata": null, "wikipedia": null, "network": null }, "geometry": { "type": "Polygon", "coordinates": [ [ [ 991846.714568380033597, 1004387.839968704152852 ], [ 991843.785790988011286, 1004392.750096313422546 ], [ 991864.070118311210535, 1004404.723985128221102 ], [ 991867.109836010611616, 1004399.636916208080947 ], [ 991869.184873847058043, 1004400.864157671807334 ], [ 991872.346626193844713, 1004395.589087596978061 ], [ 991866.687432536040433, 1004392.250107622938231 ], [ 991865.045540496590547, 1004394.992701606126502 ], [ 991851.518957301625051, 1004387.021166860940866 ], [ 991853.04991068947129, 1004384.466572841396555 ], [ 991847.268654904677533, 1004381.061257918132469 ], [ 991844.129092896706425, 1004386.314210373675451 ], [ 991846.714568380033597, 1004387.839968704152852 ] ] ] } },
{ "type": "Feature", "properties": { "element": "way", "id": 1114150852, "addr:city": null, "addr:street": null, "alt_name": null, "brand:wikidata": null, "brand:wikipedia": null, "building": "apartments", "name": null, "operator": null, "shop": null, "amenity": null, "check_date": null, "denomination": null, "religion": null, "building:levels": null, "source": null, "addr:housenumber": null, "phone": null, "layer": null, "addr:unit": null, "healthcare": null, "addr:postcode": null, "operator:wikidata": null, "waste": null, "building:flats": null, "community_centre": null, "healthcare:speciality": null, "type": null, "bus": null, "internet_access": null, "public_transport": null, "wheelchair": null, "wikidata": null, "wikipedia": null, "network": null }, "geometry": { "type": "Polygon", "coordinates": [ [ [ 991902.768306871294044, 1004259.117175304330885 ], [ 991898.541518643614836, 1004266.028961434145458 ], [ 991923.086947787436657, 1004280.84437433630228 ], [ 991927.31373733386863, 1004273.932589520234615 ], [ 991902.768306871294044, 1004259.117175304330885 ] ] ] } },
{ "type": "Feature", "properties": { "element": "way", "id": 1114150853, "addr:city": null, "addr:street": null, "alt_name": null, "brand:wikidata": null, "brand:wikipedia": null, "building": "apartments", "name": null, "operator": null, "shop": null, "amenity": null, "check_date": null, "denomination": null, "religion": null, "building:levels": null, "source": null, "addr:housenumber": null, "phone": null, "layer": null, "addr:unit": null, "healthcare": null, "addr:postcode": null, "operator:wikidata": null, "waste": null, "building:flats": null, "community_centre": null, "healthcare:speciality": null, "type": null, "bus": null, "internet_access": null, "public_transport": null, "wheelchair": null, "wikidata": null, "wikipedia": null, "network": null }, "geometry": { "type": "Polygon", "coordinates": [ [ [ 991930.964539572829381, 1004276.707813565270044 ], [ 991926.759938049130142, 1004283.586421425570734 ], [ 991964.454683855059557, 1004306.340258880285546 ], [ 991968.659286266192794, 1004299.450594865949824 ], [ 991930.964539572829381, 1004276.707813565270044 ] ] ] } },
{ "type": "Feature", "properties": { "element": "way", "id": 1114150854, "addr:city": null, "addr:street": null, "alt_name": null, "brand:wikidata": null, "brand:wikipedia": null, "building": "apartments", "name": null, "operator": null, "shop": null, "amenity": null, "check_date": null, "denomination": null, "religion": null, "building:levels": null, "source": null, "addr:housenumber": null, "phone": null, "layer": null, "addr:unit": null, "healthcare": null, "addr:postcode": null, "operator:wikidata": null, "waste": null, "building:flats": null, "community_centre": null, "healthcare:speciality": null, "type": null, "bus": null, "internet_access": null, "public_transport": null, "wheelchair": null, "wikidata": null, "wikipedia": null, "network": null }, "geometry": { "type": "Polygon", "coordinates": [ [ [ 991916.680817114422098, 1004351.307638813741505 ], [ 991946.878768167109229, 1004304.594866531318985 ], [ 991939.166686186334118, 1004299.663716259296052 ], [ 991908.957641938934103, 1004346.3764926266158 ], [ 991916.680817114422098, 1004351.307638813741505 ] ] ] } },
{ "type": "Feature", "properties": { "element": "way", "id": 1114150855, "addr:city": null, "addr:street": null, "alt_name": null, "brand:wikidata": null, "brand:wikipedia": null, "building": "apartments", "name": null, "operator": null, "shop": null, "amenity": null, "check_date": null, "denomination": null, "religion": null, "building:levels": null, "source": null, "addr:housenumber": null, "phone": null, "layer": null, "addr:unit": null, "healthcare": null, "addr:postcode": null, "operator:wikidata": null, "waste": null, "building:flats": null, "community_centre": null, "healthcare:speciality": null, "type": null, "bus": null, "internet_access": null, "public_transport": null, "wheelchair": null, "wikidata": null, "wikipedia": null, "network": null }, "geometry": { "type": "Polygon", "coordinates": [ [ [ 991929.475153744220734, 1004360.020156649406999 ], [ 991959.684204683639109, 1004313.307388107059523 ], [ 991951.961029708967544, 1004308.38729589106515 ], [ 991921.763077160809189, 1004355.100066243321635 ], [ 991929.475153744220734, 1004360.020156649406999 ] ] ] } },
{ "type": "Feature", "properties": { "element": "way", "id": 1114150856, "addr:city": null, "addr:street": null, "alt_name": null, "brand:wikidata": null, "brand:wikipedia": null, "building": "apartments", "name": null, "operator": null, "shop": null, "amenity": null, "check_date": null, "denomination": null, "religion": null, "building:levels": null, "source": null, "addr:housenumber": null, "phone": null, "layer": null, "addr:unit": null, "healthcare": null, "addr:postcode": null, "operator:wikidata": null, "waste": null, "building:flats": null, "community_centre": null, "healthcare:speciality": null, "type": null, "bus": null, "internet_access": null, "public_transport": null, "wheelchair": null, "wikidata": null, "wikipedia": null, "network": null }, "geometry": { "type": "Polygon", "coordinates": [ [ [ 991866.446311165695079, 1004313.814589860616252 ], [ 991893.560035717324354, 1004271.182577868225053 ], [ 991886.114273623679765, 1004266.516801173915155 ], [ 991859.011646066093817, 1004309.137756410054862 ], [ 991866.446311165695079, 1004313.814589860616252 ] ] ] } },
{ "type": "Feature", "properties": { "element": "way", "id": 1114150857, "addr:city": null, "addr:street": null, "alt_name": null, "brand:wikidata": null, "brand:wikipedia": null, "building": "apartments", "name": null, "operator": null, "shop": null, "amenity": null, "check_date": null, "denomination": null, "religion": null, "building:levels": null, "source": null, "addr:housenumber": null, "phone": null, "layer": null, "addr:unit": null, "healthcare": null, "addr:postcode": null, "operator:wikidata": null, "waste": null, "building:flats": null, "community_centre": null, "healthcare:speciality": null, "type": null, "bus": null, "internet_access": null, "public_transport": null, "wheelchair": null, "wikidata": null, "wikipedia": null, "network": null }, "geometry": { "type": "Polygon", "coordinates": [ [ [ 991880.2834961283952, 1004320.901442194939591 ], [ 991907.397226736065932, 1004278.280493135331199 ], [ 991899.962560806772672, 1004273.603655842831358 ], [ 991872.848833676194772, 1004316.23566561343614 ], [ 991880.2834961283952, 1004320.901442194939591 ] ] ] } },
{ "type": "Feature", "properties": { "element": "way", "id": 1114150858, "addr:city": null, "addr:street": null, "alt_name": null, "brand:wikidata": null, "brand:wikipedia": null, "building": "apartments", "name": null, "operator": null, "shop": null, "amenity": null, "check_date": null, "denomination": null, "religion": null, "building:levels": null, "source": null, "addr:housenumber": null, "phone": null, "layer": null, "addr:unit": null, "healthcare": null, "addr:postcode": null, "operator:wikidata": null, "waste": null, "building:flats": null, "community_centre": null, "healthcare:speciality": null, "type": null, "bus": null, "internet_access": null, "public_transport": null, "wheelchair": null, "wikidata": null, "wikipedia": null, "network": null }, "geometry": { "type": "Polygon", "coordinates": [ [ [ 991828.505087039317004, 1004375.301902468199842 ], [ 991855.618770656175911, 1004332.680934230214916 ], [ 991848.173010869766586, 1004328.004102948238142 ], [ 991821.070426528924145, 1004370.636130748782307 ], [ 991828.505087039317004, 1004375.301902468199842 ] ] ] } },
{ "type": "Feature", "properties": { "element": "way", "id": 1114150859, "addr:city": null, "addr:street": null, "alt_name": null, "brand:wikidata": null, "brand:wikipedia": null, "building": "apartments", "name": null, "operator": null, "shop": null, "amenity": null, "check_date": null, "denomination": null, "religion": null, "building:levels": null, "source": null, "addr:housenumber": null, "phone": null, "layer": null, "addr:unit": null, "healthcare": null, "addr:postcode": null, "operator:wikidata": null, "waste": null, "building:flats": null, "community_centre": null, "healthcare:speciality": null, "type": null, "bus": null, "internet_access": null, "public_transport": null, "wheelchair": null, "wikidata": null, "wikipedia": null, "network": null }, "geometry": { "type": "Polygon", "coordinates": [ [ [ 991841.532346045481972, 1004383.096554496325552 ], [ 991868.646033894503489, 1004340.475590732879937 ], [ 991861.200275633949786, 1004335.798758232500404 ], [ 991834.086591273429804, 1004378.430782711831853 ], [ 991841.532346045481972, 1004383.096554496325552 ] ] ] } },
{ "type": "Feature", "properties": { "element": "way", "id": 1114150860, "addr:city": null, "addr:street": null, "alt_name": null, "brand:wikidata": null, "brand:wikipedia": null, "building": "apartments", "name": null, "operator": null, "shop": null, "amenity": null, "check_date": null, "denomination": null, "religion": null, "building:levels": null, "source": null, "addr:housenumber": null, "phone": null, "layer": null, "addr:unit": null, "healthcare": null, "addr:postcode": null, "operator:wikidata": null, "waste": null, "building:flats": null, "community_centre": null, "healthcare:speciality": null, "type": null, "bus": null, "internet_access": null, "public_transport": null, "wheelchair": null, "wikidata": null, "wikipedia": null, "network": null }, "geometry": { "type": "Polygon", "coordinates": [ [ [ 991880.082314843428321, 1004414.276582535589114 ], [ 991910.280219617066905, 1004367.563794729765505 ], [ 991902.568142535281368, 1004362.643706189002842 ], [ 991872.359144581481814, 1004409.35649808566086 ], [ 991880.082314843428321, 1004414.276582535589114 ] ] ] } },
{ "type": "Feature", "properties": { "element": "way", "id": 1114150861, "addr:city": null, "addr:street": null, "alt_name": null, "brand:wikidata": null, "brand:wikipedia": null, "building": "apartments", "name": null, "operator": null, "shop": null, "amenity": null, "check_date": null, "denomination": null, "religion": null, "building:levels": null, "source": null, "addr:housenumber": null, "phone": null, "layer": null, "addr:unit": null, "healthcare": null, "addr:postcode": null, "operator:wikidata": null, "waste": null, "building:flats": null, "community_centre": null, "healthcare:speciality": null, "type": null, "bus": null, "internet_access": null, "public_transport": null, "wheelchair": null, "wikidata": null, "wikipedia": null, "network": null }, "geometry": { "type": "Polygon", "coordinates": [ [ [ 991891.323059987276793, 1004421.2752394877607 ], [ 991921.532064398517832, 1004374.562454837141559 ], [ 991913.808891794644296, 1004369.631308185285889 ], [ 991883.610985760227777, 1004416.344094640226103 ], [ 991891.323059987276793, 1004421.2752394877607 ] ] ] } },
{ "type": "Feature", "properties": { "element": "way", "id": 1114150862, "addr:city": null, "addr:street": null, "alt_name": null, "brand:wikidata": null, "brand:wikipedia": null, "building": "apartments", "name": null, "operator": null, "shop": null, "amenity": null, "check_date": null, "denomination": null, "religion": null, "building:levels": null, "source": null, "addr:housenumber": null, "phone": null, "layer": null, "addr:unit": null, "healthcare": null, "addr:postcode": null, "operator:wikidata": null, "waste": null, "building:flats": null, "community_centre": null, "healthcare:speciality": null, "type": null, "bus": null, "internet_access": null, "public_transport": null, "wheelchair": null, "wikidata": null, "wikipedia": null, "network": null }, "geometry": { "type": "Polygon", "coordinates": [ [ [ 991848.769788584322669, 1004411.968665443477221 ], [ 991887.463178002391942, 1004435.319503397098742 ], [ 991891.978395960875787, 1004427.921127346926369 ], [ 991853.285004312871024, 1004404.570287179783918 ], [ 991848.769788584322669, 1004411.968665443477221 ] ] ] } },
{ "type": "Feature", "properties": { "element": "way", "id": 1114150863, "addr:city": null, "addr:street": null, "alt_name": null, "brand:wikidata": null, "brand:wikipedia": null, "building": "apartments", "name": null, "operator": null, "shop": null, "amenity": null, "check_date": null, "denomination": null, "religion": null, "building:levels": null, "source": null, "addr:housenumber": null, "phone": null, "layer": null, "addr:unit": null, "healthcare": null, "addr:postcode": null, "operator:wikidata": null, "waste": null, "building:flats": null, "community_centre": null, "healthcare:speciality": null, "type": null, "bus": null, "internet_access": null, "public_transport": null, "wheelchair": null, "wikidata": null, "wikipedia": null, "network": null }, "geometry": { "type": "Polygon", "coordinates": [ [ [ 991784.632157048792578, 1004373.393410311779007 ], [ 991844.153653356828727, 1004409.160370775032789 ], [ 991848.535740087507293, 1004401.961052962229587 ], [ 991789.01424043031875, 1004366.194089193711989 ], [ 991784.632157048792578, 1004373.393410311779007 ] ] ] } },
{ "type": "Feature", "properties": { "element": "way", "id": 1114150879, "addr:city": null, "addr:street": null, "alt_name": null, "brand:wikidata": null, "brand:wikipedia": null, "building": "gatehouse", "name": null, "operator": null, "shop": null, "amenity": null, "check_date": null, "denomination": null, "religion": null, "building:levels": null, "source": null, "addr:housenumber": null, "phone": null, "layer": null, "addr:unit": null, "healthcare": null, "addr:postcode": null, "operator:wikidata": null, "waste": null, "building:flats": null, "community_centre": null, "healthcare:speciality": null, "type": null, "bus": null, "internet_access": null, "public_transport": null, "wheelchair": null, "wikidata": null, "wikipedia": null, "network": null }, "geometry": { "type": "Polygon", "coordinates": [ [ [ 992080.756040009553544, 1004369.371043998631649 ], [ 992086.659352123737335, 1004372.898003424634226 ], [ 992087.735464069759473, 1004371.117531170602888 ], [ 992092.839831522316672, 1004374.169070478063077 ], [ 992097.044435795280151, 1004367.224122517625801 ], [ 992090.985772737185471, 1004363.597654484328814 ], [ 992090.220292552490719, 1004364.880478184903041 ], [ 992085.271274295402691, 1004361.917388704721816 ], [ 992080.756040009553544, 1004369.371043998631649 ] ] ] } },
{ "type": "Feature", "properties": { "element": "way", "id": 1114150880, "addr:city": null, "addr:street": null, "alt_name": null, "brand:wikidata": null, "brand:wikipedia": null, "building": "apartments", "name": null, "operator": null, "shop": null, "amenity": null, "check_date": null, "denomination": null, "religion": null, "building:levels": null, "source": null, "addr:housenumber": null, "phone": null, "layer": null, "addr:unit": null, "healthcare": null, "addr:postcode": null, "operator:wikidata": null, "waste": null, "building:flats": null, "community_centre": null, "healthcare:speciality": null, "type": null, "bus": null, "internet_access": null, "public_transport": null, "wheelchair": null, "wikidata": null, "wikipedia": null, "network": null }, "geometry": { "type": "Polygon", "coordinates": [ [ [ 992101.529010408325121, 1004385.923023178242147 ], [ 992109.196656076586805, 1004390.511390636209399 ], [ 992111.393255897099152, 1004386.873035172349773 ], [ 992124.831052474561147, 1004394.910972052370198 ], [ 992123.000550997094251, 1004397.930033434298821 ], [ 992130.657098443130963, 1004402.518404072267003 ], [ 992134.3846666313475, 1004396.380751600721851 ], [ 992129.313591816229746, 1004393.35132261866238 ], [ 992131.443629956222139, 1004389.834614161867648 ], [ 992112.457610432174988, 1004378.490842027822509 ], [ 992109.961471893824637, 1004382.604728439007886 ], [ 992105.245481370482594, 1004379.785370443249121 ], [ 992101.529010408325121, 1004385.923023178242147 ] ] ] } },
{ "type": "Feature", "properties": { "element": "way", "id": 1114150881, "addr:city": null, "addr:street": null, "alt_name": null, "brand:wikidata": null, "brand:wikipedia": null, "building": "apartments", "name": null, "operator": null, "shop": null, "amenity": null, "check_date": null, "denomination": null, "religion": null, "building:levels": null, "source": null, "addr:housenumber": null, "phone": null, "layer": null, "addr:unit": null, "healthcare": null, "addr:postcode": null, "operator:wikidata": null, "waste": null, "building:flats": null, "community_centre": null, "healthcare:speciality": null, "type": null, "bus": null, "internet_access": null, "public_transport": null, "wheelchair": null, "wikidata": null, "wikipedia": null, "network": null }, "geometry": { "type": "Polygon", "coordinates": [ [ [ 992103.783861964591779, 1004409.907949194079265 ], [ 992107.656521683442406, 1004412.229774442268535 ], [ 992099.036531651159748, 1004426.462493866798468 ], [ 992094.187386232777499, 1004423.56574278161861 ], [ 992090.09372303658165, 1004430.311632977798581 ], [ 992098.28289652406238, 1004435.198517284006812 ], [ 992101.766393530648202, 1004429.458981492556632 ], [ 992106.460188571363688, 1004432.267283337307163 ], [ 992116.355983082670718, 1004415.933386129443534 ], [ 992112.638673570472747, 1004413.700010171276517 ], [ 992116.055607894435525, 1004408.06000520370435 ], [ 992107.86643163242843, 1004403.162060893024318 ], [ 992103.783861964591779, 1004409.907949194079265 ] ] ] } },
{ "type": "Feature", "properties": { "element": "way", "id": 1114150882, "addr:city": null, "addr:street": null, "alt_name": null, "brand:wikidata": null, "brand:wikipedia": null, "building": "apartments", "name": null, "operator": null, "shop": null, "amenity": null, "check_date": null, "denomination": null, "religion": null, "building:levels": null, "source": null, "addr:housenumber": null, "phone": null, "layer": null, "addr:unit": null, "healthcare": null, "addr:postcode": null, "operator:wikidata": null, "waste": null, "building:flats": null, "community_centre": null, "healthcare:speciality": null, "type": null, "bus": null, "internet_access": null, "public_transport": null, "wheelchair": null, "wikidata": null, "wikipedia": null, "network": null }, "geometry": { "type": "Polygon", "coordinates": [ [ [ 992080.846339281531982, 1004384.598123350529931 ], [ 992078.394024425651878, 1004383.138692954089493 ], [ 992068.498233490041457, 1004399.472594859194942 ], [ 992071.56085382134188, 1004401.307940923026763 ], [ 992067.977514666737989, 1004407.235476842848584 ], [ 992076.166691942722537, 1004412.122358875581995 ], [ 992080.249259146279655, 1004405.376469099312089 ], [ 992077.020193577394821, 1004403.452674173633568 ], [ 992085.950815176009201, 1004388.733362034196034 ], [ 992088.547383770230226, 1004390.281243446515873 ], [ 992092.64104897051584, 1004383.535353268729523 ], [ 992084.451869796146639, 1004378.648469526087865 ], [ 992080.846339281531982, 1004384.598123350529931 ] ] ] } },
{ "type": "Feature", "properties": { "element": "way", "id": 1114150883, "addr:city": null, "addr:street": null, "alt_name": null, "brand:wikidata": null, "brand:wikipedia": null, "building": "apartments", "name": null, "operator": null, "shop": null, "amenity": null, "check_date": null, "denomination": null, "religion": null, "building:levels": null, "source": null, "addr:housenumber": null, "phone": null, "layer": null, "addr:unit": null, "healthcare": null, "addr:postcode": null, "operator:wikidata": null, "waste": null, "building:flats": null, "community_centre": null, "healthcare:speciality": null, "type": null, "bus": null, "internet_access": null, "public_transport": null, "wheelchair": null, "wikidata": null, "wikipedia": null, "network": null }, "geometry": { "type": "Polygon", "coordinates": [ [ [ 992055.318537672515959, 1004420.174803649657406 ], [ 992053.110821020207368, 1004423.569882330135442 ], [ 992072.185697261360474, 1004435.831458700238727 ], [ 992074.315756206284277, 1004432.558028156403452 ], [ 992079.974942397559062, 1004435.941255567246117 ], [ 992084.146261507412419, 1004429.062659060582519 ], [ 992074.769765966571867, 1004423.45711532921996 ], [ 992072.539886002894491, 1004427.139707893016748 ], [ 992061.077205845853314, 1004419.776128362980671 ], [ 992063.528964224737138, 1004415.728593751671724 ], [ 992054.152464485960081, 1004410.11199428816326 ], [ 992049.992242720909417, 1004416.990591255482286 ], [ 992055.318537672515959, 1004420.174803649657406 ] ] ] } },
{ "type": "Feature", "properties": { "element": "way", "id": 1114150884, "addr:city": null, "addr:street": null, "alt_name": null, "brand:wikidata": null, "brand:wikipedia": null, "building": "apartments", "name": null, "operator": null, "shop": null, "amenity": null, "check_date": null, "denomination": null, "religion": null, "building:levels": null, "source": null, "addr:housenumber": null, "phone": null, "layer": null, "addr:unit": null, "healthcare": null, "addr:postcode": null, "operator:wikidata": null, "waste": null, "building:flats": null, "community_centre": null, "healthcare:speciality": null, "type": null, "bus": null, "internet_access": null, "public_transport": null, "wheelchair": null, "wikidata": null, "wikipedia": null, "network": null }, "geometry": { "type": "Polygon", "coordinates": [ [ [ 991961.114630149677396, 1004412.76434884138871 ], [ 991968.782304213149473, 1004417.57386596489232 ], [ 991971.211887848679908, 1004413.736435745144263 ], [ 991984.971523951855488, 1004422.282991532003507 ], [ 991983.052263360237703, 1004425.313123492524028 ], [ 991990.708839060273021, 1004430.122643859824166 ], [ 991994.691585576045327, 1004423.863318769377656 ], [ 991989.409657947951928, 1004420.546407982357778 ], [ 991991.450952187762596, 1004417.317216847441159 ], [ 991972.176363923354074, 1004405.343192439409904 ], [ 991969.646936029777862, 1004409.357563400175422 ], [ 991965.097375234705396, 1004406.505022257217206 ], [ 991961.114630149677396, 1004412.76434884138871 ] ] ] } },
{ "type": "Feature", "properties": { "element": "way", "id": 1114150885, "addr:city": null, "addr:street": null, "alt_name": null, "brand:wikidata": null, "brand:wikipedia": null, "building": "apartments", "name": null, "operator": null, "shop": null, "amenity": null, "check_date": null, "denomination": null, "religion": null, "building:levels": null, "source": null, "addr:housenumber": null, "phone": null, "layer": null, "addr:unit": null, "healthcare": null, "addr:postcode": null, "operator:wikidata": null, "waste": null, "building:flats": null, "community_centre": null, "healthcare:speciality": null, "type": null, "bus": null, "internet_access": null, "public_transport": null, "wheelchair": null, "wikidata": null, "wikipedia": null, "network": null }, "geometry": { "type": "Polygon", "coordinates": [ [ [ 992015.787782476982102, 1004345.337168150465004 ], [ 992013.346560957608745, 1004343.87773863307666 ], [ 992003.439682548982091, 1004360.211649818229489 ], [ 992006.513401737203822, 1004362.046992250252515 ], [ 992002.930065601714887, 1004367.974531121901236 ], [ 992011.108156414702535, 1004372.872465748339891 ], [ 992015.201815965934657, 1004366.126571481581777 ], [ 992011.972746043931693, 1004364.191721034119837 ], [ 992020.892264371272177, 1004349.472402663435787 ], [ 992023.499932472594082, 1004351.031338988919742 ], [ 992027.582498454721645, 1004344.285446563502774 ], [ 992019.404405751731247, 1004339.387510229949839 ], [ 992015.787782476982102, 1004345.337168150465004 ] ] ] } },
{ "type": "Feature", "properties": { "element": "way", "id": 1114150886, "addr:city": null, "addr:street": null, "alt_name": null, "brand:wikidata": null, "brand:wikipedia": null, "building": "apartments", "name": null, "operator": null, "shop": null, "amenity": null, "check_date": null, "denomination": null, "religion": null, "building:levels": null, "source": null, "addr:housenumber": null, "phone": null, "layer": null, "addr:unit": null, "healthcare": null, "addr:postcode": null, "operator:wikidata": null, "waste": null, "building:flats": null, "community_centre": null, "healthcare:speciality": null, "type": null, "bus": null, "internet_access": null, "public_transport": null, "wheelchair": null, "wikidata": null, "wikipedia": null, "network": null }, "geometry": { "type": "Polygon", "coordinates": [ [ [ 992033.951626310124993, 1004345.722362335305661 ], [ 992041.608184116194025, 1004350.310724402894266 ], [ 992043.815877777407877, 1004346.672365935868584 ], [ 992057.253688245546073, 1004354.710291401250288 ], [ 992055.412092592101544, 1004357.729355470859446 ], [ 992063.079743742709979, 1004362.317718484206125 ], [ 992066.796212877030484, 1004356.180063940351829 ], [ 992061.736228608991951, 1004353.150638147257268 ], [ 992063.85516908718273, 1004349.63392898614984 ], [ 992044.880225736647844, 1004338.290171860251576 ], [ 992042.384089390630834, 1004342.404060408473015 ], [ 992037.668093996122479, 1004339.584706418565474 ], [ 992033.951626310124993, 1004345.722362335305661 ] ] ] } },
{ "type": "Feature", "properties": { "element": "way", "id": 1114150887, "addr:city": null, "addr:street": null, "alt_name": null, "brand:wikidata": null, "brand:wikipedia": null, "building": "apartments", "name": null, "operator": null, "shop": null, "amenity": null, "check_date": null, "denomination": null, "religion": null, "building:levels": null, "source": null, "addr:housenumber": null, "phone": null, "layer": null, "addr:unit": null, "healthcare": null, "addr:postcode": null, "operator:wikidata": null, "waste": null, "building:flats": null, "community_centre": null, "healthcare:speciality": null, "type": null, "bus": null, "internet_access": null, "public_transport": null, "wheelchair": null, "wikidata": null, "wikipedia": null, "network": null }, "geometry": { "type": "Polygon", "coordinates": [ [ [ 992037.859726555645466, 1004369.264792680623941 ], [ 992041.732390252989717, 1004371.586614720174111 ], [ 992033.112407468259335, 1004385.819341336959042 ], [ 992028.252161292824894, 1004382.92259539430961 ], [ 992024.169597311178222, 1004389.66848788165953 ], [ 992032.358779193251394, 1004394.555365402135067 ], [ 992035.842273281188682, 1004388.815826704143547 ], [ 992040.536073139403015, 1004391.62412465934176 ], [ 992050.431859334697947, 1004375.290219194605015 ], [ 992046.714545999537222, 1004373.056846317020245 ], [ 992050.131477453513071, 1004367.416838498436846 ], [ 992041.942292786785401, 1004362.518900973489508 ], [ 992037.859726555645466, 1004369.264792680623941 ] ] ] } },
{ "type": "Feature", "properties": { "element": "way", "id": 1114150888, "addr:city": null, "addr:street": null, "alt_name": null, "brand:wikidata": null, "brand:wikipedia": null, "building": "apartments", "name": null, "operator": null, "shop": null, "amenity": null, "check_date": null, "denomination": null, "religion": null, "building:levels": null, "source": null, "addr:housenumber": null, "phone": null, "layer": null, "addr:unit": null, "healthcare": null, "addr:postcode": null, "operator:wikidata": null, "waste": null, "building:flats": null, "community_centre": null, "healthcare:speciality": null, "type": null, "bus": null, "internet_access": null, "public_transport": null, "wheelchair": null, "wikidata": null, "wikipedia": null, "network": null }, "geometry": { "type": "Polygon", "coordinates": [ [ [ 991990.625910063274205, 1004378.481036621960811 ], [ 991988.418193848570809, 1004381.865058945608325 ], [ 992007.493090432835743, 1004394.126619809539989 ], [ 992009.623148992774077, 1004390.864245685865171 ], [ 992015.282341009587981, 1004394.247468495741487 ], [ 992019.44256100198254, 1004387.368869703961536 ], [ 992010.066055806004442, 1004381.76333359698765 ], [ 992007.836176506825723, 1004385.434869823046029 ], [ 991996.384579911944456, 1004378.071298483759165 ], [ 991998.836336328531615, 1004374.02376186742913 ], [ 991989.459828049875796, 1004368.418228188529611 ], [ 991985.288513842737302, 1004375.296829688246362 ], [ 991990.625910063274205, 1004378.481036621960811 ] ] ] } },
{ "type": "Feature", "properties": { "element": "way", "id": 1114150889, "addr:city": null, "addr:street": null, "alt_name": null, "brand:wikidata": null, "brand:wikipedia": null, "building": "apartments", "name": null, "operator": null, "shop": null, "amenity": null, "check_date": null, "denomination": null, "religion": null, "building:levels": null, "source": null, "addr:housenumber": null, "phone": null, "layer": null, "addr:unit": null, "healthcare": null, "addr:postcode": null, "operator:wikidata": null, "waste": null, "building:flats": null, "community_centre": null, "healthcare:speciality": null, "type": null, "bus": null, "internet_access": null, "public_transport": null, "wheelchair": null, "wikidata": null, "wikipedia": null, "network": null }, "geometry": { "type": "Polygon", "coordinates": [ [ [ 992058.630173026351258, 1004470.621803269954398 ], [ 992066.009345388738438, 1004475.431358894566074 ], [ 992069.858988613821566, 1004469.592261173180304 ], [ 992066.019600012921728, 1004467.093503832700662 ], [ 992068.038723547244444, 1004464.052305664867163 ], [ 992047.432520493166521, 1004450.64083630440291 ], [ 992044.958542307489552, 1004454.389803361496888 ], [ 992041.085861484520137, 1004451.857876105583273 ], [ 992037.236219483660534, 1004457.696975228725933 ], [ 992044.615393268642947, 1004462.495470707304776 ], [ 992047.056088335462846, 1004458.790739640593529 ], [ 992060.616012223414145, 1004467.613782749511302 ], [ 992058.630173026351258, 1004470.621803269954398 ] ] ] } },
{ "type": "Feature", "properties": { "element": "way", "id": 1114150890, "addr:city": null, "addr:street": null, "alt_name": null, "brand:wikidata": null, "brand:wikipedia": null, "building": "apartments", "name": null, "operator": null, "shop": null, "amenity": null, "check_date": null, "denomination": null, "religion": null, "building:levels": null, "source": null, "addr:housenumber": null, "phone": null, "layer": null, "addr:unit": null, "healthcare": null, "addr:postcode": null, "operator:wikidata": null, "waste": null, "building:flats": null, "community_centre": null, "healthcare:speciality": null, "type": null, "bus": null, "internet_access": null, "public_transport": null, "wheelchair": null, "wikidata": null, "wikipedia": null, "network": null }, "geometry": { "type": "Polygon", "coordinates": [ [ [ 992042.564340476877987, 1004478.950223096762784 ], [ 992043.90701689303387, 1004479.823682043934241 ], [ 992034.610188433201984, 1004493.901663279510103 ], [ 992033.10106332146097, 1004492.906581570510752 ], [ 992029.395642026793212, 1004498.480270680505782 ], [ 992036.386439443565905, 1004503.068699671886861 ], [ 992039.559343699133024, 1004498.280194291030057 ], [ 992040.435967428493313, 1004498.855129982461222 ], [ 992050.631414932315238, 1004483.405846509383991 ], [ 992049.943431466235779, 1004482.952531416201964 ], [ 992053.260561137343757, 1004477.9539069829043 ], [ 992046.269763637217693, 1004473.376534663606435 ], [ 992042.564340476877987, 1004478.950223096762784 ] ] ] } },
{ "type": "Feature", "properties": { "element": "way", "id": 1114150891, "addr:city": null, "addr:street": null, "alt_name": null, "brand:wikidata": null, "brand:wikipedia": null, "building": "apartments", "name": null, "operator": null, "shop": null, "amenity": null, "check_date": null, "denomination": null, "religion": null, "building:levels": null, "source": null, "addr:housenumber": null, "phone": null, "layer": null, "addr:unit": null, "healthcare": null, "addr:postcode": null, "operator:wikidata": null, "waste": null, "building:flats": null, "community_centre": null, "healthcare:speciality": null, "type": null, "bus": null, "internet_access": null, "public_transport": null, "wheelchair": null, "wikidata": null, "wikipedia": null, "network": null }, "geometry": { "type": "Polygon", "coordinates": [ [ [ 991992.973918536561541, 1004445.261036882991903 ], [ 991994.305500312591903, 1004446.134496123064309 ], [ 991985.019772333907895, 1004460.212482046335936 ], [ 991983.499550168518908, 1004459.217402408597991 ], [ 991979.794130726251751, 1004464.791093837935477 ], [ 991986.784934072638862, 1004469.37951847165823 ], [ 991989.968932500225492, 1004464.591009975061752 ], [ 991990.834461203077808, 1004465.165946250432171 ], [ 992001.029903533635661, 1004449.716656396514736 ], [ 992000.34192060935311, 1004449.274399893824011 ], [ 992003.67014326271601, 1004444.264714094693772 ], [ 991996.679339843802154, 1004439.68734613165725 ], [ 991992.973918536561541, 1004445.261036882991903 ] ] ] } },
{ "type": "Feature", "properties": { "element": "way", "id": 1114150892, "addr:city": null, "addr:street": null, "alt_name": null, "brand:wikidata": null, "brand:wikipedia": null, "building": "apartments", "name": null, "operator": null, "shop": null, "amenity": null, "check_date": null, "denomination": null, "religion": null, "building:levels": null, "source": null, "addr:housenumber": null, "phone": null, "layer": null, "addr:unit": null, "healthcare": null, "addr:postcode": null, "operator:wikidata": null, "waste": null, "building:flats": null, "community_centre": null, "healthcare:speciality": null, "type": null, "bus": null, "internet_access": null, "public_transport": null, "wheelchair": null, "wikidata": null, "wikipedia": null, "network": null }, "geometry": { "type": "Polygon", "coordinates": [ [ [ 992020.481496136169881, 1004456.637089821975678 ], [ 992018.417546732118353, 1004455.299261665088125 ], [ 992006.680048212758265, 1004473.292083213571459 ], [ 992009.520750663010404, 1004475.116391267743893 ], [ 992006.392249443102628, 1004480.092882086755708 ], [ 992015.913019712548703, 1004486.00803160679061 ], [ 992019.363246960332617, 1004480.522833065362647 ], [ 992013.604179135872982, 1004476.940573214087635 ], [ 992024.653847344568931, 1004459.998347826069221 ], [ 992029.658355257473886, 1004463.10518398694694 ], [ 992033.108584484318271, 1004457.619986110948958 ], [ 992023.587812134879641, 1004451.704834518954158 ], [ 992020.481496136169881, 1004456.637089821975678 ] ] ] } },
{ "type": "Feature", "properties": { "element": "way", "id": 1114150893, "addr:city": null, "addr:street": null, "alt_name": null, "brand:wikidata": null, "brand:wikipedia": null, "building": "apartments", "name": null, "operator": null, "shop": null, "amenity": null, "check_date": null, "denomination": null, "religion": null, "building:levels": null, "source": null, "addr:housenumber": null, "phone": null, "layer": null, "addr:unit": null, "healthcare": null, "addr:postcode": null, "operator:wikidata": null, "waste": null, "building:flats": null, "community_centre": null, "healthcare:speciality": null, "type": null, "bus": null, "internet_access": null, "public_transport": null, "wheelchair": null, "wikidata": null, "wikipedia": null, "network": null }, "geometry": { "type": "Polygon", "coordinates": [ [ [ 991963.57338239136152, 1004477.211065667099319 ], [ 991977.85454216285143, 1004486.078253594576381 ], [ 991979.962395270937122, 1004482.716357339406386 ], [ 991995.430874664336443, 1004492.324324208660983 ], [ 991993.633649719529785, 1004495.166454808902927 ], [ 992007.914802788756788, 1004504.033648131880909 ], [ 992009.700931146275252, 1004501.180460821953602 ], [ 992017.912315304856747, 1004506.277439632685855 ], [ 992021.839583424152806, 1004500.040237724082544 ], [ 991962.506758919451386, 1004463.222599657368846 ], [ 991958.590588212711737, 1004469.44874521845486 ], [ 991965.692332036443986, 1004473.860226059448905 ], [ 991963.57338239136152, 1004477.211065667099319 ] ] ] } },
{ "type": "Feature", "properties": { "element": "way", "id": 1114150894, "addr:city": null, "addr:street": null, "alt_name": null, "brand:wikidata": null, "brand:wikipedia": null, "building": "apartments", "name": null, "operator": null, "shop": null, "amenity": null, "check_date": null, "denomination": null, "religion": null, "building:levels": null, "source": null, "addr:housenumber": null, "phone": null, "layer": null, "addr:unit": null, "healthcare": null, "addr:postcode": null, "operator:wikidata": null, "waste": null, "building:flats": null, "community_centre": null, "healthcare:speciality": null, "type": null, "bus": null, "internet_access": null, "public_transport": null, "wheelchair": null, "wikidata": null, "wikipedia": null, "network": null }, "geometry": { "type": "Polygon", "coordinates": [ [ [ 991964.944528644788079, 1004430.921459376928397 ], [ 991962.880577606614679, 1004429.583632661146112 ], [ 991951.143087731790729, 1004447.576462518190965 ], [ 991953.983792419894598, 1004449.40076858876273 ], [ 991950.855293630738743, 1004454.37726162339095 ], [ 991960.376071266829967, 1004460.292404494830407 ], [ 991963.826294704456814, 1004454.796145348343998 ], [ 991958.067223553196527, 1004451.224947680602781 ], [ 991969.116882491973229, 1004434.271656309021637 ], [ 991974.121395403519273, 1004437.389547137194313 ], [ 991977.571620822302066, 1004431.89328865648713 ], [ 991968.050842237542383, 1004425.989201874705032 ], [ 991964.944528644788079, 1004430.921459376928397 ] ] ] } },
{ "type": "Feature", "properties": { "element": "way", "id": 1114150904, "addr:city": null, "addr:street": null, "alt_name": null, "brand:wikidata": null, "brand:wikipedia": null, "building": "apartments", "name": null, "operator": null, "shop": null, "amenity": null, "check_date": null, "denomination": null, "religion": null, "building:levels": "5", "source": null, "addr:housenumber": null, "phone": null, "layer": null, "addr:unit": null, "healthcare": null, "addr:postcode": null, "operator:wikidata": null, "waste": null, "building:flats": null, "community_centre": null, "healthcare:speciality": null, "type": null, "bus": null, "internet_access": null, "public_transport": null, "wheelchair": null, "wikidata": null, "wikipedia": null, "network": null }, "geometry": { "type": "Polygon", "coordinates": [ [ [ 992107.384103070478886, 1004461.814598630648106 ], [ 992114.308490750612691, 1004468.061765408609062 ], [ 992143.109963081195019, 1004436.554180358536541 ], [ 992136.196671875193715, 1004430.318068139720708 ], [ 992107.384103070478886, 1004461.814598630648106 ] ] ] } },
{ "type": "Feature", "properties": { "element": "way", "id": 1114150908, "addr:city": null, "addr:street": null, "alt_name": null, "brand:wikidata": null, "brand:wikipedia": null, "building": "yes", "name": null, "operator": null, "shop": null, "amenity": null, "check_date": null, "denomination": null, "religion": null, "building:levels": null, "source": null, "addr:housenumber": null, "phone": null, "layer": null, "addr:unit": null, "healthcare": null, "addr:postcode": null, "operator:wikidata": null, "waste": "trash", "building:flats": null, "community_centre": null, "healthcare:speciality": null, "type": null, "bus": null, "internet_access": null, "public_transport": null, "wheelchair": null, "wikidata": null, "wikipedia": null, "network": null }, "geometry": { "type": "Polygon", "coordinates": [ [ [ 992178.69891627470497, 1004373.275833644904196 ], [ 992175.159750735736452, 1004377.190774739021435 ], [ 992177.368006200995296, 1004379.147849656292237 ], [ 992180.90717285790015, 1004375.243966821115464 ], [ 992178.69891627470497, 1004373.275833644904196 ] ] ] } },
{ "type": "Feature", "properties": { "element": "way", "id": 1114150918, "addr:city": null, "addr:street": null, "alt_name": null, "brand:wikidata": null, "brand:wikipedia": null, "building": "gatehouse", "name": null, "operator": null, "shop": null, "amenity": null, "check_date": null, "denomination": null, "religion": null, "building:levels": null, "source": null, "addr:housenumber": null, "phone": null, "layer": null, "addr:unit": null, "healthcare": null, "addr:postcode": null, "operator:wikidata": null, "waste": null, "building:flats": null, "community_centre": null, "healthcare:speciality": null, "type": null, "bus": null, "internet_access": null, "public_transport": null, "wheelchair": null, "wikidata": null, "wikipedia": null, "network": null }, "geometry": { "type": "Polygon", "coordinates": [ [ [ 992143.574203931144439, 1004418.717319406685419 ], [ 992141.299382880330086, 1004416.84871736576315 ], [ 992137.826820152229629, 1004421.006933141034096 ], [ 992140.101641166955233, 1004422.875535083119757 ], [ 992143.574203931144439, 1004418.717319406685419 ] ] ] } },
{ "type": "Feature", "properties": { "element": "way", "id": 1114150919, "addr:city": null, "addr:street": null, "alt_name": null, "brand:wikidata": null, "brand:wikipedia": null, "building": "gatehouse", "name": null, "operator": null, "shop": null, "amenity": null, "check_date": null, "denomination": null, "religion": null, "building:levels": null, "source": null, "addr:housenumber": null, "phone": null, "layer": null, "addr:unit": null, "healthcare": null, "addr:postcode": null, "operator:wikidata": null, "waste": null, "building:flats": null, "community_centre": null, "healthcare:speciality": null, "type": null, "bus": null, "internet_access": null, "public_transport": null, "wheelchair": null, "wikidata": null, "wikipedia": null, "network": null }, "geometry": { "type": "Polygon", "coordinates": [ [ [ 992184.501056289533153, 1004363.665714783011936 ], [ 992188.64012226392515, 1004367.071217326214537 ], [ 992193.765763403614983, 1004360.911312677431852 ], [ 992189.637794220121577, 1004357.516866927733645 ], [ 992184.501056289533153, 1004363.665714783011936 ] ] ] } },
{ "type": "Feature", "properties": { "element": "way", "id": 1114150920, "addr:city": null, "addr:street": null, "alt_name": null, "brand:wikidata": null, "brand:wikipedia": null, "building": "yes", "name": null, "operator": null, "shop": null, "amenity": null, "check_date": null, "denomination": null, "religion": null, "building:levels": null, "source": null, "addr:housenumber": null, "phone": null, "layer": null, "addr:unit": null, "healthcare": null, "addr:postcode": null, "operator:wikidata": null, "waste": null, "building:flats": null, "community_centre": null, "healthcare:speciality": null, "type": null, "bus": null, "internet_access": null, "public_transport": null, "wheelchair": null, "wikidata": null, "wikipedia": null, "network": null }, "geometry": { "type": "Polygon", "coordinates": [ [ [ 992053.984659865032881, 1004506.395426290808246 ], [ 992058.778466972056776, 1004510.718683384126052 ], [ 992061.452250371919945, 1004507.788000505068339 ], [ 992056.658443236839958, 1004503.464743251446635 ], [ 992053.984659865032881, 1004506.395426290808246 ] ] ] } },
{ "type": "Feature", "properties": { "element": "way", "id": 1114150924, "addr:city": null, "addr:street": null, "alt_name": null, "brand:wikidata": null, "brand:wikipedia": null, "building": "apartments", "name": null, "operator": null, "shop": null, "amenity": null, "check_date": null, "denomination": null, "religion": null, "building:levels": "5", "source": null, "addr:housenumber": null, "phone": null, "layer": null, "addr:unit": null, "healthcare": null, "addr:postcode": null, "operator:wikidata": null, "waste": null, "building:flats": null, "community_centre": null, "healthcare:speciality": null, "type": null, "bus": null, "internet_access": null, "public_transport": null, "wheelchair": null, "wikidata": null, "wikipedia": null, "network": null }, "geometry": { "type": "Polygon", "coordinates": [ [ [ 992158.521980729419738, 1004547.698225499596447 ], [ 992168.497954614809714, 1004556.599051598808728 ], [ 992196.988732942729257, 1004525.080458184704185 ], [ 992187.001662631053478, 1004516.179629633435979 ], [ 992158.521980729419738, 1004547.698225499596447 ] ] ] } },
{ "type": "Feature", "properties": { "element": "way", "id": 1114150925, "addr:city": null, "addr:street": null, "alt_name": null, "brand:wikidata": null, "brand:wikipedia": null, "building": "apartments", "name": null, "operator": null, "shop": null, "amenity": null, "check_date": null, "denomination": null, "religion": null, "building:levels": "4", "source": null, "addr:housenumber": null, "phone": null, "layer": null, "addr:unit": null, "healthcare": null, "addr:postcode": null, "operator:wikidata": null, "waste": null, "building:flats": null, "community_centre": null, "healthcare:speciality": null, "type": null, "bus": null, "internet_access": null, "public_transport": null, "wheelchair": null, "wikidata": null, "wikipedia": null, "network": null }, "geometry": { "type": "Polygon", "coordinates": [ [ [ 992151.811346737318672, 1004459.565345872892067 ], [ 992155.928244098322466, 1004463.236244813422672 ], [ 992159.323175161029212, 1004459.476131335599348 ], [ 992172.06225109915249, 1004470.831594311748631 ], [ 992168.778264415217564, 1004474.458998261601664 ], [ 992172.895160203101113, 1004478.129898080485873 ], [ 992179.341091467416845, 1004470.985684416024014 ], [ 992177.687675491790287, 1004469.515113360015675 ], [ 992178.896981353871524, 1004468.176955536357127 ], [ 992160.95352610736154, 1004452.177582166623324 ], [ 992159.633274702122435, 1004453.637391098891385 ], [ 992158.268374536652118, 1004452.432187563274056 ], [ 992151.811346737318672, 1004459.565345872892067 ] ] ] } },
{ "type": "Feature", "properties": { "element": "way", "id": 1114150926, "addr:city": null, "addr:street": null, "alt_name": null, "brand:wikidata": null, "brand:wikipedia": null, "building": "yes", "name": null, "operator": null, "shop": null, "amenity": "social_centre", "check_date": null, "denomination": null, "religion": null, "building:levels": "1", "source": null, "addr:housenumber": null, "phone": null, "layer": null, "addr:unit": null, "healthcare": null, "addr:postcode": null, "operator:wikidata": null, "waste": null, "building:flats": null, "community_centre": null, "healthcare:speciality": null, "type": null, "bus": null, "internet_access": null, "public_transport": null, "wheelchair": null, "wikidata": null, "wikipedia": null, "network": null }, "geometry": { "type": "Polygon", "coordinates": [ [ [ 992140.362752919550985, 1004482.003499200334772 ], [ 992156.50854714459274, 1004496.554428042494692 ], [ 992161.745177860371768, 1004490.825778171769343 ], [ 992145.599382356624119, 1004476.263790110941045 ], [ 992140.362752919550985, 1004482.003499200334772 ] ] ] } },
{ "type": "Feature", "properties": { "element": "way", "id": 1114150927, "addr:city": null, "addr:street": null, "alt_name": null, "brand:wikidata": null, "brand:wikipedia": null, "building": "yes", "name": null, "operator": null, "shop": null, "amenity": "social_centre", "check_date": null, "denomination": null, "religion": null, "building:levels": "1", "source": null, "addr:housenumber": null, "phone": null, "layer": null, "addr:unit": null, "healthcare": null, "addr:postcode": null, "operator:wikidata": null, "waste": null, "building:flats": null, "community_centre": null, "healthcare:speciality": null, "type": null, "bus": null, "internet_access": null, "public_transport": null, "wheelchair": null, "wikidata": null, "wikipedia": null, "network": null }, "geometry": { "type": "Polygon", "coordinates": [ [ [ 992114.323948645964265, 1004511.564572329749353 ], [ 992126.375073418603279, 1004522.798457235679962 ], [ 992132.033312645973638, 1004516.804367191507481 ], [ 992119.982187789748423, 1004505.570481433882378 ], [ 992114.323948645964265, 1004511.564572329749353 ] ] ] } },
{ "type": "Feature", "properties": { "element": "way", "id": 1114150928, "addr:city": null, "addr:street": null, "alt_name": null, "brand:wikidata": null, "brand:wikipedia": null, "building": "apartments", "name": null, "operator": null, "shop": null, "amenity": null, "check_date": null, "denomination": null, "religion": null, "building:levels": "4", "source": null, "addr:housenumber": null, "phone": null, "layer": null, "addr:unit": null, "healthcare": null, "addr:postcode": null, "operator:wikidata": null, "waste": null, "building:flats": null, "community_centre": null, "healthcare:speciality": null, "type": null, "bus": null, "internet_access": null, "public_transport": null, "wheelchair": null, "wikidata": null, "wikipedia": null, "network": null }, "geometry": { "type": "Polygon", "coordinates": [ [ [ 992092.666689313715324, 1004528.198222553706728 ], [ 992108.446308663347736, 1004542.605422406923026 ], [ 992113.150401736958884, 1004537.529254130669869 ], [ 992097.381876909174025, 1004523.110994072631001 ], [ 992092.666689313715324, 1004528.198222553706728 ] ] ] } },
{ "type": "Feature", "properties": { "element": "way", "id": 1114150929, "addr:city": null, "addr:street": null, "alt_name": null, "brand:wikidata": null, "brand:wikipedia": null, "building": "yes", "name": null, "operator": null, "shop": null, "amenity": null, "check_date": null, "denomination": null, "religion": null, "building:levels": "5", "source": null, "addr:housenumber": null, "phone": null, "layer": null, "addr:unit": null, "healthcare": null, "addr:postcode": null, "operator:wikidata": null, "waste": null, "building:flats": null, "community_centre": null, "healthcare:speciality": null, "type": null, "bus": null, "internet_access": null, "public_transport": null, "wheelchair": null, "wikidata": null, "wikipedia": null, "network": null }, "geometry": { "type": "Polygon", "coordinates": [ [ [ 992290.092488107620738, 1004290.682490465580486 ], [ 992292.322933565359563, 1004292.628508224501275 ], [ 992269.201866289949976, 1004318.772269265260547 ], [ 992266.06148782314267, 1004316.03015401144512 ], [ 992259.737590657547116, 1004323.185406126547605 ], [ 992270.612397483433597, 1004332.672239026753232 ], [ 992276.070919855032116, 1004326.501249060034752 ], [ 992276.769876454723999, 1004325.704992846469395 ], [ 992276.647812994662672, 1004325.605481381295249 ], [ 992299.990772729506716, 1004299.218421233352274 ], [ 992306.403432091581635, 1004291.963640354573727 ], [ 992296.560620844480582, 1004283.37241255666595 ], [ 992290.092488107620738, 1004290.682490465580486 ] ] ] } },
{ "type": "Feature", "properties": { "element": "way", "id": 1114150930, "addr:city": null, "addr:street": null, "alt_name": null, "brand:wikidata": null, "brand:wikipedia": null, "building": "yes", "name": null, "operator": null, "shop": null, "amenity": null, "check_date": null, "denomination": null, "religion": null, "building:levels": "5", "source": null, "addr:housenumber": null, "phone": null, "layer": null, "addr:unit": null, "healthcare": null, "addr:postcode": null, "operator:wikidata": null, "waste": null, "building:flats": null, "community_centre": null, "healthcare:speciality": null, "type": null, "bus": null, "internet_access": null, "public_transport": null, "wheelchair": null, "wikidata": null, "wikipedia": null, "network": null }, "geometry": { "type": "Polygon", "coordinates": [ [ [ 992284.222236706060357, 1004284.811182551085949 ], [ 992287.584560936200432, 1004287.851847102749161 ], [ 992294.230231836088933, 1004280.59704240760766 ], [ 992284.642613585921936, 1004271.928383964579552 ], [ 992278.196646530646831, 1004278.973064798861742 ], [ 992277.930324618937448, 1004278.740869560628198 ], [ 992254.154587614932097, 1004304.696710468037054 ], [ 992253.522194920224138, 1004305.382378714857623 ], [ 992247.764098402345553, 1004311.675039508496411 ], [ 992258.383715964155272, 1004321.27247749385424 ], [ 992263.110014917212538, 1004316.107851350912824 ], [ 992264.752015903359279, 1004314.316267805290408 ], [ 992260.612916820100509, 1004310.567958324332722 ], [ 992284.222236706060357, 1004284.811182551085949 ] ] ] } },
{ "type": "Feature", "properties": { "element": "way", "id": 1114150933, "addr:city": null, "addr:street": null, "alt_name": null, "brand:wikidata": null, "brand:wikipedia": null, "building": "apartments", "name": null, "operator": null, "shop": null, "amenity": null, "check_date": null, "denomination": null, "religion": null, "building:levels": "5", "source": null, "addr:housenumber": null, "phone": null, "layer": null, "addr:unit": null, "healthcare": null, "addr:postcode": null, "operator:wikidata": null, "waste": null, "building:flats": null, "community_centre": null, "healthcare:speciality": null, "type": null, "bus": null, "internet_access": null, "public_transport": null, "wheelchair": null, "wikidata": null, "wikipedia": null, "network": null }, "geometry": { "type": "Polygon", "coordinates": [ [ [ 992197.329617614042945, 1004382.153686899109744 ], [ 992200.979704564553685, 1004377.862758329487406 ], [ 992194.798838902148418, 1004372.677093751961365 ], [ 992191.148752039414831, 1004376.968022603890859 ], [ 992191.337395720300265, 1004377.122818134957924 ], [ 992169.847208786290139, 1004400.678838168503717 ], [ 992169.836113006807864, 1004400.67883927305229 ], [ 992165.120867063873447, 1004405.301620290963911 ], [ 992171.812164402450435, 1004410.752627642359585 ], [ 992175.983713933615945, 1004406.096726616378874 ], [ 992175.129265251220204, 1004405.355914799729362 ], [ 992196.741491789929569, 1004381.65612798219081 ], [ 992197.329617614042945, 1004382.153686899109744 ] ] ] } },
{ "type": "Feature", "properties": { "element": "way", "id": 1114150934, "addr:city": null, "addr:street": null, "alt_name": null, "brand:wikidata": null, "brand:wikipedia": null, "building": "apartments", "name": null, "operator": null, "shop": null, "amenity": null, "check_date": null, "denomination": null, "religion": null, "building:levels": "5", "source": null, "addr:housenumber": null, "phone": null, "layer": null, "addr:unit": null, "healthcare": null, "addr:postcode": null, "operator:wikidata": null, "waste": null, "building:flats": null, "community_centre": null, "healthcare:speciality": null, "type": null, "bus": null, "internet_access": null, "public_transport": null, "wheelchair": null, "wikidata": null, "wikipedia": null, "network": null }, "geometry": { "type": "Polygon", "coordinates": [ [ [ 992199.338137339102104, 1004384.000200625159778 ], [ 992201.19129738479387, 1004385.658741063321941 ], [ 992179.745560094946995, 1004409.889301873510703 ], [ 992177.648275425191969, 1004408.053855627542362 ], [ 992173.532201490132138, 1004412.676576563273557 ], [ 992180.667411154601723, 1004418.956902597332373 ], [ 992184.239853593986481, 1004414.953493086853996 ], [ 992185.948751660762355, 1004416.446175086661242 ], [ 992208.492848634254187, 1004390.97699305601418 ], [ 992206.783949361182749, 1004389.473252413095906 ], [ 992209.823862662306055, 1004386.13338657526765 ], [ 992202.977157025947236, 1004379.996785437804647 ], [ 992199.338137339102104, 1004384.000200625159778 ] ] ] } },
{ "type": "Feature", "properties": { "element": "way", "id": 1114150935, "addr:city": null, "addr:street": null, "alt_name": null, "brand:wikidata": null, "brand:wikipedia": null, "building": "apartments", "name": null, "operator": null, "shop": null, "amenity": null, "check_date": null, "denomination": null, "religion": null, "building:levels": "5", "source": null, "addr:housenumber": null, "phone": null, "layer": null, "addr:unit": null, "healthcare": null, "addr:postcode": null, "operator:wikidata": null, "waste": null, "building:flats": null, "community_centre": null, "healthcare:speciality": null, "type": null, "bus": null, "internet_access": null, "public_transport": null, "wheelchair": null, "wikidata": null, "wikipedia": null, "network": null }, "geometry": { "type": "Polygon", "coordinates": [ [ [ 992235.206283488776535, 1004338.237980840494856 ], [ 992238.856374553171918, 1004333.947054138872772 ], [ 992232.664412238867953, 1004328.761387724312954 ], [ 992229.025417053257115, 1004333.05231361289043 ], [ 992229.202964970492758, 1004333.207110329531133 ], [ 992203.541200610459782, 1004361.419018615968525 ], [ 992209.688803298748098, 1004366.847966711968184 ], [ 992213.860357410972938, 1004362.192067816271447 ], [ 992213.005907524959184, 1004361.44019743357785 ], [ 992234.618157584569417, 1004337.740421644644812 ], [ 992235.206283488776535, 1004338.237980840494856 ] ] ] } },
{ "type": "Feature", "properties": { "element": "way", "id": 1114150936, "addr:city": null, "addr:street": null, "alt_name": null, "brand:wikidata": null, "brand:wikipedia": null, "building": "apartments", "name": null, "operator": null, "shop": null, "amenity": null, "check_date": null, "denomination": null, "religion": null, "building:levels": "5", "source": null, "addr:housenumber": null, "phone": null, "layer": null, "addr:unit": null, "healthcare": null, "addr:postcode": null, "operator:wikidata": null, "waste": null, "building:flats": null, "community_centre": null, "healthcare:speciality": null, "type": null, "bus": null, "internet_access": null, "public_transport": null, "wheelchair": null, "wikidata": null, "wikipedia": null, "network": null }, "geometry": { "type": "Polygon", "coordinates": [ [ [ 992237.214803415467031, 1004340.084495516726747 ], [ 992239.067963670822792, 1004341.743036831961945 ], [ 992217.622203782666475, 1004365.984644846525043 ], [ 992215.524917763075791, 1004364.138139445800334 ], [ 992211.397743512061425, 1004368.760859377565794 ], [ 992218.544050907250494, 1004375.052245854050852 ], [ 992222.116496183210984, 1004371.037780007231049 ], [ 992223.825394460000098, 1004372.530462816474028 ], [ 992246.369516338105313, 1004347.061292303726077 ], [ 992244.66061794932466, 1004345.56860901217442 ], [ 992247.700533471768722, 1004342.217686564894393 ], [ 992240.853827069280669, 1004336.081082186195999 ], [ 992237.214803415467031, 1004340.084495516726747 ] ] ] } },
{ "type": "Feature", "properties": { "element": "way", "id": 1114150937, "addr:city": null, "addr:street": null, "alt_name": null, "brand:wikidata": null, "brand:wikipedia": null, "building": "apartments", "name": null, "operator": null, "shop": null, "amenity": null, "check_date": null, "denomination": null, "religion": null, "building:levels": "5", "source": null, "addr:housenumber": null, "phone": null, "layer": null, "addr:unit": null, "healthcare": null, "addr:postcode": null, "operator:wikidata": null, "waste": null, "building:flats": null, "community_centre": null, "healthcare:speciality": null, "type": null, "bus": null, "internet_access": null, "public_transport": null, "wheelchair": null, "wikidata": null, "wikipedia": null, "network": null }, "geometry": { "type": "Polygon", "coordinates": [ [ [ 992240.564579592086375, 1004328.406746933353133 ], [ 992265.1994932127418, 1004351.394237706204876 ], [ 992272.122544787824154, 1004344.07305467419792 ], [ 992247.487632054137066, 1004321.096619933377951 ], [ 992240.564579592086375, 1004328.406746933353133 ] ] ] } },
{ "type": "Feature", "properties": { "element": "way", "id": 1114150938, "addr:city": null, "addr:street": null, "alt_name": null, "brand:wikidata": null, "brand:wikipedia": null, "building": "apartments", "name": null, "operator": null, "shop": null, "amenity": null, "check_date": null, "denomination": null, "religion": null, "building:levels": "5", "source": null, "addr:housenumber": null, "phone": null, "layer": null, "addr:unit": null, "healthcare": null, "addr:postcode": null, "operator:wikidata": null, "waste": null, "building:flats": null, "community_centre": null, "healthcare:speciality": null, "type": null, "bus": null, "internet_access": null, "public_transport": null, "wheelchair": null, "wikidata": null, "wikipedia": null, "network": null }, "geometry": { "type": "Polygon", "coordinates": [ [ [ 992317.631758080446161, 1004399.248820596258156 ], [ 992315.978667329880409, 1004401.095694974646904 ], [ 992320.217622122494504, 1004404.855055754887871 ], [ 992321.804147930582985, 1004403.107711411896162 ], [ 992321.837438505375758, 1004403.140882645617239 ], [ 992327.928386963438243, 1004396.638089588726871 ], [ 992274.497348468401469, 1004347.180164665798657 ], [ 992268.395304687321186, 1004353.68296287721023 ], [ 992317.631758080446161, 1004399.248820596258156 ] ] ] } },
{ "type": "Feature", "properties": { "element": "way", "id": 1114150939, "addr:city": null, "addr:street": null, "alt_name": null, "brand:wikidata": null, "brand:wikipedia": null, "building": "apartments", "name": null, "operator": null, "shop": null, "amenity": null, "check_date": null, "denomination": null, "religion": null, "building:levels": "5", "source": null, "addr:housenumber": null, "phone": null, "layer": null, "addr:unit": null, "healthcare": null, "addr:postcode": null, "operator:wikidata": null, "waste": null, "building:flats": null, "community_centre": null, "healthcare:speciality": null, "type": null, "bus": null, "internet_access": null, "public_transport": null, "wheelchair": null, "wikidata": null, "wikipedia": null, "network": null }, "geometry": { "type": "Polygon", "coordinates": [ [ [ 992295.173784274258651, 1004398.067794024595059 ], [ 992293.476306567667052, 1004399.870440586120822 ], [ 992306.348582239588723, 1004411.845168965752237 ], [ 992308.179195252945647, 1004409.898753562360071 ], [ 992312.151868586312048, 1004413.835070534260012 ], [ 992318.841973409871571, 1004407.18846207705792 ], [ 992314.159099991782568, 1004402.533433695556596 ], [ 992312.173147916677408, 1004404.501980456057936 ], [ 992300.443842357140966, 1004393.599780879099853 ], [ 992301.952709403121844, 1004391.974083511391655 ], [ 992297.114514798740856, 1004387.540234557236545 ], [ 992290.945911763235927, 1004394.186793718370609 ], [ 992295.173784274258651, 1004398.067794024595059 ] ] ] } },
{ "type": "Feature", "properties": { "element": "way", "id": 1114150940, "addr:city": null, "addr:street": null, "alt_name": null, "brand:wikidata": null, "brand:wikipedia": null, "building": "apartments", "name": null, "operator": null, "shop": null, "amenity": null, "check_date": null, "denomination": null, "religion": null, "building:levels": "5", "source": null, "addr:housenumber": null, "phone": null, "layer": null, "addr:unit": null, "healthcare": null, "addr:postcode": null, "operator:wikidata": null, "waste": null, "building:flats": null, "community_centre": null, "healthcare:speciality": null, "type": null, "bus": null, "internet_access": null, "public_transport": null, "wheelchair": null, "wikidata": null, "wikipedia": null, "network": null }, "geometry": { "type": "Polygon", "coordinates": [ [ [ 992259.247007362428121, 1004411.871906660147943 ], [ 992265.716401534504257, 1004417.521990642999299 ], [ 992293.907649840693921, 1004385.660661276779138 ], [ 992287.449350925162435, 1004380.010573924402706 ], [ 992259.247007362428121, 1004411.871906660147943 ] ] ] } },
{ "type": "Feature", "properties": { "element": "way", "id": 1114150941, "addr:city": null, "addr:street": null, "alt_name": null, "brand:wikidata": null, "brand:wikipedia": null, "building": "apartments", "name": null, "operator": null, "shop": null, "amenity": null, "check_date": null, "denomination": null, "religion": null, "building:levels": "5", "source": null, "addr:housenumber": null, "phone": null, "layer": null, "addr:unit": null, "healthcare": null, "addr:postcode": null, "operator:wikidata": null, "waste": null, "building:flats": null, "community_centre": null, "healthcare:speciality": null, "type": null, "bus": null, "internet_access": null, "public_transport": null, "wheelchair": null, "wikidata": null, "wikipedia": null, "network": null }, "geometry": { "type": "Polygon", "coordinates": [ [ [ 992249.304267390514724, 1004402.50662320794072 ], [ 992256.372903670649976, 1004408.853311542887241 ], [ 992260.089588975650258, 1004404.783542385324836 ], [ 992258.358495090622455, 1004403.235570175340399 ], [ 992280.603191354079172, 1004379.380930303013884 ], [ 992282.034668811946176, 1004380.619303880725056 ], [ 992285.407409204170108, 1004376.770732959033921 ], [ 992278.649505424196832, 1004370.943745128344744 ], [ 992275.520845183636993, 1004374.515838337945752 ], [ 992273.867423606105149, 1004372.989974487922154 ], [ 992251.389742280938663, 1004397.110035050776787 ], [ 992252.932195114786737, 1004398.525327753857709 ], [ 992249.304267390514724, 1004402.50662320794072 ] ] ] } },
{ "type": "Feature", "properties": { "element": "way", "id": 1114150942, "addr:city": null, "addr:street": null, "alt_name": null, "brand:wikidata": null, "brand:wikipedia": null, "building": "apartments", "name": null, "operator": null, "shop": null, "amenity": null, "check_date": null, "denomination": null, "religion": null, "building:levels": "5", "source": null, "addr:housenumber": null, "phone": null, "layer": null, "addr:unit": null, "healthcare": null, "addr:postcode": null, "operator:wikidata": null, "waste": null, "building:flats": null, "community_centre": null, "healthcare:speciality": null, "type": null, "bus": null, "internet_access": null, "public_transport": null, "wheelchair": null, "wikidata": null, "wikipedia": null, "network": null }, "geometry": { "type": "Polygon", "coordinates": [ [ [ 992210.817439859732985, 1004447.251746085472405 ], [ 992217.886076427646913, 1004453.609489181544632 ], [ 992221.591661843121983, 1004449.539719194523059 ], [ 992219.871663933270611, 1004447.99174671981018 ], [ 992242.116335824364796, 1004424.137095323065296 ], [ 992243.547813094919547, 1004425.375468211481348 ], [ 992246.92054967652075, 1004421.526895538321696 ], [ 992240.162646790035069, 1004415.699910962372087 ], [ 992237.033990085241385, 1004419.272005797130987 ], [ 992235.380568676395342, 1004417.74614274140913 ], [ 992212.902911986457184, 1004441.866214949754067 ], [ 992214.434268884244375, 1004443.281508009764366 ], [ 992210.817439859732985, 1004447.251746085472405 ] ] ] } },
{ "type": "Feature", "properties": { "element": "way", "id": 1114150943, "addr:city": null, "addr:street": null, "alt_name": null, "brand:wikidata": null, "brand:wikipedia": null, "building": "apartments", "name": null, "operator": null, "shop": null, "amenity": null, "check_date": null, "denomination": null, "religion": null, "building:levels": "5", "source": null, "addr:housenumber": null, "phone": null, "layer": null, "addr:unit": null, "healthcare": null, "addr:postcode": null, "operator:wikidata": null, "waste": null, "building:flats": null, "community_centre": null, "healthcare:speciality": null, "type": null, "bus": null, "internet_access": null, "public_transport": null, "wheelchair": null, "wikidata": null, "wikipedia": null, "network": null }, "geometry": { "type": "Polygon", "coordinates": [ [ [ 992251.139195616706274, 1004444.372641118941829 ], [ 992258.729402266675606, 1004451.46017509966623 ], [ 992288.174535160302185, 1004420.383849221630953 ], [ 992280.584327166550793, 1004413.285254289279692 ], [ 992251.139195616706274, 1004444.372641118941829 ] ] ] } },
{ "type": "Feature", "properties": { "element": "way", "id": 1114150944, "addr:city": null, "addr:street": null, "alt_name": null, "brand:wikidata": null, "brand:wikipedia": null, "building": "apartments", "name": null, "operator": null, "shop": null, "amenity": null, "check_date": null, "denomination": null, "religion": null, "building:levels": "5", "source": null, "addr:housenumber": null, "phone": null, "layer": null, "addr:unit": null, "healthcare": null, "addr:postcode": null, "operator:wikidata": null, "waste": null, "building:flats": null, "community_centre": null, "healthcare:speciality": null, "type": null, "bus": null, "internet_access": null, "public_transport": null, "wheelchair": null, "wikidata": null, "wikipedia": null, "network": null }, "geometry": { "type": "Polygon", "coordinates": [ [ [ 992220.50489959679544, 1004455.842978711705655 ], [ 992227.029791559674777, 1004461.692100979969837 ], [ 992255.809101816499606, 1004430.007629587547854 ], [ 992249.273113663191907, 1004424.15850606537424 ], [ 992220.50489959679544, 1004455.842978711705655 ] ] ] } },
{ "type": "Feature", "properties": { "element": "way", "id": 1114150945, "addr:city": null, "addr:street": null, "alt_name": null, "brand:wikidata": null, "brand:wikipedia": null, "building": "apartments", "name": null, "operator": null, "shop": null, "amenity": null, "check_date": null, "denomination": null, "religion": null, "building:levels": "4", "source": null, "addr:housenumber": null, "phone": null, "layer": null, "addr:unit": null, "healthcare": null, "addr:postcode": null, "operator:wikidata": null, "waste": null, "building:flats": null, "community_centre": null, "healthcare:speciality": null, "type": null, "bus": null, "internet_access": null, "public_transport": null, "wheelchair": null, "wikidata": null, "wikipedia": null, "network": null }, "geometry": { "type": "Polygon", "coordinates": [ [ [ 992191.619285641470924, 1004422.405960945296101 ], [ 992188.191059708013199, 1004426.121843606117181 ], [ 992204.791834489558823, 1004441.192470592679456 ], [ 992208.053640346042812, 1004437.642477551475167 ], [ 992209.995584868825972, 1004439.500056307879277 ], [ 992214.821752952528186, 1004434.512347642332315 ], [ 992210.948960675857961, 1004430.808247006149031 ], [ 992209.340238646254875, 1004432.478188711917028 ], [ 992196.379204828757793, 1004420.702531683840789 ], [ 992197.943543723318726, 1004419.032594120013528 ], [ 992193.782245403155684, 1004415.184766840422526 ], [ 992189.155798118677922, 1004420.13928245624993 ], [ 992191.619285641470924, 1004422.405960945296101 ] ] ] } },
{ "type": "Feature", "properties": { "element": "way", "id": 1114150946, "addr:city": null, "addr:street": null, "alt_name": null, "brand:wikidata": null, "brand:wikipedia": null, "building": "apartments", "name": null, "operator": null, "shop": null, "amenity": null, "check_date": null, "denomination": null, "religion": null, "building:levels": "4", "source": null, "addr:housenumber": null, "phone": null, "layer": null, "addr:unit": null, "healthcare": null, "addr:postcode": null, "operator:wikidata": null, "waste": null, "building:flats": null, "community_centre": null, "healthcare:speciality": null, "type": null, "bus": null, "internet_access": null, "public_transport": null, "wheelchair": null, "wikidata": null, "wikipedia": null, "network": null }, "geometry": { "type": "Polygon", "coordinates": [ [ [ 992249.720812282059342, 1004350.798620503512211 ], [ 992244.473074343870394, 1004356.571497811353765 ], [ 992248.334749950910918, 1004360.043379771406762 ], [ 992250.076599756139331, 1004358.130146268522367 ], [ 992264.169504481018521, 1004370.91199333302211 ], [ 992262.227965331636369, 1004373.179107328644022 ], [ 992266.244972685351968, 1004376.5735677506309 ], [ 992271.292974784737453, 1004370.679071721970104 ], [ 992268.829506475012749, 1004368.600379514857195 ], [ 992271.747386946342885, 1004365.43745871190913 ], [ 992254.625062830047682, 1004349.913484583725221 ], [ 992251.962360484292731, 1004352.822043171036057 ], [ 992249.720812282059342, 1004350.798620503512211 ] ] ] } },
{ "type": "Feature", "properties": { "element": "way", "id": 1114150947, "addr:city": null, "addr:street": null, "alt_name": null, "brand:wikidata": null, "brand:wikipedia": null, "building": "yes", "name": null, "operator": null, "shop": null, "amenity": "social_centre", "check_date": null, "denomination": null, "religion": null, "building:levels": "2", "source": null, "addr:housenumber": null, "phone": null, "layer": null, "addr:unit": null, "healthcare": null, "addr:postcode": null, "operator:wikidata": null, "waste": null, "building:flats": null, "community_centre": null, "healthcare:speciality": null, "type": null, "bus": null, "internet_access": null, "public_transport": null, "wheelchair": null, "wikidata": null, "wikipedia": null, "network": null }, "geometry": { "type": "Polygon", "coordinates": [ [ [ 992249.491819091024809, 1004391.581141427624971 ], [ 992254.917096232878976, 1004385.896712181041948 ], [ 992237.606067329761572, 1004369.587630830006674 ], [ 992232.169695585616864, 1004375.283120505511761 ], [ 992249.491819091024809, 1004391.581141427624971 ] ] ] } },
{ "type": "Feature", "properties": { "element": "way", "id": 1114150948, "addr:city": null, "addr:street": null, "alt_name": null, "brand:wikidata": null, "brand:wikipedia": null, "building": "yes", "name": null, "operator": null, "shop": null, "amenity": "social_centre", "check_date": null, "denomination": null, "religion": null, "building:levels": "2", "source": null, "addr:housenumber": null, "phone": null, "layer": null, "addr:unit": null, "healthcare": null, "addr:postcode": null, "operator:wikidata": null, "waste": null, "building:flats": null, "community_centre": null, "healthcare:speciality": null, "type": null, "bus": null, "internet_access": null, "public_transport": null, "wheelchair": null, "wikidata": null, "wikipedia": null, "network": null }, "geometry": { "type": "Polygon", "coordinates": [ [ [ 992224.274237985140644, 1004423.232087963144295 ], [ 992229.710606891196221, 1004417.547655774862505 ], [ 992212.39957954257261, 1004401.23857986566145 ], [ 992206.963211821042933, 1004406.934071390191093 ], [ 992224.274237985140644, 1004423.232087963144295 ] ] ] } },
{ "type": "Feature", "properties": { "element": "way", "id": 1114150949, "addr:city": null, "addr:street": null, "alt_name": null, "brand:wikidata": null, "brand:wikipedia": null, "building": "apartments", "name": null, "operator": null, "shop": null, "amenity": null, "check_date": null, "denomination": null, "religion": null, "building:levels": "5", "source": null, "addr:housenumber": null, "phone": null, "layer": null, "addr:unit": null, "healthcare": null, "addr:postcode": null, "operator:wikidata": null, "waste": null, "building:flats": null, "community_centre": null, "healthcare:speciality": null, "type": null, "bus": null, "internet_access": null, "public_transport": null, "wheelchair": null, "wikidata": null, "wikipedia": null, "network": null }, "geometry": { "type": "Polygon", "coordinates": [ [ [ 992184.475546072353609, 1004441.935383634525351 ], [ 992189.534676454146393, 1004436.472149295033887 ], [ 992162.114523615688086, 1004411.450257578166202 ], [ 992157.055393475107849, 1004416.913493651198223 ], [ 992184.475546072353609, 1004441.935383634525351 ] ] ] } },
{ "type": "Feature", "properties": { "element": "way", "id": 1114150950, "addr:city": null, "addr:street": null, "alt_name": null, "brand:wikidata": null, "brand:wikipedia": null, "building": "apartments", "name": null, "operator": null, "shop": null, "amenity": null, "check_date": null, "denomination": null, "religion": null, "building:levels": "5", "source": null, "addr:housenumber": null, "phone": null, "layer": null, "addr:unit": null, "healthcare": null, "addr:postcode": null, "operator:wikidata": null, "waste": null, "building:flats": null, "community_centre": null, "healthcare:speciality": null, "type": null, "bus": null, "internet_access": null, "public_transport": null, "wheelchair": null, "wikidata": null, "wikipedia": null, "network": null }, "geometry": { "type": "Polygon", "coordinates": [ [ [ 992187.5161088447785, 1004445.164064707350917 ], [ 992220.573332652333193, 1004474.630788311827928 ], [ 992225.787773540592752, 1004468.857912380248308 ], [ 992192.719453552970663, 1004439.391187721746974 ], [ 992187.5161088447785, 1004445.164064707350917 ] ] ] } },
{ "type": "Feature", "properties": { "element": "way", "id": 1114150951, "addr:city": null, "addr:street": null, "alt_name": null, "brand:wikidata": null, "brand:wikipedia": null, "building": "apartments", "name": null, "operator": null, "shop": null, "amenity": null, "check_date": null, "denomination": null, "religion": null, "building:levels": "5", "source": null, "addr:housenumber": null, "phone": null, "layer": null, "addr:unit": null, "healthcare": null, "addr:postcode": null, "operator:wikidata": null, "waste": null, "building:flats": null, "community_centre": null, "healthcare:speciality": null, "type": null, "bus": null, "internet_access": null, "public_transport": null, "wheelchair": null, "wikidata": null, "wikipedia": null, "network": null }, "geometry": { "type": "Polygon", "coordinates": [ [ [ 992175.312081625219434, 1004458.468246257747523 ], [ 992208.380400336813182, 1004487.934963717823848 ], [ 992213.58374477236066, 1004482.173146191169508 ], [ 992180.526521426392719, 1004452.706425476353616 ], [ 992175.312081625219434, 1004458.468246257747523 ] ] ] } },
{ "type": "Feature", "properties": { "element": "way", "id": 1114150952, "addr:city": null, "addr:street": null, "alt_name": null, "brand:wikidata": null, "brand:wikipedia": null, "building": "apartments", "name": null, "operator": null, "shop": null, "amenity": null, "check_date": null, "denomination": null, "religion": null, "building:levels": "5", "source": null, "addr:housenumber": null, "phone": null, "layer": null, "addr:unit": null, "healthcare": null, "addr:postcode": null, "operator:wikidata": null, "waste": null, "building:flats": null, "community_centre": null, "healthcare:speciality": null, "type": null, "bus": null, "internet_access": null, "public_transport": null, "wheelchair": null, "wikidata": null, "wikipedia": null, "network": null }, "geometry": { "type": "Polygon", "coordinates": [ [ [ 992139.003378115128726, 1004425.065160828176886 ], [ 992172.060628741281107, 1004454.531864295830019 ], [ 992177.27506857435219, 1004448.770043305121362 ], [ 992144.206721768830903, 1004419.303338790312409 ], [ 992139.003378115128726, 1004425.065160828176886 ] ] ] } },
{ "type": "Feature", "properties": { "element": "way", "id": 1114150953, "addr:city": null, "addr:street": null, "alt_name": null, "brand:wikidata": null, "brand:wikipedia": null, "building": "apartments", "name": null, "operator": null, "shop": null, "amenity": null, "check_date": null, "denomination": null, "religion": null, "building:levels": "5", "source": null, "addr:housenumber": null, "phone": null, "layer": null, "addr:unit": null, "healthcare": null, "addr:postcode": null, "operator:wikidata": null, "waste": null, "building:flats": null, "community_centre": null, "healthcare:speciality": null, "type": null, "bus": null, "internet_access": null, "public_transport": null, "wheelchair": null, "wikidata": null, "wikipedia": null, "network": null }, "geometry": { "type": "Polygon", "coordinates": [ [ [ 992079.827596423216164, 1004515.327814126969315 ], [ 992087.562056930968538, 1004522.415317319217138 ], [ 992116.518873555818573, 1004491.250509006204084 ], [ 992108.784412681940012, 1004484.163003015331924 ], [ 992079.827596423216164, 1004515.327814126969315 ] ] ] } },
{ "type": "Feature", "properties": { "element": "way", "id": 1114150954, "addr:city": null, "addr:street": null, "alt_name": null, "brand:wikidata": null, "brand:wikipedia": null, "building": "apartments", "name": null, "operator": null, "shop": null, "amenity": null, "check_date": null, "denomination": null, "religion": null, "building:levels": "5", "source": null, "addr:housenumber": null, "phone": null, "layer": null, "addr:unit": null, "healthcare": null, "addr:postcode": null, "operator:wikidata": null, "waste": null, "building:flats": null, "community_centre": null, "healthcare:speciality": null, "type": null, "bus": null, "internet_access": null, "public_transport": null, "wheelchair": null, "wikidata": null, "wikipedia": null, "network": null }, "geometry": { "type": "Polygon", "coordinates": [ [ [ 992068.242630899767391, 1004505.531450287206098 ], [ 992075.15592218353413, 1004511.778614795068279 ], [ 992103.968459647498094, 1004480.282071615802124 ], [ 992097.044072192860767, 1004474.034905732492916 ], [ 992068.242630899767391, 1004505.531450287206098 ] ] ] } },
{ "type": "Feature", "properties": { "element": "way", "id": 1114150955, "addr:city": null, "addr:street": null, "alt_name": null, "brand:wikidata": null, "brand:wikipedia": null, "building": "apartments", "name": null, "operator": null, "shop": null, "amenity": null, "check_date": null, "denomination": null, "religion": null, "building:levels": "5", "source": null, "addr:housenumber": null, "phone": null, "layer": null, "addr:unit": null, "healthcare": null, "addr:postcode": null, "operator:wikidata": null, "waste": null, "building:flats": null, "community_centre": null, "healthcare:speciality": null, "type": null, "bus": null, "internet_access": null, "public_transport": null, "wheelchair": null, "wikidata": null, "wikipedia": null, "network": null }, "geometry": { "type": "Polygon", "coordinates": [ [ [ 992117.914953013299964, 1004471.423085041576996 ], [ 992125.660510054090992, 1004478.510590803110972 ], [ 992154.606262224842794, 1004447.345798453665338 ], [ 992146.871800583205186, 1004440.258288783137687 ], [ 992117.914953013299964, 1004471.423085041576996 ] ] ] } },
{ "type": "Feature", "properties": { "element": "way", "id": 1114150956, "addr:city": null, "addr:street": null, "alt_name": null, "brand:wikidata": null, "brand:wikipedia": null, "building": "apartments", "name": null, "operator": null, "shop": null, "amenity": null, "check_date": null, "denomination": null, "religion": null, "building:levels": "5", "source": null, "addr:housenumber": null, "phone": null, "layer": null, "addr:unit": null, "healthcare": null, "addr:postcode": null, "operator:wikidata": null, "waste": null, "building:flats": null, "community_centre": null, "healthcare:speciality": null, "type": null, "bus": null, "internet_access": null, "public_transport": null, "wheelchair": null, "wikidata": null, "wikipedia": null, "network": null }, "geometry": { "type": "Polygon", "coordinates": [ [ [ 992154.523258872563019, 1004505.113643254735507 ], [ 992162.268810390960425, 1004512.212210742989555 ], [ 992191.225660019088537, 1004481.047430529841222 ], [ 992183.480108130606823, 1004473.948860239121132 ], [ 992154.523258872563019, 1004505.113643254735507 ] ] ] } },
{ "type": "Feature", "properties": { "element": "way", "id": 1114150957, "addr:city": null, "addr:street": null, "alt_name": null, "brand:wikidata": null, "brand:wikipedia": null, "building": "apartments", "name": null, "operator": null, "shop": null, "amenity": null, "check_date": null, "denomination": null, "religion": null, "building:levels": "5", "source": null, "addr:housenumber": null, "phone": null, "layer": null, "addr:unit": null, "healthcare": null, "addr:postcode": null, "operator:wikidata": null, "waste": null, "building:flats": null, "community_centre": null, "healthcare:speciality": null, "type": null, "bus": null, "internet_access": null, "public_transport": null, "wheelchair": null, "wikidata": null, "wikipedia": null, "network": null }, "geometry": { "type": "Polygon", "coordinates": [ [ [ 992165.841926201479509, 1004515.020627785357647 ], [ 992173.576379956793971, 1004522.119197480147704 ], [ 992202.533230293774977, 1004490.954421364585869 ], [ 992194.787680406472646, 1004483.855849972576834 ], [ 992165.841926201479509, 1004515.020627785357647 ] ] ] } },
{ "type": "Feature", "properties": { "element": "way", "id": 1114150958, "addr:city": null, "addr:street": null, "alt_name": null, "brand:wikidata": null, "brand:wikipedia": null, "building": "apartments", "name": null, "operator": null, "shop": null, "amenity": null, "check_date": null, "denomination": null, "religion": null, "building:levels": "5", "source": null, "addr:housenumber": null, "phone": null, "layer": null, "addr:unit": null, "healthcare": null, "addr:postcode": null, "operator:wikidata": null, "waste": null, "building:flats": null, "community_centre": null, "healthcare:speciality": null, "type": null, "bus": null, "internet_access": null, "public_transport": null, "wheelchair": null, "wikidata": null, "wikipedia": null, "network": null }, "geometry": { "type": "Polygon", "coordinates": [ [ [ 992114.06133313360624, 1004548.288754337932914 ], [ 992121.795787309412844, 1004555.376260859891772 ], [ 992150.752604966633953, 1004524.211464912514202 ], [ 992143.007054661167786, 1004517.123956700437702 ], [ 992114.06133313360624, 1004548.288754337932914 ] ] ] } },
{ "type": "Feature", "properties": { "element": "way", "id": 1114150959, "addr:city": null, "addr:street": null, "alt_name": null, "brand:wikidata": null, "brand:wikipedia": null, "building": "apartments", "name": null, "operator": null, "shop": null, "amenity": null, "check_date": null, "denomination": null, "religion": null, "building:levels": "5", "source": null, "addr:housenumber": null, "phone": null, "layer": null, "addr:unit": null, "healthcare": null, "addr:postcode": null, "operator:wikidata": null, "waste": null, "building:flats": null, "community_centre": null, "healthcare:speciality": null, "type": null, "bus": null, "internet_access": null, "public_transport": null, "wheelchair": null, "wikidata": null, "wikipedia": null, "network": null }, "geometry": { "type": "Polygon", "coordinates": [ [ [ 992125.257924038800411, 1004557.974582122988068 ], [ 992133.003473110613413, 1004565.073146785493009 ], [ 992161.960291517199948, 1004533.908354901359417 ], [ 992154.214742077165283, 1004526.809787436039187 ], [ 992125.257924038800411, 1004557.974582122988068 ] ] ] } },
{ "type": "Feature", "properties": { "element": "way", "id": 1114150960, "addr:city": null, "addr:street": null, "alt_name": null, "brand:wikidata": null, "brand:wikipedia": null, "building": "apartments", "name": null, "operator": null, "shop": null, "amenity": null, "check_date": null, "denomination": null, "religion": null, "building:levels": "5", "source": null, "addr:housenumber": null, "phone": null, "layer": null, "addr:unit": null, "healthcare": null, "addr:postcode": null, "operator:wikidata": null, "waste": null, "building:flats": null, "community_centre": null, "healthcare:speciality": null, "type": null, "bus": null, "internet_access": null, "public_transport": null, "wheelchair": null, "wikidata": null, "wikipedia": null, "network": null }, "geometry": { "type": "Polygon", "coordinates": [ [ [ 992091.925123771186918, 1004546.599078644183464 ], [ 992124.993437717552297, 1004576.065761613775976 ], [ 992130.196770197944716, 1004570.303938257973641 ], [ 992097.139551604166627, 1004540.837252021185122 ], [ 992091.925123771186918, 1004546.599078644183464 ] ] ] } },
{ "type": "Feature", "properties": { "element": "way", "id": 1114150961, "addr:city": null, "addr:street": null, "alt_name": null, "brand:wikidata": null, "brand:wikipedia": null, "building": "apartments", "name": null, "operator": null, "shop": null, "amenity": null, "check_date": null, "denomination": null, "religion": null, "building:levels": "5", "source": null, "addr:housenumber": null, "phone": null, "layer": null, "addr:unit": null, "healthcare": null, "addr:postcode": null, "operator:wikidata": null, "waste": null, "building:flats": null, "community_centre": null, "healthcare:speciality": null, "type": null, "bus": null, "internet_access": null, "public_transport": null, "wheelchair": null, "wikidata": null, "wikipedia": null, "network": null }, "geometry": { "type": "Polygon", "coordinates": [ [ [ 992056.515345443505794, 1004514.8214900464518 ], [ 992088.18551243445836, 1004543.215657247463241 ], [ 992093.688399979844689, 1004537.155231003998779 ], [ 992062.018232603790238, 1004508.761061623925343 ], [ 992056.515345443505794, 1004514.8214900464518 ] ] ] } },
{ "type": "Feature", "properties": { "element": "way", "id": 1160697225, "addr:city": null, "addr:street": null, "alt_name": null, "brand:wikidata": null, "brand:wikipedia": null, "building": "apartments", "name": null, "operator": null, "shop": null, "amenity": null, "check_date": null, "denomination": null, "religion": null, "building:levels": null, "source": null, "addr:housenumber": null, "phone": null, "layer": null, "addr:unit": null, "healthcare": null, "addr:postcode": null, "operator:wikidata": null, "waste": null, "building:flats": null, "community_centre": null, "healthcare:speciality": null, "type": null, "bus": null, "internet_access": null, "public_transport": null, "wheelchair": null, "wikidata": null, "wikipedia": null, "network": null }, "geometry": { "type": "Polygon", "coordinates": [ [ [ 991532.099813353270292, 1005063.051514054415748 ], [ 991533.198407998890616, 1005064.179328438476659 ], [ 991541.741205043741502, 1005055.984308102750219 ], [ 991540.731384256505407, 1005054.933891194639727 ], [ 991542.040539796464145, 1005053.673119456740096 ], [ 991524.074624516419135, 1005035.185804514097981 ], [ 991522.69890076352749, 1005036.501874551642686 ], [ 991521.655790010816418, 1005035.42934514884837 ], [ 991513.179559728479944, 1005043.558011443703435 ], [ 991514.34473741822876, 1005044.763225527363829 ], [ 991513.357322531868704, 1005045.7032761934679 ], [ 991531.123492985381745, 1005063.980505141080357 ], [ 991532.099813353270292, 1005063.051514054415748 ] ] ] } },
{ "type": "Feature", "properties": { "element": "way", "id": 1160697226, "addr:city": null, "addr:street": null, "alt_name": null, "brand:wikidata": null, "brand:wikipedia": null, "building": "apartments", "name": null, "operator": null, "shop": null, "amenity": null, "check_date": null, "denomination": null, "religion": null, "building:levels": null, "source": null, "addr:housenumber": null, "phone": null, "layer": null, "addr:unit": null, "healthcare": null, "addr:postcode": null, "operator:wikidata": null, "waste": null, "building:flats": null, "community_centre": null, "healthcare:speciality": null, "type": null, "bus": null, "internet_access": null, "public_transport": null, "wheelchair": null, "wikidata": null, "wikipedia": null, "network": null }, "geometry": { "type": "Polygon", "coordinates": [ [ [ 991511.725890459725633, 1005042.319654054590501 ], [ 991512.824485687538981, 1005043.447468157391995 ], [ 991521.367282934254035, 1005035.252445651451126 ], [ 991520.357461608480662, 1005034.202029002131894 ], [ 991521.666617178125307, 1005032.941256931517273 ], [ 991503.700692366342992, 1005014.453946589259431 ], [ 991502.324968579923734, 1005015.770016976399347 ], [ 991501.281857272726484, 1005014.697487840545364 ], [ 991492.805626790621318, 1005022.826156288501807 ], [ 991493.970805100048892, 1005024.031370073906146 ], [ 991492.994485881412402, 1005024.971419789129868 ], [ 991510.749570066807792, 1005043.248645389336161 ], [ 991511.725890459725633, 1005042.319654054590501 ] ] ] } },
{ "type": "Feature", "properties": { "element": "way", "id": 1160697227, "addr:city": null, "addr:street": null, "alt_name": null, "brand:wikidata": null, "brand:wikipedia": null, "building": "apartments", "name": null, "operator": null, "shop": null, "amenity": null, "check_date": null, "denomination": null, "religion": null, "building:levels": null, "source": null, "addr:housenumber": null, "phone": null, "layer": null, "addr:unit": null, "healthcare": null, "addr:postcode": null, "operator:wikidata": null, "waste": null, "building:flats": null, "community_centre": null, "healthcare:speciality": null, "type": null, "bus": null, "internet_access": null, "public_transport": null, "wheelchair": null, "wikidata": null, "wikipedia": null, "network": null }, "geometry": { "type": "Polygon", "coordinates": [ [ [ 991471.421798268915154, 1005000.468865763163194 ], [ 991472.520395860192366, 1005001.607737473910674 ], [ 991481.074288098025136, 1004993.401651310967281 ], [ 991480.053371196612716, 1004992.36229454074055 ], [ 991481.373621339094825, 1004991.090462445514277 ], [ 991463.396581785287708, 1004972.603162405546755 ], [ 991462.020859120762907, 1004973.93029164779 ], [ 991460.977746707038023, 1004972.857763040461577 ], [ 991452.501515734358691, 1004980.986435744096525 ], [ 991453.66669408173766, 1004982.180590774863958 ], [ 991452.6903748071054, 1004983.120640980312601 ], [ 991470.456573513452895, 1005001.397856383351609 ], [ 991471.421798268915154, 1005000.468865763163194 ] ] ] } },
{ "type": "Feature", "properties": { "element": "way", "id": 1160697228, "addr:city": null, "addr:street": null, "alt_name": null, "brand:wikidata": null, "brand:wikipedia": null, "building": "apartments", "name": null, "operator": null, "shop": null, "amenity": null, "check_date": null, "denomination": null, "religion": null, "building:levels": null, "source": null, "addr:housenumber": null, "phone": null, "layer": null, "addr:unit": null, "healthcare": null, "addr:postcode": null, "operator:wikidata": null, "waste": null, "building:flats": null, "community_centre": null, "healthcare:speciality": null, "type": null, "bus": null, "internet_access": null, "public_transport": null, "wheelchair": null, "wikidata": null, "wikipedia": null, "network": null }, "geometry": { "type": "Polygon", "coordinates": [ [ [ 991491.795743840397336, 1005021.211773607763462 ], [ 991492.89433964912314, 1005022.339587435475551 ], [ 991501.448232879396528, 1005014.144561609835364 ], [ 991500.427315321867354, 1005013.094146413612179 ], [ 991501.747566629317589, 1005011.833372818189673 ], [ 991483.770536611787975, 1004993.346068176208064 ], [ 991482.394812779384665, 1004994.662138904677704 ], [ 991481.351700918748975, 1004993.589610030408949 ], [ 991472.875470147584565, 1005001.718280581058934 ], [ 991474.040649078087881, 1005002.923494074377231 ], [ 991473.064329825807363, 1005003.863544032094069 ], [ 991490.830519105889834, 1005022.14076398301404 ], [ 991491.795743840397336, 1005021.211773607763462 ] ] ] } },
{ "type": "Feature", "properties": { "element": "way", "id": 1160697229, "addr:city": null, "addr:street": null, "alt_name": null, "brand:wikidata": null, "brand:wikipedia": null, "building": "apartments", "name": null, "operator": null, "shop": null, "amenity": null, "check_date": null, "denomination": null, "religion": null, "building:levels": null, "source": null, "addr:housenumber": null, "phone": null, "layer": null, "addr:unit": null, "healthcare": null, "addr:postcode": null, "operator:wikidata": null, "waste": null, "building:flats": null, "community_centre": null, "healthcare:speciality": null, "type": null, "bus": null, "internet_access": null, "public_transport": null, "wheelchair": null, "wikidata": null, "wikipedia": null, "network": null }, "geometry": { "type": "Polygon", "coordinates": [ [ [ 991496.850172677077353, 1004973.097152134403586 ], [ 991497.95986596995499, 1004974.236022992292419 ], [ 991506.502668142784387, 1004966.029940949636512 ], [ 991505.48175123508554, 1004964.990583855775185 ], [ 991506.802002249518409, 1004963.718752210959792 ], [ 991488.82496262260247, 1004945.231446477817371 ], [ 991487.449239046080038, 1004946.558575250557624 ], [ 991486.406126630841754, 1004945.486046312609687 ], [ 991477.929890072788112, 1004953.614716123673134 ], [ 991479.106164129101671, 1004954.80887031997554 ], [ 991478.118748506996781, 1004955.748921395512298 ], [ 991495.884947283077054, 1004974.026142425253056 ], [ 991496.850172677077353, 1004973.097152134403586 ] ] ] } },
{ "type": "Feature", "properties": { "element": "way", "id": 1160697230, "addr:city": null, "addr:street": null, "alt_name": null, "brand:wikidata": null, "brand:wikipedia": null, "building": "apartments", "name": null, "operator": null, "shop": null, "amenity": null, "check_date": null, "denomination": null, "religion": null, "building:levels": null, "source": null, "addr:housenumber": null, "phone": null, "layer": null, "addr:unit": null, "healthcare": null, "addr:postcode": null, "operator:wikidata": null, "waste": null, "building:flats": null, "community_centre": null, "healthcare:speciality": null, "type": null, "bus": null, "internet_access": null, "public_transport": null, "wheelchair": null, "wikidata": null, "wikipedia": null, "network": null }, "geometry": { "type": "Polygon", "coordinates": [ [ [ 991517.224118400947191, 1004993.840066434699111 ], [ 991518.333809911971912, 1004994.96787941234652 ], [ 991526.87661307817325, 1004986.772857703501359 ], [ 991525.85569551656954, 1004985.722442184109241 ], [ 991527.175947695039213, 1004984.461669038981199 ], [ 991509.198917602538131, 1004965.974358703591861 ], [ 991507.823192863143049, 1004967.290428962674923 ], [ 991506.780080999596976, 1004966.217899757670239 ], [ 991498.303844642825425, 1004974.346567416097969 ], [ 991499.480119275627658, 1004975.551780077745207 ], [ 991498.492703679017723, 1004976.491830902639776 ], [ 991516.258893029182218, 1004994.769056480494328 ], [ 991517.224118400947191, 1004993.840066434699111 ] ] ] } },
{ "type": "Feature", "properties": { "element": "way", "id": 1160697231, "addr:city": null, "addr:street": null, "alt_name": null, "brand:wikidata": null, "brand:wikipedia": null, "building": "apartments", "name": null, "operator": null, "shop": null, "amenity": null, "check_date": null, "denomination": null, "religion": null, "building:levels": null, "source": null, "addr:housenumber": null, "phone": null, "layer": null, "addr:unit": null, "healthcare": null, "addr:postcode": null, "operator:wikidata": null, "waste": null, "building:flats": null, "community_centre": null, "healthcare:speciality": null, "type": null, "bus": null, "internet_access": null, "public_transport": null, "wheelchair": null, "wikidata": null, "wikipedia": null, "network": null }, "geometry": { "type": "Polygon", "coordinates": [ [ [ 991537.154264901997522, 1005014.94795318657998 ], [ 991538.252860135049559, 1005016.075767637346871 ], [ 991546.806758707738481, 1005007.880746852839366 ], [ 991545.785841685137711, 1005006.83033107756637 ], [ 991547.106093817623332, 1005005.569558260031044 ], [ 991529.129073237301782, 1004987.082243421231396 ], [ 991527.753348545287736, 1004988.39831333886832 ], [ 991526.710237233666703, 1004987.325783872860484 ], [ 991518.234001164208166, 1004995.454449428361841 ], [ 991519.399179479107261, 1004996.659663582337089 ], [ 991518.422859614365734, 1004997.599712964496575 ], [ 991536.189039562130347, 1005015.876942992792465 ], [ 991537.154264901997522, 1005014.94795318657998 ] ] ] } },
{ "type": "Feature", "properties": { "element": "way", "id": 1160697232, "addr:city": null, "addr:street": null, "alt_name": null, "brand:wikidata": null, "brand:wikipedia": null, "building": "apartments", "name": null, "operator": null, "shop": null, "amenity": null, "check_date": null, "denomination": null, "religion": null, "building:levels": null, "source": null, "addr:housenumber": null, "phone": null, "layer": null, "addr:unit": null, "healthcare": null, "addr:postcode": null, "operator:wikidata": null, "waste": null, "building:flats": null, "community_centre": null, "healthcare:speciality": null, "type": null, "bus": null, "internet_access": null, "public_transport": null, "wheelchair": null, "wikidata": null, "wikipedia": null, "network": null }, "geometry": { "type": "Polygon", "coordinates": [ [ [ 991557.528187953983434, 1005035.679819642449729 ], [ 991558.626782604958862, 1005036.807634374592453 ], [ 991567.180680972989649, 1005028.612615762744099 ], [ 991566.15976449183654, 1005027.562199726002291 ], [ 991567.480016591725871, 1005026.301427243975922 ], [ 991549.503005545469932, 1005007.814107801881619 ], [ 991548.127280888496898, 1005009.130177370272577 ], [ 991547.08417012845166, 1005008.057647636975162 ], [ 991538.607934260042384, 1005016.186311039491557 ], [ 991539.773111955146305, 1005017.39152549195569 ], [ 991538.796792112640105, 1005018.331574626150541 ], [ 991556.562962637515739, 1005036.608809203607962 ], [ 991557.528187953983434, 1005035.679819642449729 ] ] ] } },
{ "type": "Feature", "properties": { "element": "way", "id": 1160697233, "addr:city": null, "addr:street": null, "alt_name": null, "brand:wikidata": null, "brand:wikipedia": null, "building": "apartments", "name": null, "operator": null, "shop": null, "amenity": null, "check_date": null, "denomination": null, "religion": null, "building:levels": null, "source": null, "addr:housenumber": null, "phone": null, "layer": null, "addr:unit": null, "healthcare": null, "addr:postcode": null, "operator:wikidata": null, "waste": null, "building:flats": null, "community_centre": null, "healthcare:speciality": null, "type": null, "bus": null, "internet_access": null, "public_transport": null, "wheelchair": null, "wikidata": null, "wikipedia": null, "network": null }, "geometry": { "type": "Polygon", "coordinates": [ [ [ 991543.280667907791212, 1004926.537268847925588 ], [ 991544.379264267976396, 1004927.665083377971314 ], [ 991552.922077538562007, 1004919.470064806868322 ], [ 991551.901159471250139, 1004918.419648958486505 ], [ 991553.221413207938895, 1004917.158876298344694 ], [ 991535.255469918716699, 1004898.67155897396151 ], [ 991533.868647842900828, 1004899.987629922921769 ], [ 991532.836631172918715, 1004898.915099186357111 ], [ 991524.360384791856632, 1004907.043763729627244 ], [ 991525.525564298266545, 1004908.248977967421524 ], [ 991524.538147537503392, 1004909.189028429682367 ], [ 991542.304345687967725, 1004927.466259733424522 ], [ 991543.280667907791212, 1004926.537268847925588 ] ] ] } },
{ "type": "Feature", "properties": { "element": "way", "id": 1160697234, "addr:city": null, "addr:street": null, "alt_name": null, "brand:wikidata": null, "brand:wikipedia": null, "building": "apartments", "name": null, "operator": null, "shop": null, "amenity": null, "check_date": null, "denomination": null, "religion": null, "building:levels": null, "source": null, "addr:housenumber": null, "phone": null, "layer": null, "addr:unit": null, "healthcare": null, "addr:postcode": null, "operator:wikidata": null, "waste": null, "building:flats": null, "community_centre": null, "healthcare:speciality": null, "type": null, "bus": null, "internet_access": null, "public_transport": null, "wheelchair": null, "wikidata": null, "wikipedia": null, "network": null }, "geometry": { "type": "Polygon", "coordinates": [ [ [ 991563.654611855163239, 1004947.269136774004437 ], [ 991564.753208820475265, 1004948.408009749371558 ], [ 991573.296020702226087, 1004940.201935183838941 ], [ 991572.275103176478297, 1004939.151519073871896 ], [ 991573.595356880570762, 1004937.890746749006212 ], [ 991555.62942312087398, 1004919.403424825053662 ], [ 991554.242601081379689, 1004920.719495421741158 ], [ 991553.210584961576387, 1004919.646964420797303 ], [ 991544.734338781330734, 1004927.775626811548136 ], [ 991545.899517669575289, 1004928.980841347714886 ], [ 991544.912100932560861, 1004929.92089155933354 ], [ 991562.678289660369046, 1004948.198127411305904 ], [ 991563.654611855163239, 1004947.269136774004437 ] ] ] } },
{ "type": "Feature", "properties": { "element": "way", "id": 1160697235, "addr:city": null, "addr:street": null, "alt_name": null, "brand:wikidata": null, "brand:wikipedia": null, "building": "apartments", "name": null, "operator": null, "shop": null, "amenity": null, "check_date": null, "denomination": null, "religion": null, "building:levels": null, "source": null, "addr:housenumber": null, "phone": null, "layer": null, "addr:unit": null, "healthcare": null, "addr:postcode": null, "operator:wikidata": null, "waste": null, "building:flats": null, "community_centre": null, "healthcare:speciality": null, "type": null, "bus": null, "internet_access": null, "public_transport": null, "wheelchair": null, "wikidata": null, "wikipedia": null, "network": null }, "geometry": { "type": "Polygon", "coordinates": [ [ [ 991583.573661593603902, 1004968.377036230289377 ], [ 991584.683353674598038, 1004969.515908292378299 ], [ 991593.226165271946229, 1004961.309835845953785 ], [ 991592.205248285084963, 1004960.259419480222277 ], [ 991593.525501943193376, 1004958.998647482949309 ], [ 991575.548481988604181, 1004940.511322247446515 ], [ 991574.172755702747963, 1004941.827391310594976 ], [ 991573.129644428612664, 1004940.754861241090111 ], [ 991564.653398535214365, 1004948.88352153042797 ], [ 991565.829672508523799, 1004950.088735167402774 ], [ 991564.842255806666799, 1004951.028785133967176 ], [ 991582.608435132890008, 1004969.306025436730124 ], [ 991583.573661593603902, 1004968.377036230289377 ] ] ] } },
{ "type": "Feature", "properties": { "element": "way", "id": 1160697236, "addr:city": null, "addr:street": null, "alt_name": null, "brand:wikidata": null, "brand:wikipedia": null, "building": "apartments", "name": null, "operator": null, "shop": null, "amenity": null, "check_date": null, "denomination": null, "religion": null, "building:levels": null, "source": null, "addr:housenumber": null, "phone": null, "layer": null, "addr:unit": null, "healthcare": null, "addr:postcode": null, "operator:wikidata": null, "waste": null, "building:flats": null, "community_centre": null, "healthcare:speciality": null, "type": null, "bus": null, "internet_access": null, "public_transport": null, "wheelchair": null, "wikidata": null, "wikipedia": null, "network": null }, "geometry": { "type": "Polygon", "coordinates": [ [ [ 991603.947584070730954, 1004989.108914474258199 ], [ 991605.057275563827716, 1004990.247786820633337 ], [ 991613.600086962804198, 1004982.041716543957591 ], [ 991612.579171697958373, 1004981.00235808105208 ], [ 991613.899424144299701, 1004979.730528254760429 ], [ 991595.922413721680641, 1004961.243198415730149 ], [ 991594.546688653645106, 1004962.570325293461792 ], [ 991593.503577931318432, 1004961.497794956900179 ], [ 991585.027331055258401, 1004969.615394929423928 ], [ 991586.203604405978695, 1004970.82060886756517 ], [ 991585.216187729267403, 1004971.760658583254553 ], [ 991602.982357632019557, 1004990.037903435761109 ], [ 991603.947584070730954, 1004989.108914474258199 ] ] ] } },
{ "type": "Feature", "properties": { "element": "way", "id": 1160697237, "addr:city": null, "addr:street": null, "alt_name": null, "brand:wikidata": null, "brand:wikipedia": null, "building": "apartments", "name": null, "operator": null, "shop": null, "amenity": null, "check_date": null, "denomination": null, "religion": null, "building:levels": null, "source": null, "addr:housenumber": null, "phone": null, "layer": null, "addr:unit": null, "healthcare": null, "addr:postcode": null, "operator:wikidata": null, "waste": null, "building:flats": null, "community_centre": null, "healthcare:speciality": null, "type": null, "bus": null, "internet_access": null, "public_transport": null, "wheelchair": null, "wikidata": null, "wikipedia": null, "network": null }, "geometry": { "type": "Polygon", "coordinates": [ [ [ 991569.907858711667359, 1004903.179564780555665 ], [ 991571.017550712800585, 1004904.307378484867513 ], [ 991579.560369293671101, 1004896.112362946150824 ], [ 991578.539451289805584, 1004895.061946758651175 ], [ 991579.859705846640281, 1004893.801174567081034 ], [ 991561.88266796246171, 1004875.313852469320409 ], [ 991560.506940743303858, 1004876.6299217347987 ], [ 991559.463828427484259, 1004875.557391847483814 ], [ 991550.987576778396033, 1004883.686053383164108 ], [ 991552.163851924124174, 1004884.8912668148987 ], [ 991551.176434550667182, 1004885.831316926633008 ], [ 991568.942631597514264, 1004904.10855412890669 ], [ 991569.907858711667359, 1004903.179564780555665 ] ] ] } },
{ "type": "Feature", "properties": { "element": "way", "id": 1160697238, "addr:city": null, "addr:street": null, "alt_name": null, "brand:wikidata": null, "brand:wikipedia": null, "building": "apartments", "name": null, "operator": null, "shop": null, "amenity": null, "check_date": null, "denomination": null, "religion": null, "building:levels": null, "source": null, "addr:housenumber": null, "phone": null, "layer": null, "addr:unit": null, "healthcare": null, "addr:postcode": null, "operator:wikidata": null, "waste": null, "building:flats": null, "community_centre": null, "healthcare:speciality": null, "type": null, "bus": null, "internet_access": null, "public_transport": null, "wheelchair": null, "wikidata": null, "wikipedia": null, "network": null }, "geometry": { "type": "Polygon", "coordinates": [ [ [ 991590.281801473698579, 1004923.911439470946789 ], [ 991591.380398365086876, 1004925.050312810926698 ], [ 991599.934311270597391, 1004916.844240090344101 ], [ 991598.91339380829595, 1004915.793823641492054 ], [ 991600.233648331137374, 1004914.53305178496521 ], [ 991582.256619978928939, 1004896.045725084492005 ], [ 991580.880892793298699, 1004897.3617940004915 ], [ 991579.837781030451879, 1004896.289263846119866 ], [ 991571.361529582063667, 1004904.417923229397275 ], [ 991572.526708395686001, 1004905.623138152295724 ], [ 991571.550386756891385, 1004906.563186823274009 ], [ 991589.316574381431565, 1004924.840428574476391 ], [ 991590.281801473698579, 1004923.911439470946789 ] ] ] } },
{ "type": "Feature", "properties": { "element": "way", "id": 1160697239, "addr:city": null, "addr:street": null, "alt_name": null, "brand:wikidata": null, "brand:wikipedia": null, "building": "apartments", "name": null, "operator": null, "shop": null, "amenity": null, "check_date": null, "denomination": null, "religion": null, "building:levels": null, "source": null, "addr:housenumber": null, "phone": null, "layer": null, "addr:unit": null, "healthcare": null, "addr:postcode": null, "operator:wikidata": null, "waste": null, "building:flats": null, "community_centre": null, "healthcare:speciality": null, "type": null, "bus": null, "internet_access": null, "public_transport": null, "wheelchair": null, "wikidata": null, "wikipedia": null, "network": null }, "geometry": { "type": "Polygon", "coordinates": [ [ [ 991610.211945467628539, 1004945.019344346597791 ], [ 991611.31054177833721, 1004946.158217961783521 ], [ 991619.853358687716536, 1004937.952148546348326 ], [ 991618.843537470558658, 1004936.901730658253655 ], [ 991620.15269624220673, 1004935.640960312564857 ], [ 991602.186773106106557, 1004917.153627924853936 ], [ 991600.811045967740938, 1004918.469696499756537 ], [ 991599.767934756819159, 1004917.397166083799675 ], [ 991591.291683595161885, 1004925.525823364849202 ], [ 991592.456861790618859, 1004926.731038579600863 ], [ 991591.480540183954872, 1004927.671087008435279 ], [ 991609.246718407259323, 1004945.948333210544661 ], [ 991610.211945467628539, 1004945.019344346597791 ] ] ] } },
{ "type": "Feature", "properties": { "element": "way", "id": 1160697240, "addr:city": null, "addr:street": null, "alt_name": null, "brand:wikidata": null, "brand:wikipedia": null, "building": "apartments", "name": null, "operator": null, "shop": null, "amenity": null, "check_date": null, "denomination": null, "religion": null, "building:levels": null, "source": null, "addr:housenumber": null, "phone": null, "layer": null, "addr:unit": null, "healthcare": null, "addr:postcode": null, "operator:wikidata": null, "waste": null, "building:flats": null, "community_centre": null, "healthcare:speciality": null, "type": null, "bus": null, "internet_access": null, "public_transport": null, "wheelchair": null, "wikidata": null, "wikipedia": null, "network": null }, "geometry": { "type": "Polygon", "coordinates": [ [ [ 991630.585866757435724, 1004965.751229358604178 ], [ 991631.684462483157404, 1004966.890103255165741 ], [ 991640.227279194281437, 1004958.684036009595729 ], [ 991639.21745969238691, 1004957.644676026888192 ], [ 991640.526617257739417, 1004956.37284784973599 ], [ 991622.56070365163032, 1004937.885510860593058 ], [ 991621.184977725846693, 1004939.212637250195257 ], [ 991620.141867068130523, 1004938.140106567181647 ], [ 991611.665614928817376, 1004946.257703531417064 ], [ 991612.830792503198609, 1004947.46291904465761 ], [ 991611.854470918653533, 1004948.402967225410976 ], [ 991629.620639718952589, 1004966.68021797738038 ], [ 991630.585866757435724, 1004965.751229358604178 ] ] ] } },
{ "type": "Feature", "properties": { "element": "way", "id": 1160697241, "addr:city": null, "addr:street": null, "alt_name": null, "brand:wikidata": null, "brand:wikipedia": null, "building": "apartments", "name": null, "operator": null, "shop": null, "amenity": null, "check_date": null, "denomination": null, "religion": null, "building:levels": null, "source": null, "addr:housenumber": null, "phone": null, "layer": null, "addr:unit": null, "healthcare": null, "addr:postcode": null, "operator:wikidata": null, "waste": null, "building:flats": null, "community_centre": null, "healthcare:speciality": null, "type": null, "bus": null, "internet_access": null, "public_transport": null, "wheelchair": null, "wikidata": null, "wikipedia": null, "network": null }, "geometry": { "type": "Polygon", "coordinates": [ [ [ 991448.667643193621188, 1005029.123044090112671 ], [ 991449.766239522723481, 1005030.250857325387187 ], [ 991458.309031763812527, 1005022.055827904841863 ], [ 991457.288113719783723, 1005021.00541325926315 ], [ 991458.608364213374443, 1005019.74463892262429 ], [ 991440.642421356402338, 1005001.257342767436057 ], [ 991439.266698373132385, 1005002.573414268088527 ], [ 991438.223586020292714, 1005001.500885955989361 ], [ 991429.747360499459319, 1005009.629561264649965 ], [ 991430.912539987126365, 1005010.834774130024016 ], [ 991429.925125646986999, 1005011.774825845961459 ], [ 991447.691323366598226, 1005030.052036215201952 ], [ 991448.667643193621188, 1005029.123044090112671 ] ] ] } },
{ "type": "Feature", "properties": { "element": "way", "id": 1160697242, "addr:city": null, "addr:street": null, "alt_name": null, "brand:wikidata": null, "brand:wikipedia": null, "building": "apartments", "name": null, "operator": null, "shop": null, "amenity": null, "check_date": null, "denomination": null, "religion": null, "building:levels": null, "source": null, "addr:housenumber": null, "phone": null, "layer": null, "addr:unit": null, "healthcare": null, "addr:postcode": null, "operator:wikidata": null, "waste": null, "building:flats": null, "community_centre": null, "healthcare:speciality": null, "type": null, "bus": null, "internet_access": null, "public_transport": null, "wheelchair": null, "wikidata": null, "wikipedia": null, "network": null }, "geometry": { "type": "Polygon", "coordinates": [ [ [ 991469.041586366598494, 1005049.854887997615151 ], [ 991470.140183312934823, 1005050.993759678909555 ], [ 991478.682974150869995, 1005042.787674263585359 ], [ 991477.662056648405269, 1005041.737259356654249 ], [ 991478.982307110563852, 1005040.476485355291516 ], [ 991461.016373783699237, 1005021.989184601115994 ], [ 991459.62955634156242, 1005023.316315123229288 ], [ 991458.597540236427449, 1005022.243785337894224 ], [ 991450.121313715120777, 1005030.361400328809395 ], [ 991451.286492582992651, 1005031.566613492555916 ], [ 991450.299078268115409, 1005032.506664957734756 ], [ 991468.065266563324258, 1005050.783879874623381 ], [ 991469.041586366598494, 1005049.854887997615151 ] ] ] } },
{ "type": "Feature", "properties": { "element": "way", "id": 1160697243, "addr:city": null, "addr:street": null, "alt_name": null, "brand:wikidata": null, "brand:wikipedia": null, "building": "apartments", "name": null, "operator": null, "shop": null, "amenity": null, "check_date": null, "denomination": null, "religion": null, "building:levels": null, "source": null, "addr:housenumber": null, "phone": null, "layer": null, "addr:unit": null, "healthcare": null, "addr:postcode": null, "operator:wikidata": null, "waste": null, "building:flats": null, "community_centre": null, "healthcare:speciality": null, "type": null, "bus": null, "internet_access": null, "public_transport": null, "wheelchair": null, "wikidata": null, "wikipedia": null, "network": null }, "geometry": { "type": "Polygon", "coordinates": [ [ [ 991488.960636371746659, 1005070.962764009251259 ], [ 991490.070328420726582, 1005072.101634763530456 ], [ 991498.613118972047232, 1005063.895551467663608 ], [ 991497.592202011379413, 1005062.845136305200867 ], [ 991498.912452426040545, 1005061.584362631430849 ], [ 991480.935432920348831, 1005043.097058580256999 ], [ 991479.559710018336773, 1005044.413129390450194 ], [ 991478.51659996714443, 1005043.351658714935184 ], [ 991470.040373738971539, 1005051.46927160420455 ], [ 991471.216647678986192, 1005052.674483854556456 ], [ 991470.229233397985809, 1005053.614535074797459 ], [ 991487.995412289747037, 1005071.89175444166176 ], [ 991488.960636371746659, 1005070.962764009251259 ] ] ] } },
{ "type": "Feature", "properties": { "element": "way", "id": 1160697244, "addr:city": null, "addr:street": null, "alt_name": null, "brand:wikidata": null, "brand:wikipedia": null, "building": "apartments", "name": null, "operator": null, "shop": null, "amenity": null, "check_date": null, "denomination": null, "religion": null, "building:levels": null, "source": null, "addr:housenumber": null, "phone": null, "layer": null, "addr:unit": null, "healthcare": null, "addr:postcode": null, "operator:wikidata": null, "waste": null, "building:flats": null, "community_centre": null, "healthcare:speciality": null, "type": null, "bus": null, "internet_access": null, "public_transport": null, "wheelchair": null, "wikidata": null, "wikipedia": null, "network": null }, "geometry": { "type": "Polygon", "coordinates": [ [ [ 991509.334558069007471, 1005091.694618233130313 ], [ 991510.444249529973604, 1005092.83348927134648 ], [ 991518.987039881991223, 1005084.627408145810477 ], [ 991517.966124657075852, 1005083.588050886406563 ], [ 991519.286373844952323, 1005082.316219383385032 ], [ 991501.309363874373958, 1005063.828910729265772 ], [ 991499.933642202522606, 1005065.156039354740642 ], [ 991498.890531505108811, 1005064.083510247291997 ], [ 991490.414306679042056, 1005072.212179148220457 ], [ 991491.590578798437491, 1005073.406333535094745 ], [ 991490.603165740496479, 1005074.357442669337615 ], [ 991508.369334010523744, 1005092.623608420253731 ], [ 991509.334558069007471, 1005091.694618233130313 ] ] ] } },
{ "type": "Feature", "properties": { "element": "way", "id": 1179883672, "addr:city": null, "addr:street": null, "alt_name": null, "brand:wikidata": null, "brand:wikipedia": null, "building": "yes", "name": null, "operator": null, "shop": "car_repair", "amenity": null, "check_date": null, "denomination": null, "religion": null, "building:levels": null, "source": null, "addr:housenumber": null, "phone": null, "layer": "1", "addr:unit": null, "healthcare": null, "addr:postcode": null, "operator:wikidata": null, "waste": null, "building:flats": null, "community_centre": null, "healthcare:speciality": null, "type": null, "bus": null, "internet_access": null, "public_transport": null, "wheelchair": null, "wikidata": null, "wikipedia": null, "network": null }, "geometry": { "type": "Polygon", "coordinates": [ [ [ 993562.616929891402833, 1006226.210711753112264 ], [ 993572.979196110274643, 1006214.643021993688308 ], [ 993470.704248067573644, 1006124.206753216916695 ], [ 993456.203042903682217, 1006132.081374967820011 ], [ 993562.616929891402833, 1006226.210711753112264 ] ] ] } },
{ "type": "Feature", "properties": { "element": "way", "id": 1193011837, "addr:city": null, "addr:street": null, "alt_name": null, "brand:wikidata": null, "brand:wikipedia": null, "building": "apartments", "name": null, "operator": null, "shop": null, "amenity": null, "check_date": null, "denomination": null, "religion": null, "building:levels": "7", "source": null, "addr:housenumber": null, "phone": null, "layer": null, "addr:unit": null, "healthcare": null, "addr:postcode": null, "operator:wikidata": null, "waste": null, "building:flats": "5", "community_centre": null, "healthcare:speciality": null, "type": null, "bus": null, "internet_access": null, "public_transport": null, "wheelchair": null, "wikidata": null, "wikipedia": null, "network": null }, "geometry": { "type": "Polygon", "coordinates": [ [ [ 991669.833232724340633, 1004564.623233535909094 ], [ 991679.063917790306732, 1004555.311282971058972 ], [ 991740.817731821793132, 1004611.623995959409513 ], [ 991728.46943614713382, 1004623.745040732785128 ], [ 991669.833232724340633, 1004564.623233535909094 ] ] ] } },
{ "type": "Feature", "properties": { "element": "way", "id": 1193011838, "addr:city": null, "addr:street": null, "alt_name": null, "brand:wikidata": null, "brand:wikipedia": null, "building": "apartments", "name": null, "operator": null, "shop": null, "amenity": null, "check_date": null, "denomination": null, "religion": null, "building:levels": "7", "source": null, "addr:housenumber": null, "phone": null, "layer": null, "addr:unit": null, "healthcare": null, "addr:postcode": null, "operator:wikidata": null, "waste": null, "building:flats": "4", "community_centre": null, "healthcare:speciality": null, "type": null, "bus": null, "internet_access": null, "public_transport": null, "wheelchair": null, "wikidata": null, "wikipedia": null, "network": null }, "geometry": { "type": "Polygon", "coordinates": [ [ [ 991643.793956138193607, 1004587.837080756551586 ], [ 991655.254631158895791, 1004576.158443393534981 ], [ 991704.069695766083896, 1004621.967247269582003 ], [ 991690.523067719186656, 1004634.099482772056945 ], [ 991643.793956138193607, 1004587.837080756551586 ] ] ] } },
{ "type": "Feature", "properties": { "element": "way", "id": 1193011839, "addr:city": null, "addr:street": null, "alt_name": null, "brand:wikidata": null, "brand:wikipedia": null, "building": "apartments", "name": null, "operator": null, "shop": null, "amenity": null, "check_date": null, "denomination": null, "religion": null, "building:levels": "7", "source": null, "addr:housenumber": null, "phone": null, "layer": null, "addr:unit": null, "healthcare": null, "addr:postcode": null, "operator:wikidata": null, "waste": null, "building:flats": "4", "community_centre": null, "healthcare:speciality": null, "type": null, "bus": null, "internet_access": null, "public_transport": null, "wheelchair": null, "wikidata": null, "wikipedia": null, "network": null }, "geometry": { "type": "Polygon", "coordinates": [ [ [ 991630.258378745289519, 1004599.515940727316774 ], [ 991619.840491048293188, 1004609.126594242290594 ], [ 991668.356410855427384, 1004659.082219442236237 ], [ 991681.303908862872049, 1004647.403428000747226 ], [ 991635.917684405110776, 1004603.949661928229034 ], [ 991630.258378745289519, 1004599.515940727316774 ] ] ] } },
{ "type": "Feature", "properties": { "element": "way", "id": 1193011840, "addr:city": "Bogotá", "addr:street": "Calle 6B #80g -17", "alt_name": null, "brand:wikidata": null, "brand:wikipedia": null, "building": "residential", "name": null, "operator": null, "shop": null, "amenity": null, "check_date": null, "denomination": null, "religion": null, "building:levels": "4", "source": null, "addr:housenumber": null, "phone": null, "layer": null, "addr:unit": null, "healthcare": null, "addr:postcode": "110821", "operator:wikidata": null, "waste": null, "building:flats": null, "community_centre": null, "healthcare:speciality": null, "type": null, "bus": null, "internet_access": null, "public_transport": null, "wheelchair": null, "wikidata": null, "wikipedia": null, "network": null }, "geometry": { "type": "Polygon", "coordinates": [ [ [ 991697.825489743961953, 1004647.54543769126758 ], [ 991710.018561270437203, 1004636.607627713005058 ], [ 991703.771109370398335, 1004631.433066380093805 ], [ 991692.310357161099091, 1004642.370799926109612 ], [ 991697.825489743961953, 1004647.54543769126758 ] ] ] } },
{ "type": "Feature", "properties": { "element": "way", "id": 1214643044, "addr:city": null, "addr:street": null, "alt_name": null, "brand:wikidata": null, "brand:wikipedia": null, "building": "school", "name": null, "operator": null, "shop": null, "amenity": null, "check_date": null, "denomination": null, "religion": null, "building:levels": null, "source": null, "addr:housenumber": null, "phone": null, "layer": null, "addr:unit": null, "healthcare": null, "addr:postcode": null, "operator:wikidata": null, "waste": null, "building:flats": null, "community_centre": null, "healthcare:speciality": null, "type": null, "bus": null, "internet_access": null, "public_transport": null, "wheelchair": null, "wikidata": null, "wikipedia": null, "network": null }, "geometry": { "type": "Polygon", "coordinates": [ [ [ 992314.178995846072212, 1004265.467527164379135 ], [ 992336.78317402524408, 1004286.376304150675423 ], [ 992325.444450104841962, 1004298.463979142718017 ], [ 992302.840272287488915, 1004277.555205356213264 ], [ 992314.178995846072212, 1004265.467527164379135 ] ] ] } },
{ "type": "Feature", "properties": { "element": "way", "id": 1214643045, "addr:city": null, "addr:street": null, "alt_name": null, "brand:wikidata": null, "brand:wikipedia": null, "building": "school", "name": null, "operator": null, "shop": null, "amenity": null, "check_date": null, "denomination": null, "religion": null, "building:levels": null, "source": null, "addr:housenumber": null, "phone": null, "layer": null, "addr:unit": null, "healthcare": null, "addr:postcode": null, "operator:wikidata": null, "waste": null, "building:flats": null, "community_centre": null, "healthcare:speciality": null, "type": null, "bus": null, "internet_access": null, "public_transport": null, "wheelchair": null, "wikidata": null, "wikipedia": null, "network": null }, "geometry": { "type": "Polygon", "coordinates": [ [ [ 992342.765300588333048, 1004301.713390644756146 ], [ 992379.456871596630663, 1004278.819435390294529 ], [ 992384.106722151278518, 1004286.172661955701187 ], [ 992347.404057493316941, 1004309.066616194439121 ], [ 992342.765300588333048, 1004301.713390644756146 ] ] ] } },
{ "type": "Feature", "properties": { "element": "way", "id": 1214643046, "addr:city": null, "addr:street": null, "alt_name": null, "brand:wikidata": null, "brand:wikipedia": null, "building": "school", "name": null, "operator": null, "shop": null, "amenity": null, "check_date": null, "denomination": null, "religion": null, "building:levels": null, "source": null, "addr:housenumber": null, "phone": null, "layer": null, "addr:unit": null, "healthcare": null, "addr:postcode": null, "operator:wikidata": null, "waste": null, "building:flats": null, "community_centre": null, "healthcare:speciality": null, "type": null, "bus": null, "internet_access": null, "public_transport": null, "wheelchair": null, "wikidata": null, "wikipedia": null, "network": null }, "geometry": { "type": "Polygon", "coordinates": [ [ [ 992387.957307664561085, 1004289.733017024816945 ], [ 992361.308444483671337, 1004323.064896420226432 ], [ 992369.375701801502146, 1004329.433614113135263 ], [ 992396.035663024289533, 1004296.112794502871111 ], [ 992387.957307664561085, 1004289.733017024816945 ] ] ] } },
{ "type": "Feature", "properties": { "element": "way", "id": 1214643047, "addr:city": null, "addr:street": null, "alt_name": null, "brand:wikidata": null, "brand:wikipedia": null, "building": "school", "name": null, "operator": null, "shop": null, "amenity": null, "check_date": null, "denomination": null, "religion": null, "building:levels": null, "source": null, "addr:housenumber": null, "phone": null, "layer": null, "addr:unit": null, "healthcare": null, "addr:postcode": null, "operator:wikidata": null, "waste": null, "building:flats": null, "community_centre": null, "healthcare:speciality": null, "type": null, "bus": null, "internet_access": null, "public_transport": null, "wheelchair": null, "wikidata": null, "wikipedia": null, "network": null }, "geometry": { "type": "Polygon", "coordinates": [ [ [ 992400.007676308974624, 1004293.204114449559711 ], [ 992400.800149945891462, 1004341.572432754328474 ], [ 992410.775247995159589, 1004341.416655527660623 ], [ 992409.993875218438916, 1004293.0372779838508 ], [ 992400.007676308974624, 1004293.204114449559711 ] ] ] } },
{ "type": "Feature", "properties": { "element": "way", "id": 1214643048, "addr:city": null, "addr:street": null, "alt_name": null, "brand:wikidata": null, "brand:wikipedia": null, "building": "school", "name": null, "operator": null, "shop": null, "amenity": null, "check_date": null, "denomination": null, "religion": null, "building:levels": null, "source": null, "addr:housenumber": null, "phone": null, "layer": null, "addr:unit": null, "healthcare": null, "addr:postcode": null, "operator:wikidata": null, "waste": null, "building:flats": null, "community_centre": null, "healthcare:speciality": null, "type": null, "bus": null, "internet_access": null, "public_transport": null, "wheelchair": null, "wikidata": null, "wikipedia": null, "network": null }, "geometry": { "type": "Polygon", "coordinates": [ [ [ 992415.419274105806835, 1004288.42550178989768 ], [ 992425.397956301225349, 1004325.425145818153396 ], [ 992431.045568590518087, 1004323.920692388666794 ], [ 992435.416710118413903, 1004317.683469353010878 ], [ 992426.725600724690594, 1004285.427651100442745 ], [ 992415.419274105806835, 1004288.42550178989768 ] ] ] } },
{ "type": "Feature", "properties": { "element": "way", "id": 1214643049, "addr:city": null, "addr:street": null, "alt_name": null, "brand:wikidata": null, "brand:wikipedia": null, "building": "school", "name": null, "operator": null, "shop": null, "amenity": null, "check_date": null, "denomination": null, "religion": null, "building:levels": null, "source": null, "addr:housenumber": null, "phone": null, "layer": null, "addr:unit": null, "healthcare": null, "addr:postcode": null, "operator:wikidata": null, "waste": null, "building:flats": null, "community_centre": null, "healthcare:speciality": null, "type": null, "bus": null, "internet_access": null, "public_transport": null, "wheelchair": null, "wikidata": null, "wikipedia": null, "network": null }, "geometry": { "type": "Polygon", "coordinates": [ [ [ 992428.933322414057329, 1004281.877769081271254 ], [ 992453.678675074363127, 1004299.889135125558823 ], [ 992460.845627128961496, 1004290.17938306753058 ], [ 992436.089177324902266, 1004272.168015859788284 ], [ 992428.933322414057329, 1004281.877769081271254 ] ] ] } },
{ "type": "Feature", "properties": { "element": "way", "id": 1214643050, "addr:city": null, "addr:street": null, "alt_name": null, "brand:wikidata": null, "brand:wikipedia": null, "building": "school", "name": null, "operator": null, "shop": null, "amenity": null, "check_date": null, "denomination": null, "religion": null, "building:levels": null, "source": null, "addr:housenumber": null, "phone": null, "layer": null, "addr:unit": null, "healthcare": null, "addr:postcode": null, "operator:wikidata": null, "waste": null, "building:flats": null, "community_centre": null, "healthcare:speciality": null, "type": null, "bus": null, "internet_access": null, "public_transport": null, "wheelchair": null, "wikidata": null, "wikipedia": null, "network": null }, "geometry": { "type": "Polygon", "coordinates": [ [ [ 992436.987251268932596, 1004265.035416017170064 ], [ 992463.541331089800224, 1004284.185601811856031 ], [ 992469.665407913271338, 1004275.80292979197111 ], [ 992453.175913763116114, 1004263.916987311094999 ], [ 992457.136593251954764, 1004258.487050735275261 ], [ 992473.648281624657102, 1004270.395108235417865 ], [ 992479.794550092890859, 1004261.990318621508777 ], [ 992453.218274235608988, 1004242.829071366111748 ], [ 992436.987251268932596, 1004265.035416017170064 ] ] ] } },
{ "type": "Feature", "properties": { "element": "way", "id": 1214643051, "addr:city": null, "addr:street": null, "alt_name": null, "brand:wikidata": null, "brand:wikipedia": null, "building": "school", "name": null, "operator": null, "shop": null, "amenity": null, "check_date": null, "denomination": null, "religion": null, "building:levels": null, "source": null, "addr:housenumber": null, "phone": null, "layer": null, "addr:unit": null, "healthcare": null, "addr:postcode": null, "operator:wikidata": null, "waste": null, "building:flats": null, "community_centre": null, "healthcare:speciality": null, "type": null, "bus": null, "internet_access": null, "public_transport": null, "wheelchair": null, "wikidata": null, "wikipedia": null, "network": null }, "geometry": { "type": "Polygon", "coordinates": [ [ [ 992389.205979742808267, 1004236.465736799989827 ], [ 992378.266727961483411, 1004248.951458935975097 ], [ 992382.261550234630704, 1004252.401218146085739 ], [ 992383.803695186274126, 1004250.63176316418685 ], [ 992385.989750855136663, 1004252.522497035213746 ], [ 992387.343289749231189, 1004250.985281747067347 ], [ 992397.130604161066003, 1004259.454886340419762 ], [ 992405.185267280437984, 1004250.264777031261474 ], [ 992389.205979742808267, 1004236.465736799989827 ] ] ] } },
{ "type": "Feature", "properties": { "element": "way", "id": 1214643052, "addr:city": null, "addr:street": null, "alt_name": null, "brand:wikidata": null, "brand:wikipedia": null, "building": "school", "name": null, "operator": null, "shop": null, "amenity": null, "check_date": null, "denomination": null, "religion": null, "building:levels": null, "source": null, "addr:housenumber": null, "phone": null, "layer": null, "addr:unit": null, "healthcare": null, "addr:postcode": null, "operator:wikidata": null, "waste": null, "building:flats": null, "community_centre": null, "healthcare:speciality": null, "type": null, "bus": null, "internet_access": null, "public_transport": null, "wheelchair": null, "wikidata": null, "wikipedia": null, "network": null }, "geometry": { "type": "Polygon", "coordinates": [ [ [ 992416.091368917142972, 1004239.161331944051199 ], [ 992407.193478027707897, 1004248.926545788766816 ], [ 992413.696181205450557, 1004254.775685421889648 ], [ 992422.594073283718899, 1004245.021530460566282 ], [ 992416.091368917142972, 1004239.161331944051199 ] ] ] } },
{ "type": "Feature", "properties": { "element": "way", "id": 1214643053, "addr:city": null, "addr:street": null, "alt_name": null, "brand:wikidata": null, "brand:wikipedia": null, "building": "school", "name": null, "operator": null, "shop": null, "amenity": null, "check_date": null, "denomination": null, "religion": null, "building:levels": null, "source": null, "addr:housenumber": null, "phone": null, "layer": null, "addr:unit": null, "healthcare": null, "addr:postcode": null, "operator:wikidata": null, "waste": null, "building:flats": null, "community_centre": null, "healthcare:speciality": null, "type": null, "bus": null, "internet_access": null, "public_transport": null, "wheelchair": null, "wikidata": null, "wikipedia": null, "network": null }, "geometry": { "type": "Polygon", "coordinates": [ [ [ 992407.889509826665744, 1004217.797756991581991 ], [ 992400.178586499299854, 1004224.643502680002712 ], [ 992411.996884692576714, 1004237.779456653050147 ], [ 992419.707807726575993, 1004230.93371209630277 ], [ 992407.889509826665744, 1004217.797756991581991 ] ] ] } },
{ "type": "Feature", "properties": { "element": "way", "id": 1214643055, "addr:city": null, "addr:street": null, "alt_name": null, "brand:wikidata": null, "brand:wikipedia": null, "building": "school", "name": null, "operator": null, "shop": null, "amenity": null, "check_date": null, "denomination": null, "religion": null, "building:levels": null, "source": null, "addr:housenumber": null, "phone": null, "layer": null, "addr:unit": null, "healthcare": null, "addr:postcode": null, "operator:wikidata": null, "waste": null, "building:flats": null, "community_centre": null, "healthcare:speciality": null, "type": null, "bus": null, "internet_access": null, "public_transport": null, "wheelchair": null, "wikidata": null, "wikipedia": null, "network": null }, "geometry": { "type": "Polygon", "coordinates": [ [ [ 992358.823194774566218, 1004325.199362811166793 ], [ 992355.794400866958313, 1004328.870966451242566 ], [ 992362.44130264269188, 1004334.266703320201486 ], [ 992365.470096646691673, 1004330.595099932164885 ], [ 992358.823194774566218, 1004325.199362811166793 ] ] ] } },
{ "type": "Feature", "properties": { "element": "way", "id": 1214643056, "addr:city": null, "addr:street": null, "alt_name": null, "brand:wikidata": null, "brand:wikipedia": null, "building": "school", "name": null, "operator": null, "shop": null, "amenity": null, "check_date": null, "denomination": null, "religion": null, "building:levels": null, "source": null, "addr:housenumber": null, "phone": null, "layer": null, "addr:unit": null, "healthcare": null, "addr:postcode": null, "operator:wikidata": null, "waste": null, "building:flats": null, "community_centre": null, "healthcare:speciality": null, "type": null, "bus": null, "internet_access": null, "public_transport": null, "wheelchair": null, "wikidata": null, "wikipedia": null, "network": null }, "geometry": { "type": "Polygon", "coordinates": [ [ [ 992286.736961405840702, 1004243.796217632829212 ], [ 992284.739845077041537, 1004245.101276406785473 ], [ 992283.741628550225869, 1004249.237126412452199 ], [ 992284.71822384337429, 1004250.917871075100265 ], [ 992282.798773993737996, 1004252.178689645021223 ], [ 992281.800557665410452, 1004256.314539685845375 ], [ 992282.976910928846337, 1004258.338067717500962 ], [ 992287.149030194734223, 1004259.343951242626645 ], [ 992289.323686576681212, 1004258.116282246075571 ], [ 992289.700787712470628, 1004256.523870141594671 ], [ 992294.172488156356849, 1004257.474433877388947 ], [ 992296.34714469849132, 1004256.246765077812597 ], [ 992297.345360705628991, 1004252.099857072578743 ], [ 992295.980371533427387, 1004249.998940178658813 ], [ 992298.132824801607057, 1004248.649633840774186 ], [ 992299.131042088731192, 1004244.513784029521048 ], [ 992297.766052834689617, 1004242.412867107545026 ], [ 992293.593933901633136, 1004241.418041172903031 ], [ 992291.607912118895911, 1004242.712040521670133 ], [ 992291.097714345552959, 1004244.846315525239334 ], [ 992286.736961405840702, 1004243.796217632829212 ] ] ] } },
{ "type": "Feature", "properties": { "element": "way", "id": 1214643057, "addr:city": null, "addr:street": null, "alt_name": null, "brand:wikidata": null, "brand:wikipedia": null, "building": "school", "name": null, "operator": null, "shop": null, "amenity": null, "check_date": null, "denomination": null, "religion": null, "building:levels": null, "source": null, "addr:housenumber": null, "phone": null, "layer": null, "addr:unit": null, "healthcare": null, "addr:postcode": null, "operator:wikidata": null, "waste": null, "building:flats": null, "community_centre": null, "healthcare:speciality": null, "type": null, "bus": null, "internet_access": null, "public_transport": null, "wheelchair": null, "wikidata": null, "wikipedia": null, "network": null }, "geometry": { "type": "Polygon", "coordinates": [ [ [ 992321.166617312585004, 1004237.478640209534205 ], [ 992358.27320141531527, 1004260.343303675181232 ], [ 992347.012718636076897, 1004278.369200060493313 ], [ 992318.095332232303917, 1004260.546263166703284 ], [ 992320.724625408998691, 1004256.332847269950435 ], [ 992312.53543143637944, 1004251.280067548737861 ], [ 992321.166617312585004, 1004237.478640209534205 ] ] ] } },
{ "type": "Feature", "properties": { "element": "way", "id": 1227557450, "addr:city": null, "addr:street": null, "alt_name": null, "brand:wikidata": null, "brand:wikipedia": null, "building": "yes", "name": null, "operator": null, "shop": null, "amenity": null, "check_date": null, "denomination": null, "religion": null, "building:levels": null, "source": null, "addr:housenumber": null, "phone": null, "layer": null, "addr:unit": null, "healthcare": null, "addr:postcode": null, "operator:wikidata": null, "waste": null, "building:flats": null, "community_centre": null, "healthcare:speciality": null, "type": null, "bus": null, "internet_access": null, "public_transport": null, "wheelchair": null, "wikidata": null, "wikipedia": null, "network": null }, "geometry": { "type": "Polygon", "coordinates": [ [ [ 993108.264610602869652, 1003928.1975299755577 ], [ 993138.014550086809322, 1003950.919446379411966 ], [ 993145.482007848913781, 1003950.421178728225641 ], [ 993147.347346070921049, 1003964.630749610485509 ], [ 993134.187707767472602, 1003964.941524647641927 ], [ 993124.589255412807688, 1003958.628153997240588 ], [ 993122.869625278981403, 1003961.204855070100166 ], [ 993106.624381498550065, 1003950.535153165925294 ], [ 993109.520014730049297, 1003946.177985328133218 ], [ 993100.321031688596122, 1003940.129978444892913 ], [ 993108.264610602869652, 1003928.1975299755577 ] ] ] } },
{ "type": "Feature", "properties": { "element": "way", "id": 1259002942, "addr:city": null, "addr:street": null, "alt_name": null, "brand:wikidata": null, "brand:wikipedia": null, "building": "yes", "name": null, "operator": null, "shop": null, "amenity": null, "check_date": null, "denomination": null, "religion": null, "building:levels": null, "source": null, "addr:housenumber": null, "phone": null, "layer": null, "addr:unit": null, "healthcare": null, "addr:postcode": null, "operator:wikidata": null, "waste": null, "building:flats": null, "community_centre": null, "healthcare:speciality": null, "type": null, "bus": null, "internet_access": null, "public_transport": null, "wheelchair": null, "wikidata": null, "wikipedia": null, "network": null }, "geometry": { "type": "Polygon", "coordinates": [ [ [ 993323.643443024018779, 1004420.665116629214026 ], [ 993320.036202457500622, 1004407.550446148496121 ], [ 993330.477088020183146, 1004404.718671394861303 ], [ 993334.073231188463978, 1004417.833343264181167 ], [ 993323.643443024018779, 1004420.665116629214026 ] ] ] } },
{ "type": "Feature", "properties": { "element": "way", "id": 1302520492, "addr:city": null, "addr:street": null, "alt_name": null, "brand:wikidata": null, "brand:wikipedia": null, "building": "yes", "name": null, "operator": null, "shop": null, "amenity": null, "check_date": null, "denomination": null, "religion": null, "building:levels": null, "source": null, "addr:housenumber": null, "phone": null, "layer": null, "addr:unit": null, "healthcare": null, "addr:postcode": null, "operator:wikidata": null, "waste": null, "building:flats": null, "community_centre": null, "healthcare:speciality": null, "type": null, "bus": null, "internet_access": null, "public_transport": null, "wheelchair": null, "wikidata": null, "wikipedia": null, "network": null }, "geometry": { "type": "Polygon", "coordinates": [ [ [ 993866.458813214791007, 1005402.928288915776648 ], [ 993836.327052420238033, 1005453.665492124622688 ], [ 993852.638373508234508, 1005463.218464242294431 ], [ 993882.747948900680058, 1005412.470210820785724 ], [ 993866.458813214791007, 1005402.928288915776648 ] ] ] } },
{ "type": "Feature", "properties": { "element": "way", "id": 1302520493, "addr:city": null, "addr:street": null, "alt_name": null, "brand:wikidata": null, "brand:wikipedia": null, "building": "yes", "name": null, "operator": null, "shop": null, "amenity": null, "check_date": null, "denomination": null, "religion": null, "building:levels": null, "source": null, "addr:housenumber": null, "phone": null, "layer": null, "addr:unit": null, "healthcare": null, "addr:postcode": null, "operator:wikidata": null, "waste": null, "building:flats": null, "community_centre": null, "healthcare:speciality": null, "type": null, "bus": null, "internet_access": null, "public_transport": null, "wheelchair": null, "wikidata": null, "wikipedia": null, "network": null }, "geometry": { "type": "Polygon", "coordinates": [ [ [ 993877.102847841451876, 1005445.501377957174554 ], [ 993867.184581607114524, 1005461.193682878511027 ], [ 993887.679198632482439, 1005473.964260383276269 ], [ 993897.58637252158951, 1005458.28301705350168 ], [ 993877.102847841451876, 1005445.501377957174554 ] ] ] } },
{ "type": "Feature", "properties": { "element": "way", "id": 1302520494, "addr:city": null, "addr:street": null, "alt_name": null, "brand:wikidata": null, "brand:wikipedia": null, "building": "yes", "name": null, "operator": null, "shop": null, "amenity": null, "check_date": null, "denomination": null, "religion": null, "building:levels": null, "source": null, "addr:housenumber": null, "phone": null, "layer": null, "addr:unit": null, "healthcare": null, "addr:postcode": null, "operator:wikidata": null, "waste": null, "building:flats": null, "community_centre": null, "healthcare:speciality": null, "type": null, "bus": null, "internet_access": null, "public_transport": null, "wheelchair": null, "wikidata": null, "wikipedia": null, "network": null }, "geometry": { "type": "Polygon", "coordinates": [ [ [ 993891.380989423603751, 1005420.663635845296085 ], [ 993882.749559485120699, 1005433.13791363267228 ], [ 993901.125463407952338, 1005452.952708351192996 ], [ 993910.234030116349459, 1005440.788024020730518 ], [ 993891.380989423603751, 1005420.663635845296085 ] ] ] } },
{ "type": "Feature", "properties": { "element": "way", "id": 1302520495, "addr:city": null, "addr:street": null, "alt_name": null, "brand:wikidata": null, "brand:wikipedia": null, "building": "yes", "name": null, "operator": null, "shop": null, "amenity": null, "check_date": null, "denomination": null, "religion": null, "building:levels": null, "source": null, "addr:housenumber": null, "phone": null, "layer": null, "addr:unit": null, "healthcare": null, "addr:postcode": null, "operator:wikidata": null, "waste": null, "building:flats": null, "community_centre": null, "healthcare:speciality": null, "type": null, "bus": null, "internet_access": null, "public_transport": null, "wheelchair": null, "wikidata": null, "wikipedia": null, "network": null }, "geometry": { "type": "Polygon", "coordinates": [ [ [ 993884.007000900572166, 1005479.792197367176414 ], [ 993844.893996535567567, 1005467.940905975876376 ], [ 993837.039408345823176, 1005482.140201332746074 ], [ 993874.743262896197848, 1005493.99159874022007 ], [ 993884.007000900572166, 1005479.792197367176414 ] ] ] } },
{ "type": "Feature", "properties": { "element": "way", "id": 1302520496, "addr:city": null, "addr:street": null, "alt_name": null, "brand:wikidata": null, "brand:wikipedia": null, "building": "yes", "name": null, "operator": null, "shop": null, "amenity": null, "check_date": null, "denomination": null, "religion": null, "building:levels": null, "source": null, "addr:housenumber": null, "phone": null, "layer": null, "addr:unit": null, "healthcare": null, "addr:postcode": null, "operator:wikidata": null, "waste": null, "building:flats": null, "community_centre": null, "healthcare:speciality": null, "type": null, "bus": null, "internet_access": null, "public_transport": null, "wheelchair": null, "wikidata": null, "wikipedia": null, "network": null }, "geometry": { "type": "Polygon", "coordinates": [ [ [ 993905.386301245889626, 1005454.456287312670611 ], [ 993882.254690435598604, 1005490.032191190752201 ], [ 993890.743266034754924, 1005495.483203486306593 ], [ 993900.472962778294459, 1005480.509696537046693 ], [ 993896.544915866339579, 1005477.988741143606603 ], [ 993909.935735904378816, 1005457.386346889776178 ], [ 993905.386301245889626, 1005454.456287312670611 ] ] ] } },
{ "type": "Feature", "properties": { "element": "way", "id": 1302520497, "addr:city": null, "addr:street": null, "alt_name": null, "brand:wikidata": null, "brand:wikipedia": null, "building": "yes", "name": null, "operator": null, "shop": null, "amenity": null, "check_date": null, "denomination": null, "religion": null, "building:levels": null, "source": null, "addr:housenumber": null, "phone": null, "layer": null, "addr:unit": null, "healthcare": null, "addr:postcode": null, "operator:wikidata": null, "waste": null, "building:flats": null, "community_centre": null, "healthcare:speciality": null, "type": null, "bus": null, "internet_access": null, "public_transport": null, "wheelchair": null, "wikidata": null, "wikipedia": null, "network": null }, "geometry": { "type": "Polygon", "coordinates": [ [ [ 993911.805882234824821, 1005392.729134606663138 ], [ 993896.406934286933392, 1005415.819770391797647 ], [ 993912.752202050178312, 1005433.87647807225585 ], [ 993919.486783759784885, 1005427.860316543024965 ], [ 993917.800103001762182, 1005425.991618008352816 ], [ 993921.439217549865134, 1005422.729178646812215 ], [ 993919.85240598639939, 1005420.9710539461812 ], [ 993922.259992091800086, 1005418.825584281934425 ], [ 993919.34159146330785, 1005415.607885456527583 ], [ 993926.619824525085278, 1005409.116181563818827 ], [ 993911.805882234824821, 1005392.729134606663138 ] ] ] } },
{ "type": "Feature", "properties": { "element": "way", "id": 1322004629, "addr:city": null, "addr:street": null, "alt_name": null, "brand:wikidata": null, "brand:wikipedia": null, "building": "yes", "name": null, "operator": null, "shop": null, "amenity": "community_centre", "check_date": null, "denomination": null, "religion": null, "building:levels": null, "source": null, "addr:housenumber": null, "phone": null, "layer": null, "addr:unit": null, "healthcare": null, "addr:postcode": null, "operator:wikidata": null, "waste": null, "building:flats": null, "community_centre": "community_hall", "healthcare:speciality": null, "type": null, "bus": null, "internet_access": null, "public_transport": null, "wheelchair": null, "wikidata": null, "wikipedia": null, "network": null }, "geometry": { "type": "Polygon", "coordinates": [ [ [ 993285.940047108568251, 1004681.110101062455215 ], [ 993284.452839429723099, 1004676.675905946060084 ], [ 993290.411074519739486, 1004674.607521282159723 ], [ 993291.898306431947276, 1004679.329228661954403 ], [ 993285.940047108568251, 1004681.110101062455215 ] ] ] } },
{ "type": "Feature", "properties": { "element": "way", "id": 1322004630, "addr:city": null, "addr:street": null, "alt_name": null, "brand:wikidata": null, "brand:wikipedia": null, "building": "yes", "name": null, "operator": null, "shop": null, "amenity": "community_centre", "check_date": null, "denomination": null, "religion": null, "building:levels": null, "source": null, "addr:housenumber": null, "phone": null, "layer": null, "addr:unit": null, "healthcare": null, "addr:postcode": null, "operator:wikidata": null, "waste": null, "building:flats": null, "community_centre": "community_hall", "healthcare:speciality": null, "type": null, "bus": null, "internet_access": null, "public_transport": null, "wheelchair": null, "wikidata": null, "wikipedia": null, "network": null }, "geometry": { "type": "Polygon", "coordinates": [ [ [ 993342.493896280415356, 1004667.802325050812215 ], [ 993340.40739606495481, 1004661.886386266211048 ], [ 993346.953657425008714, 1004659.220815490931273 ], [ 993349.33974219369702, 1004665.136729095247574 ], [ 993342.493896280415356, 1004667.802325050812215 ] ] ] } },
{ "type": "Feature", "properties": { "element": "way", "id": 1332525984, "addr:city": null, "addr:street": null, "alt_name": null, "brand:wikidata": null, "brand:wikipedia": null, "building": "school", "name": null, "operator": null, "shop": null, "amenity": null, "check_date": null, "denomination": null, "religion": null, "building:levels": "1", "source": null, "addr:housenumber": null, "phone": null, "layer": null, "addr:unit": null, "healthcare": null, "addr:postcode": null, "operator:wikidata": null, "waste": null, "building:flats": null, "community_centre": null, "healthcare:speciality": null, "type": null, "bus": null, "internet_access": null, "public_transport": null, "wheelchair": null, "wikidata": null, "wikipedia": null, "network": null }, "geometry": { "type": "Polygon", "coordinates": [ [ [ 992798.418294967501424, 1004953.880682127200998 ], [ 992799.548311363090761, 1004934.838424203335308 ], [ 992820.752301794243976, 1004935.953358272672631 ], [ 992820.520848090876825, 1004952.982948295539245 ], [ 992813.086728824302554, 1004952.983627942041494 ], [ 992812.853924454539083, 1004955.228456051787362 ], [ 992805.863571631605737, 1004954.554547931649722 ], [ 992805.863407605560496, 1004952.763125757221133 ], [ 992798.418294967501424, 1004953.880682127200998 ] ] ] } },
{ "type": "Feature", "properties": { "element": "way", "id": 1455197150, "addr:city": null, "addr:street": null, "alt_name": null, "brand:wikidata": null, "brand:wikipedia": null, "building": "bus_station", "name": "Plataforma Alimentadores 2", "operator": null, "shop": null, "amenity": null, "check_date": null, "denomination": null, "religion": null, "building:levels": null, "source": null, "addr:housenumber": null, "phone": null, "layer": "-1", "addr:unit": null, "healthcare": null, "addr:postcode": null, "operator:wikidata": null, "waste": null, "building:flats": null, "community_centre": null, "healthcare:speciality": null, "type": null, "bus": null, "internet_access": null, "public_transport": null, "wheelchair": null, "wikidata": null, "wikipedia": null, "network": null }, "geometry": { "type": "Polygon", "coordinates": [ [ [ 992442.869408492813818, 1003932.781375896069221 ], [ 992328.139376655570231, 1003943.131851784419268 ], [ 992327.261864141561091, 1003933.478163819178008 ], [ 992432.926752213388681, 1003924.676699984585866 ], [ 992442.05856041808147, 1003923.912809810019098 ], [ 992442.869408492813818, 1003932.781375896069221 ] ] ] } },
{ "type": "Feature", "properties": { "element": "way", "id": 1455197152, "addr:city": null, "addr:street": null, "alt_name": null, "brand:wikidata": null, "brand:wikipedia": null, "building": "bridge", "name": null, "operator": null, "shop": null, "amenity": null, "check_date": null, "denomination": null, "religion": null, "building:levels": null, "source": null, "addr:housenumber": null, "phone": null, "layer": "2", "addr:unit": null, "healthcare": null, "addr:postcode": null, "operator:wikidata": null, "waste": null, "building:flats": null, "community_centre": null, "healthcare:speciality": null, "type": null, "bus": null, "internet_access": null, "public_transport": null, "wheelchair": null, "wikidata": null, "wikipedia": null, "network": null }, "geometry": { "type": "Polygon", "coordinates": [ [ [ 992429.69446381914895, 1003889.346191211603582 ], [ 992438.892828908166848, 1003888.350072990171611 ], [ 992442.05856041808147, 1003923.912809810019098 ], [ 992432.926752213388681, 1003924.676699984585866 ], [ 992429.69446381914895, 1003889.346191211603582 ] ] ] } },
{ "type": "Feature", "properties": { "element": "way", "id": 1468761699, "addr:city": null, "addr:street": "Avenida Carrera 80C", "alt_name": null, "brand:wikidata": null, "brand:wikipedia": null, "building": "yes", "name": "Unidad de Atención de salud Abastos", "operator": "Subred Suroriente", "shop": null, "amenity": "doctors", "check_date": null, "denomination": null, "religion": null, "building:levels": null, "source": null, "addr:housenumber": "2 - 40", "phone": null, "layer": null, "addr:unit": null, "healthcare": "doctor", "addr:postcode": null, "operator:wikidata": null, "waste": null, "building:flats": null, "community_centre": null, "healthcare:speciality": "general", "type": null, "bus": null, "internet_access": null, "public_transport": null, "wheelchair": null, "wikidata": null, "wikipedia": null, "network": null }, "geometry": { "type": "Polygon", "coordinates": [ [ [ 991410.078547233249992, 1004029.1375290871365 ], [ 991407.545277466881089, 1003997.810032504145056 ], [ 991401.586795432027429, 1003997.655868854722939 ], [ 991401.297625996638089, 1003991.45227155496832 ], [ 991417.807911488343962, 1003988.486882427707314 ], [ 991416.177612893516198, 1003995.730156269855797 ], [ 991413.492598497541621, 1003997.367057074327022 ], [ 991416.769061283557676, 1004026.626596455695108 ], [ 991421.529077711515129, 1004025.741424588486552 ], [ 991425.56037579709664, 1004057.964469661936164 ], [ 991420.645213732030243, 1004060.630022341152653 ], [ 991410.080709794186987, 1004048.953755356138572 ], [ 991409.636279155500233, 1004043.480013603460975 ], [ 991401.147805966669694, 1004041.999146743793972 ], [ 991400.258847884135321, 1004030.178068549139425 ], [ 991410.078547233249992, 1004029.1375290871365 ] ] ] } },
{ "type": "Feature", "properties": { "element": "way", "id": 1468761704, "addr:city": null, "addr:street": null, "alt_name": null, "brand:wikidata": null, "brand:wikipedia": null, "building": "school", "name": null, "operator": null, "shop": null, "amenity": null, "check_date": null, "denomination": null, "religion": null, "building:levels": null, "source": null, "addr:housenumber": null, "phone": null, "layer": null, "addr:unit": null, "healthcare": null, "addr:postcode": null, "operator:wikidata": null, "waste": null, "building:flats": null, "community_centre": null, "healthcare:speciality": null, "type": null, "bus": null, "internet_access": null, "public_transport": null, "wheelchair": null, "wikidata": null, "wikipedia": null, "network": null }, "geometry": { "type": "Polygon", "coordinates": [ [ [ 991593.712401132681407, 1004112.485185163910501 ], [ 991592.812487842864357, 1004101.703573461971246 ], [ 991603.231386709492654, 1004100.961564336786978 ], [ 991616.477878436911851, 1004082.924290323397145 ], [ 991674.657779598957859, 1004125.337222835398279 ], [ 991671.839863863307983, 1004129.329517378238961 ], [ 991672.428427882143296, 1004133.918592227390036 ], [ 991666.481052816496231, 1004133.764407523558475 ], [ 991648.618417440797202, 1004149.148204205208458 ], [ 991640.739712438546121, 1004142.790597634739242 ], [ 991653.531574737629853, 1004127.562151076854207 ], [ 991646.541255491203628, 1004128.005219226935878 ], [ 991646.085558044724166, 1004120.762171617825516 ], [ 991637.752643974265084, 1004121.205383065971546 ], [ 991637.751874361303635, 1004113.962287167087197 ], [ 991629.718563239905052, 1004114.560281886253506 ], [ 991628.830174165894277, 1004107.759606866864488 ], [ 991622.572192827123217, 1004108.346355327987112 ], [ 991622.427113749668933, 1004100.517192216473632 ], [ 991617.966230070218444, 1004097.1117533526849 ], [ 991608.436431408044882, 1004111.311448663473129 ], [ 991593.712401132681407, 1004112.485185163910501 ] ] ] } },
{ "type": "Feature", "properties": { "element": "way", "id": 1496129517, "addr:city": null, "addr:street": null, "alt_name": null, "brand:wikidata": null, "brand:wikipedia": null, "building": "residential", "name": null, "operator": null, "shop": null, "amenity": null, "check_date": null, "denomination": null, "religion": null, "building:levels": "11", "source": null, "addr:housenumber": null, "phone": null, "layer": null, "addr:unit": null, "healthcare": null, "addr:postcode": null, "operator:wikidata": null, "waste": null, "building:flats": null, "community_centre": null, "healthcare:speciality": null, "type": null, "bus": null, "internet_access": null, "public_transport": null, "wheelchair": null, "wikidata": null, "wikipedia": null, "network": null }, "geometry": { "type": "Polygon", "coordinates": [ [ [ 993717.5535255712457, 1005656.857571084867232 ], [ 993751.870282070478424, 1005632.593223759206012 ], [ 993761.047363618970849, 1005645.397844951367006 ], [ 993726.73061086400412, 1005669.673246538732201 ], [ 993717.5535255712457, 1005656.857571084867232 ] ] ] } },
{ "type": "Feature", "properties": { "element": "way", "id": 1496129518, "addr:city": null, "addr:street": null, "alt_name": null, "brand:wikidata": null, "brand:wikipedia": null, "building": "residential", "name": null, "operator": null, "shop": null, "amenity": null, "check_date": null, "denomination": null, "religion": null, "building:levels": "11", "source": null, "addr:housenumber": null, "phone": null, "layer": null, "addr:unit": null, "healthcare": null, "addr:postcode": null, "operator:wikidata": null, "waste": null, "building:flats": null, "community_centre": null, "healthcare:speciality": null, "type": null, "bus": null, "internet_access": null, "public_transport": null, "wheelchair": null, "wikidata": null, "wikipedia": null, "network": null }, "geometry": { "type": "Polygon", "coordinates": [ [ [ 993682.182805651798844, 1005682.327358360402286 ], [ 993716.510634880629368, 1005658.051936086732894 ], [ 993725.68772020644974, 1005670.867611422901973 ], [ 993691.35989295609761, 1005695.131971632712521 ], [ 993682.182805651798844, 1005682.327358360402286 ] ] ] } },
{ "type": "Feature", "properties": { "element": "way", "id": 1496129519, "addr:city": null, "addr:street": null, "alt_name": null, "brand:wikidata": null, "brand:wikipedia": null, "building": "residential", "name": null, "operator": null, "shop": null, "amenity": null, "check_date": null, "denomination": null, "religion": null, "building:levels": "12", "source": null, "addr:housenumber": null, "phone": null, "layer": null, "addr:unit": null, "healthcare": null, "addr:postcode": null, "operator:wikidata": null, "waste": null, "building:flats": null, "community_centre": null, "healthcare:speciality": null, "type": null, "bus": null, "internet_access": null, "public_transport": null, "wheelchair": null, "wikidata": null, "wikipedia": null, "network": null }, "geometry": { "type": "Polygon", "coordinates": [ [ [ 993644.89229347568471, 1005704.369287226116285 ], [ 993681.617054943810217, 1005683.875546612078324 ], [ 993689.37397821736522, 1005697.575985170784406 ], [ 993652.638125636614859, 1005718.069723177351989 ], [ 993644.89229347568471, 1005704.369287226116285 ] ] ] } },
{ "type": "Feature", "properties": { "element": "way", "id": 1496129520, "addr:city": null, "addr:street": null, "alt_name": null, "brand:wikidata": null, "brand:wikipedia": null, "building": "residential", "name": "Pratto torre 5-6", "operator": null, "shop": null, "amenity": null, "check_date": null, "denomination": null, "religion": null, "building:levels": "12", "source": null, "addr:housenumber": null, "phone": null, "layer": null, "addr:unit": null, "healthcare": null, "addr:postcode": null, "operator:wikidata": null, "waste": null, "building:flats": null, "community_centre": null, "healthcare:speciality": null, "type": null, "bus": null, "internet_access": null, "public_transport": null, "wheelchair": null, "wikidata": null, "wikipedia": null, "network": null }, "geometry": { "type": "Polygon", "coordinates": [ [ [ 993646.642537921201438, 1005669.060433670994826 ], [ 993680.959267489961348, 1005644.796054922509938 ], [ 993690.136359310825355, 1005657.600667985039763 ], [ 993655.819633496110328, 1005681.876100995228626 ], [ 993646.642537921201438, 1005669.060433670994826 ] ] ] } },
{ "type": "Feature", "properties": { "element": "way", "id": 1496129521, "addr:city": null, "addr:street": null, "alt_name": null, "brand:wikidata": null, "brand:wikipedia": null, "building": "residential", "name": "Pratto torre 7-8", "operator": null, "shop": null, "amenity": null, "check_date": null, "denomination": null, "religion": null, "building:levels": "12", "source": null, "addr:housenumber": null, "phone": null, "layer": null, "addr:unit": null, "healthcare": null, "addr:postcode": null, "operator:wikidata": null, "waste": null, "building:flats": null, "community_centre": null, "healthcare:speciality": null, "type": null, "bus": null, "internet_access": null, "public_transport": null, "wheelchair": null, "wikidata": null, "wikipedia": null, "network": null }, "geometry": { "type": "Polygon", "coordinates": [ [ [ 993685.796638087369502, 1005640.925308811711147 ], [ 993720.113391082035378, 1005616.649889499531128 ], [ 993729.290479689254425, 1005629.454507011338137 ], [ 993694.973729555378668, 1005653.729922423139215 ], [ 993685.796638087369502, 1005640.925308811711147 ] ] ] } },
{ "type": "Feature", "properties": { "element": "way", "id": 1496129522, "addr:city": null, "addr:street": null, "alt_name": null, "brand:wikidata": null, "brand:wikipedia": null, "building": "residential", "name": null, "operator": null, "shop": null, "amenity": null, "check_date": null, "denomination": null, "religion": null, "building:levels": "11", "source": null, "addr:housenumber": null, "phone": null, "layer": null, "addr:unit": null, "healthcare": null, "addr:postcode": null, "operator:wikidata": null, "waste": null, "building:flats": null, "community_centre": null, "healthcare:speciality": null, "type": null, "bus": null, "internet_access": null, "public_transport": null, "wheelchair": null, "wikidata": null, "wikipedia": null, "network": null }, "geometry": { "type": "Polygon", "coordinates": [ [ [ 993547.454129147459753, 1005609.962651074281894 ], [ 993574.835481202346273, 1005578.157130307750776 ], [ 993586.863959051785059, 1005588.384946229634807 ], [ 993559.482605795725249, 1005620.190462866099551 ], [ 993547.454129147459753, 1005609.962651074281894 ] ] ] } },
{ "type": "Feature", "properties": { "element": "way", "id": 1496129523, "addr:city": null, "addr:street": null, "alt_name": null, "brand:wikidata": null, "brand:wikipedia": null, "building": "residential", "name": null, "operator": null, "shop": null, "amenity": null, "check_date": null, "denomination": null, "religion": null, "building:levels": "11", "source": null, "addr:housenumber": null, "phone": null, "layer": null, "addr:unit": null, "healthcare": null, "addr:postcode": null, "operator:wikidata": null, "waste": null, "building:flats": null, "community_centre": null, "healthcare:speciality": null, "type": null, "bus": null, "internet_access": null, "public_transport": null, "wheelchair": null, "wikidata": null, "wikipedia": null, "network": null }, "geometry": { "type": "Polygon", "coordinates": [ [ [ 993589.842903931625187, 1005653.528335657319985 ], [ 993561.069504120619968, 1005622.95487316721119 ], [ 993572.63024432619568, 1005612.21644997142721 ], [ 993601.403643462923355, 1005642.789916609763168 ], [ 993589.842903931625187, 1005653.528335657319985 ] ] ] } },
{ "type": "Feature", "properties": { "element": "way", "id": 1496129524, "addr:city": null, "addr:street": null, "alt_name": null, "brand:wikidata": null, "brand:wikipedia": null, "building": "residential", "name": null, "operator": null, "shop": null, "amenity": null, "check_date": null, "denomination": null, "religion": null, "building:levels": "11", "source": null, "addr:housenumber": null, "phone": null, "layer": null, "addr:unit": null, "healthcare": null, "addr:postcode": null, "operator:wikidata": null, "waste": null, "building:flats": null, "community_centre": null, "healthcare:speciality": null, "type": null, "bus": null, "internet_access": null, "public_transport": null, "wheelchair": null, "wikidata": null, "wikipedia": null, "network": null }, "geometry": { "type": "Polygon", "coordinates": [ [ [ 993622.14487579301931, 1005686.501142942928709 ], [ 993593.371500647859648, 1005655.927668656338938 ], [ 993604.932240298017859, 1005645.189250123687088 ], [ 993633.705614770879038, 1005675.762728558620438 ], [ 993622.14487579301931, 1005686.501142942928709 ] ] ] } },
{ "type": "Feature", "properties": { "element": "way", "id": 1496129525, "addr:city": null, "addr:street": null, "alt_name": null, "brand:wikidata": null, "brand:wikipedia": null, "building": "residential", "name": null, "operator": null, "shop": null, "amenity": null, "check_date": null, "denomination": null, "religion": null, "building:levels": "11", "source": null, "addr:housenumber": null, "phone": null, "layer": null, "addr:unit": null, "healthcare": null, "addr:postcode": null, "operator:wikidata": null, "waste": null, "building:flats": null, "community_centre": null, "healthcare:speciality": null, "type": null, "bus": null, "internet_access": null, "public_transport": null, "wheelchair": null, "wikidata": null, "wikipedia": null, "network": null }, "geometry": { "type": "Polygon", "coordinates": [ [ [ 993638.91917805315461, 1005658.898608459625393 ], [ 993610.14579953381326, 1005628.325128193362616 ], [ 993621.717641169088893, 1005617.586711385054514 ], [ 993650.479923411738127, 1005648.160196701413952 ], [ 993638.91917805315461, 1005658.898608459625393 ] ] ] } },
{ "type": "Feature", "properties": { "element": "way", "id": 1496129526, "addr:city": null, "addr:street": null, "alt_name": null, "brand:wikidata": null, "brand:wikipedia": null, "building": "residential", "name": null, "operator": null, "shop": null, "amenity": null, "check_date": null, "denomination": null, "religion": null, "building:levels": "11", "source": null, "addr:housenumber": null, "phone": null, "layer": null, "addr:unit": null, "healthcare": null, "addr:postcode": null, "operator:wikidata": null, "waste": null, "building:flats": null, "community_centre": null, "healthcare:speciality": null, "type": null, "bus": null, "internet_access": null, "public_transport": null, "wheelchair": null, "wikidata": null, "wikipedia": null, "network": null }, "geometry": { "type": "Polygon", "coordinates": [ [ [ 993647.569621908711269, 1005607.964013393735513 ], [ 993607.812934832996689, 1005594.100306742242537 ], [ 993613.05995065078605, 1005579.270884344237857 ], [ 993652.816643352154642, 1005593.123535520862788 ], [ 993647.569621908711269, 1005607.964013393735513 ] ] ] } },
{ "type": "Feature", "properties": { "element": "way", "id": 1496129527, "addr:city": null, "addr:street": null, "alt_name": null, "brand:wikidata": null, "brand:wikipedia": null, "building": "residential", "name": null, "operator": null, "shop": null, "amenity": null, "check_date": null, "denomination": null, "religion": null, "building:levels": "11", "source": null, "addr:housenumber": null, "phone": null, "layer": null, "addr:unit": null, "healthcare": null, "addr:postcode": null, "operator:wikidata": null, "waste": null, "building:flats": null, "community_centre": null, "healthcare:speciality": null, "type": null, "bus": null, "internet_access": null, "public_transport": null, "wheelchair": null, "wikidata": null, "wikipedia": null, "network": null }, "geometry": { "type": "Polygon", "coordinates": [ [ [ 993689.068285021814518, 1005621.584320380701683 ], [ 993649.311612409539521, 1005607.720592831377871 ], [ 993654.558634196408093, 1005592.880115080275573 ], [ 993694.315313336439431, 1005606.743845316115767 ], [ 993689.068285021814518, 1005621.584320380701683 ] ] ] } },
{ "type": "Feature", "properties": { "element": "way", "id": 1531766916, "addr:city": null, "addr:street": null, "alt_name": null, "brand:wikidata": null, "brand:wikipedia": null, "building": "garage", "name": null, "operator": null, "shop": null, "amenity": null, "check_date": null, "denomination": null, "religion": null, "building:levels": null, "source": null, "addr:housenumber": null, "phone": null, "layer": null, "addr:unit": null, "healthcare": null, "addr:postcode": null, "operator:wikidata": null, "waste": null, "building:flats": null, "community_centre": null, "healthcare:speciality": null, "type": null, "bus": null, "internet_access": null, "public_transport": null, "wheelchair": null, "wikidata": null, "wikipedia": null, "network": null }, "geometry": { "type": "Polygon", "coordinates": [ [ [ 993634.992539827362634, 1005673.738980473601259 ], [ 993636.900770867010579, 1005671.129099428420886 ], [ 993588.086155770230107, 1005608.941969554754905 ], [ 993592.378880420932546, 1005593.327494136057794 ], [ 993588.805765641620383, 1005589.302615008200519 ], [ 993583.56910292012617, 1005594.986938285059296 ], [ 993576.180143862846307, 1005603.734548978274688 ], [ 993572.374777277931571, 1005608.943254920421168 ], [ 993604.277401534491219, 1005642.756507830577902 ], [ 993634.992539827362634, 1005673.738980473601259 ] ] ] } },
{ "type": "Feature", "properties": { "element": "way", "id": 1531766917, "addr:city": null, "addr:street": null, "alt_name": null, "brand:wikidata": null, "brand:wikipedia": null, "building": "garage", "name": null, "operator": null, "shop": null, "amenity": null, "check_date": null, "denomination": null, "religion": null, "building:levels": null, "source": null, "addr:housenumber": null, "phone": null, "layer": null, "addr:unit": null, "healthcare": null, "addr:postcode": null, "operator:wikidata": null, "waste": null, "building:flats": null, "community_centre": null, "healthcare:speciality": null, "type": null, "bus": null, "internet_access": null, "public_transport": null, "wheelchair": null, "wikidata": null, "wikipedia": null, "network": null }, "geometry": { "type": "Polygon", "coordinates": [ [ [ 993642.858914927113801, 1005668.762169761001132 ], [ 993722.609587267390452, 1005612.712984157493338 ], [ 993733.795279542799108, 1005629.266158389043994 ], [ 993720.470216801157221, 1005638.721952040214092 ], [ 993656.186085895751603, 1005685.558439358370379 ], [ 993654.999277511611581, 1005690.755871540866792 ], [ 993738.322587416623719, 1005633.047688334016129 ], [ 993726.647814805503003, 1005605.546972361975349 ], [ 993690.233998382929713, 1005629.977371532120742 ], [ 993654.752286765724421, 1005655.049086048733443 ], [ 993638.808734871796332, 1005665.223886141320691 ], [ 993642.858914927113801, 1005668.762169761001132 ] ] ] } },
{ "type": "Feature", "properties": { "element": "way", "id": 1536370018, "addr:city": null, "addr:street": null, "alt_name": null, "brand:wikidata": null, "brand:wikipedia": null, "building": "bus_station", "name": null, "operator": null, "shop": null, "amenity": null, "check_date": null, "denomination": null, "religion": null, "building:levels": null, "source": null, "addr:housenumber": null, "phone": null, "layer": null, "addr:unit": null, "healthcare": null, "addr:postcode": null, "operator:wikidata": null, "waste": null, "building:flats": null, "community_centre": null, "healthcare:speciality": null, "type": null, "bus": null, "internet_access": null, "public_transport": null, "wheelchair": null, "wikidata": null, "wikipedia": null, "network": null }, "geometry": { "type": "Polygon", "coordinates": [ [ [ 992296.800609602127224, 1003901.191311858012341 ], [ 992295.712052020826377, 1003889.292838510940783 ], [ 992357.626412622630596, 1003884.233225578558631 ], [ 992369.409836741862819, 1003880.405959526542574 ], [ 992448.655751652200706, 1003873.475911707500927 ], [ 992455.579511208925396, 1003872.922340022167191 ], [ 992456.733470438048244, 1003872.822706027887762 ], [ 992456.689019221812487, 1003872.114988090004772 ], [ 992514.309614267898723, 1003870.295950851519592 ], [ 992524.384322940255515, 1003866.8559061861597 ], [ 992595.69679928990081, 1003860.700831518042833 ], [ 992596.79641285946127, 1003872.654598015826195 ], [ 992525.794605954899453, 1003878.544246551580727 ], [ 992516.796164849423803, 1003881.652443993836641 ], [ 992459.541849224595353, 1003884.599376713857055 ], [ 992459.641887688427232, 1003886.435021585086361 ], [ 992438.892828908166848, 1003888.350072990171611 ], [ 992429.69446381914895, 1003889.346191211603582 ], [ 992423.003729372168891, 1003890.010324368602596 ], [ 992422.7704664102057, 1003887.411679349956103 ], [ 992372.096164381247945, 1003892.083115699468181 ], [ 992362.221167025738396, 1003895.279881135094911 ], [ 992296.800609602127224, 1003901.191311858012341 ] ] ] } }
]
}
